#! /usr/local/bin/vvp
:ivl_version "14.0 (devel)" "(s20251012-139-g6767a0795)";
:ivl_delay_selection "TYPICAL";
:vpi_time_precision - 12;
:vpi_module "/usr/local/lib/ivl/system.vpi";
:vpi_module "/usr/local/lib/ivl/vhdl_sys.vpi";
:vpi_module "/usr/local/lib/ivl/vhdl_textio.vpi";
:vpi_module "/usr/local/lib/ivl/v2005_math.vpi";
:vpi_module "/usr/local/lib/ivl/va_math.vpi";
:vpi_module "/usr/local/lib/ivl/v2009.vpi";
S_0x13f7de400 .scope package, "$unit" "$unit" 2 1;
 .timescale 0 0;
S_0x1383696c0 .scope module, "asyn_fifo" "asyn_fifo" 3 1;
 .timescale 0 0;
    .port_info 0 /INPUT 1 "clk_wr_domain";
    .port_info 1 /INPUT 1 "clk_rd_domain";
    .port_info 2 /INPUT 8 "data_i";
    .port_info 3 /OUTPUT 8 "data_o";
    .port_info 4 /INPUT 1 "wr_valid_i";
    .port_info 5 /INPUT 1 "rd_valid_i";
    .port_info 6 /OUTPUT 1 "empty_o";
    .port_info 7 /OUTPUT 1 "full_o";
    .port_info 8 /OUTPUT 1 "wr_ready_o";
    .port_info 9 /OUTPUT 1 "rd_ready_o";
    .port_info 10 /OUTPUT 1 "almost_empty_o";
    .port_info 11 /OUTPUT 1 "almost_full_o";
    .port_info 12 /INPUT 1 "rst_n";
P_0x13839f990 .param/l "ADDR_OVF_WIDTH" 1 3 32, +C4<000000000000000000000000000000110>;
P_0x13839f9d0 .param/l "ADDR_WIDTH" 0 3 9, +C4<00000000000000000000000000000101>;
P_0x13839fa10 .param/l "ASFIFO_TYPE" 0 3 3, +C4<00000000000000000000000000000000>;
P_0x13839fa50 .param/l "DATA_WIDTH" 0 3 4, +C4<00000000000000000000000000001000>;
P_0x13839fa90 .param/l "FIFO_DEPTH" 0 3 5, +C4<00000000000000000000000000100000>;
P_0x13839fad0 .param/l "NUM_SYNC_FF" 0 3 7, +C4<00000000000000000000000000000010>;
v0x138517090_0 .net "almost_empty_o", 0 0, L_0x1385a67e0;  1 drivers
v0x1385173d0_0 .net "almost_full_o", 0 0, L_0x1385a6130;  1 drivers
o0x1300413c0 .functor BUFZ 1, c4<z>; HiZ drive
v0x1385177b0_0 .net "clk_rd_domain", 0 0, o0x1300413c0;  0 drivers
o0x1300413f0 .functor BUFZ 1, c4<z>; HiZ drive
v0x138517f80_0 .net "clk_wr_domain", 0 0, o0x1300413f0;  0 drivers
o0x130041420 .functor BUFZ 8, c4<zzzzzzzz>; HiZ drive
v0x1385184d0_0 .net "data_i", 7 0, o0x130041420;  0 drivers
v0x13850f150_0 .net "data_o", 7 0, L_0x1385a6460;  1 drivers
v0x13850f870_0 .net "empty_o", 0 0, L_0x1385a6570;  1 drivers
v0x13850ff80_0 .net "full_o", 0 0, L_0x1385a5d60;  1 drivers
v0x13850a4a0_0 .net "rd_ready_o", 0 0, L_0x1385a6730;  1 drivers
o0x130041510 .functor BUFZ 1, c4<z>; HiZ drive
v0x138504fa0_0 .net "rd_valid_i", 0 0, o0x130041510;  0 drivers
o0x130041540 .functor BUFZ 1, c4<z>; HiZ drive
v0x138540d80_0 .net "rst_n", 0 0, o0x130041540;  0 drivers
v0x138540320_0 .net "wr_ready_o", 0 0, L_0x1385a5e50;  1 drivers
o0x1300415a0 .functor BUFZ 1, c4<z>; HiZ drive
v0x13853ef10_0 .net "wr_valid_i", 0 0, o0x1300415a0;  0 drivers
S_0x1384b88d0 .scope generate, "genblk1" "genblk1" 3 38, 3 38 0, S_0x1383696c0;
 .timescale 0 0;
L_0x1385a57d0 .functor AND 1, o0x1300415a0, L_0x1385a5e50, C4<1>, C4<1>;
L_0x1385a5c50 .functor XOR 1, L_0x1385a5ad0, L_0x1385a5bb0, C4<0>, C4<0>;
L_0x1385a5d60 .functor AND 1, L_0x1385a5a30, L_0x1385a5c50, C4<1>, C4<1>;
L_0x1385a5e50 .functor NOT 1, L_0x1385a5d60, C4<0>, C4<0>, C4<0>;
L_0x1385a6460 .functor BUFZ 8, L_0x1385a6270, C4<00000000>, C4<00000000>, C4<00000000>;
L_0x1385a6500 .functor AND 1, o0x130041510, L_0x1385a6730, C4<1>, C4<1>;
L_0x1385a6730 .functor NOT 1, L_0x1385a6570, C4<0>, C4<0>, C4<0>;
v0x1384852c0_0 .net *"_ivl_17", 4 0, L_0x1385a5840;  1 drivers
v0x138484940_0 .net *"_ivl_18", 0 0, L_0x1385a5a30;  1 drivers
L_0x130078010 .functor BUFT 1, C4<000001>, C4<0>, C4<0>, C4<0>;
v0x138483fd0_0 .net/2u *"_ivl_2", 5 0, L_0x130078010;  1 drivers
v0x138483670_0 .net *"_ivl_21", 0 0, L_0x1385a5ad0;  1 drivers
v0x138437150_0 .net *"_ivl_23", 0 0, L_0x1385a5bb0;  1 drivers
v0x138437230_0 .net *"_ivl_24", 0 0, L_0x1385a5c50;  1 drivers
L_0x1300780a0 .functor BUFT 1, C4<00001>, C4<0>, C4<0>, C4<0>;
v0x138437cc0_0 .net/2u *"_ivl_30", 4 0, L_0x1300780a0;  1 drivers
v0x138437da0_0 .net *"_ivl_32", 4 0, L_0x1385a5f40;  1 drivers
v0x138417fd0_0 .net *"_ivl_35", 4 0, L_0x1385a6090;  1 drivers
v0x138418650_0 .net *"_ivl_38", 7 0, L_0x1385a6270;  1 drivers
v0x138418730_0 .net *"_ivl_40", 6 0, L_0x1385a6310;  1 drivers
L_0x1300780e8 .functor BUFT 1, C4<00>, C4<0>, C4<0>, C4<0>;
v0x138418d30_0 .net *"_ivl_43", 1 0, L_0x1300780e8;  1 drivers
L_0x130078058 .functor BUFT 1, C4<000001>, C4<0>, C4<0>, C4<0>;
v0x138418e10_0 .net/2u *"_ivl_6", 5 0, L_0x130078058;  1 drivers
v0x138419410 .array "buffer", 31 0, 7 0;
v0x1384194f0_0 .var "rd_addr", 5 0;
v0x138420850_0 .var "rd_addr_gray", 5 0;
v0x138420ed0_0 .net "rd_addr_gray_nxt", 5 0, L_0x1385a41c0;  1 drivers
v0x138420fb0_0 .net "rd_addr_inc", 5 0, L_0x1385a55f0;  1 drivers
v0x1384215b0_0 .net "rd_addr_map", 4 0, L_0x1385a5730;  1 drivers
v0x138421690 .array "rd_addr_meta", 1 0, 5 0;
v0x13841b5d0_0 .net "rd_addr_stable", 5 0, L_0x1385a31e0;  1 drivers
v0x13841bc00_0 .net "rd_handshake", 0 0, L_0x1385a6500;  1 drivers
v0x1384155d0_0 .var "wr_addr", 5 0;
v0x138415c00_0 .var "wr_addr_gray", 5 0;
v0x138416080_0 .net "wr_addr_gray_nxt", 5 0, L_0x1385a21d0;  1 drivers
v0x13841de90_0 .net "wr_addr_inc", 5 0, L_0x1385a54f0;  1 drivers
v0x13841e4c0_0 .net "wr_addr_map", 4 0, L_0x1385a5690;  1 drivers
v0x1384043c0 .array "wr_addr_meta", 1 0, 5 0;
v0x1384044a0_0 .net "wr_addr_stable", 5 0, L_0x1385a5190;  1 drivers
v0x138516ae0_0 .net "wr_handshake", 0 0, L_0x1385a57d0;  1 drivers
E_0x13845fa50 .event posedge, v0x138517f80_0;
L_0x1385a54f0 .arith/sum 6, v0x1384155d0_0, L_0x130078010;
L_0x1385a55f0 .arith/sum 6, v0x1384194f0_0, L_0x130078058;
L_0x1385a5690 .part v0x1384155d0_0, 0, 5;
L_0x1385a5730 .part v0x1384194f0_0, 0, 5;
L_0x1385a5840 .part L_0x1385a31e0, 0, 5;
L_0x1385a5a30 .cmp/eq 5, L_0x1385a5690, L_0x1385a5840;
L_0x1385a5ad0 .part v0x1384155d0_0, 5, 1;
L_0x1385a5bb0 .part L_0x1385a31e0, 5, 1;
L_0x1385a5f40 .arith/sum 5, L_0x1385a5690, L_0x1300780a0;
L_0x1385a6090 .part L_0x1385a31e0, 0, 5;
L_0x1385a6130 .cmp/eq 5, L_0x1385a5f40, L_0x1385a6090;
L_0x1385a6270 .array/port v0x138419410, L_0x1385a6310;
L_0x1385a6310 .concat [ 5 2 0 0], L_0x1385a5730, L_0x1300780e8;
L_0x1385a6570 .cmp/eq 6, L_0x1385a5190, v0x1384194f0_0;
L_0x1385a67e0 .cmp/eq 6, L_0x1385a55f0, L_0x1385a5190;
S_0x1384b4f90 .scope generate, "MULT_FF_RD_SYNC[0]" "MULT_FF_RD_SYNC[0]" 3 140, 3 140 0, S_0x1384b88d0;
 .timescale 0 0;
P_0x13845b4f0 .param/l "sync_ff_idx" 1 3 140, +C4<00>;
S_0x1384b2b30 .scope generate, "genblk1" "genblk1" 3 141, 3 141 0, S_0x1384b4f90;
 .timescale 0 0;
E_0x138440180/0 .event negedge, v0x138540d80_0;
E_0x138440180/1 .event posedge, v0x138517f80_0;
E_0x138440180 .event/or E_0x138440180/0, E_0x138440180/1;
S_0x1384b2390 .scope generate, "MULT_FF_RD_SYNC[1]" "MULT_FF_RD_SYNC[1]" 3 140, 3 140 0, S_0x1384b88d0;
 .timescale 0 0;
P_0x13f7fef20 .param/l "sync_ff_idx" 1 3 140, +C4<01>;
S_0x1384aea40 .scope generate, "genblk1" "genblk1" 3 141, 3 141 0, S_0x1384b2390;
 .timescale 0 0;
S_0x1384ad610 .scope generate, "MULT_FF_WR_SYNC[0]" "MULT_FF_WR_SYNC[0]" 3 183, 3 183 0, S_0x1384b88d0;
 .timescale 0 0;
P_0x13f7ff2c0 .param/l "sync_ff_idx" 1 3 183, +C4<00>;
S_0x1384ac1e0 .scope generate, "genblk1" "genblk1" 3 184, 3 184 0, S_0x1384ad610;
 .timescale 0 0;
E_0x13f7fb3c0/0 .event negedge, v0x138540d80_0;
E_0x13f7fb3c0/1 .event posedge, v0x1385177b0_0;
E_0x13f7fb3c0 .event/or E_0x13f7fb3c0/0, E_0x13f7fb3c0/1;
S_0x1384aad90 .scope generate, "MULT_FF_WR_SYNC[1]" "MULT_FF_WR_SYNC[1]" 3 183, 3 183 0, S_0x1384b88d0;
 .timescale 0 0;
P_0x13f7fb7d0 .param/l "sync_ff_idx" 1 3 183, +C4<01>;
S_0x1384fc320 .scope generate, "genblk1" "genblk1" 3 184, 3 184 0, S_0x1384aad90;
 .timescale 0 0;
S_0x1384faed0 .scope module, "b2g_rd_domain" "bin2gray_converter" 3 84, 4 1 0, S_0x1384b88d0;
 .timescale -9 -12;
    .port_info 0 /INPUT 6 "bin_i";
    .port_info 1 /OUTPUT 6 "gray_o";
P_0x13f7f94a0 .param/l "DATA_WIDTH" 0 4 3, +C4<000000000000000000000000000000110>;
v0x13f74e2a0_0 .net "bin_i", 5 0, v0x1384194f0_0;  1 drivers
v0x13f73fad0_0 .net "gray_o", 5 0, L_0x1385a41c0;  alias, 1 drivers
L_0x1385a3540 .part v0x1384194f0_0, 0, 1;
L_0x1385a35e0 .part v0x1384194f0_0, 1, 1;
L_0x1385a3770 .part v0x1384194f0_0, 1, 1;
L_0x1385a3890 .part v0x1384194f0_0, 2, 1;
L_0x1385a39a0 .part v0x1384194f0_0, 2, 1;
L_0x1385a3a70 .part v0x1384194f0_0, 3, 1;
L_0x1385a3c20 .part v0x1384194f0_0, 3, 1;
L_0x1385a3e00 .part v0x1384194f0_0, 4, 1;
L_0x1385a3f40 .part v0x1384194f0_0, 4, 1;
L_0x1385a4030 .part v0x1384194f0_0, 5, 1;
LS_0x1385a41c0_0_0 .concat8 [ 1 1 1 1], L_0x1385a3680, L_0x1385a3930, L_0x1385a3b10, L_0x1385a3810;
LS_0x1385a41c0_0_4 .concat8 [ 1 1 0 0], L_0x1385a40d0, L_0x1385a4480;
L_0x1385a41c0 .concat8 [ 4 2 0 0], LS_0x1385a41c0_0_0, LS_0x1385a41c0_0_4;
L_0x1385a4480 .part v0x1384194f0_0, 5, 1;
S_0x1384f9a80 .scope generate, "GRAY_LOGIC_GEN[0]" "GRAY_LOGIC_GEN[0]" 4 14, 4 14 0, S_0x1384faed0;
 .timescale -9 -12;
P_0x13f7f37c0 .param/l "idx" 1 4 14, +C4<00>;
S_0x1384f8630 .scope generate, "genblk1" "genblk1" 4 15, 4 15 0, S_0x1384f9a80;
 .timescale -9 -12;
L_0x1385a3680 .functor XOR 1, L_0x1385a3540, L_0x1385a35e0, C4<0>, C4<0>;
v0x13f785a20_0 .net *"_ivl_0", 0 0, L_0x1385a3540;  1 drivers
v0x13f77a590_0 .net *"_ivl_1", 0 0, L_0x1385a35e0;  1 drivers
v0x138257be0_0 .net *"_ivl_2", 0 0, L_0x1385a3680;  1 drivers
S_0x1384f71e0 .scope generate, "GRAY_LOGIC_GEN[1]" "GRAY_LOGIC_GEN[1]" 4 14, 4 14 0, S_0x1384faed0;
 .timescale -9 -12;
P_0x13f784c70 .param/l "idx" 1 4 14, +C4<01>;
S_0x1384f5db0 .scope generate, "genblk1" "genblk1" 4 15, 4 15 0, S_0x1384f71e0;
 .timescale -9 -12;
L_0x1385a3930 .functor XOR 1, L_0x1385a3770, L_0x1385a3890, C4<0>, C4<0>;
v0x13823d820_0 .net *"_ivl_0", 0 0, L_0x1385a3770;  1 drivers
v0x13846c220_0 .net *"_ivl_1", 0 0, L_0x1385a3890;  1 drivers
v0x13f7d60b0_0 .net *"_ivl_2", 0 0, L_0x1385a3930;  1 drivers
S_0x1384f4980 .scope generate, "GRAY_LOGIC_GEN[2]" "GRAY_LOGIC_GEN[2]" 4 14, 4 14 0, S_0x1384faed0;
 .timescale -9 -12;
P_0x13f78f0e0 .param/l "idx" 1 4 14, +C4<010>;
S_0x1384f3530 .scope generate, "genblk1" "genblk1" 4 15, 4 15 0, S_0x1384f4980;
 .timescale -9 -12;
L_0x1385a3b10 .functor XOR 1, L_0x1385a39a0, L_0x1385a3a70, C4<0>, C4<0>;
v0x13f7d5e70_0 .net *"_ivl_0", 0 0, L_0x1385a39a0;  1 drivers
v0x13f7c9320_0 .net *"_ivl_1", 0 0, L_0x1385a3a70;  1 drivers
v0x13f7c90e0_0 .net *"_ivl_2", 0 0, L_0x1385a3b10;  1 drivers
S_0x1384efaa0 .scope generate, "GRAY_LOGIC_GEN[3]" "GRAY_LOGIC_GEN[3]" 4 14, 4 14 0, S_0x1384faed0;
 .timescale -9 -12;
P_0x13f78c8e0 .param/l "idx" 1 4 14, +C4<011>;
S_0x1384ea920 .scope generate, "genblk1" "genblk1" 4 15, 4 15 0, S_0x1384efaa0;
 .timescale -9 -12;
L_0x1385a3810 .functor XOR 1, L_0x1385a3c20, L_0x1385a3e00, C4<0>, C4<0>;
v0x13f7c0dc0_0 .net *"_ivl_0", 0 0, L_0x1385a3c20;  1 drivers
v0x13f7c0980_0 .net *"_ivl_1", 0 0, L_0x1385a3e00;  1 drivers
v0x13f77af50_0 .net *"_ivl_2", 0 0, L_0x1385a3810;  1 drivers
S_0x1384ecc80 .scope generate, "GRAY_LOGIC_GEN[4]" "GRAY_LOGIC_GEN[4]" 4 14, 4 14 0, S_0x1384faed0;
 .timescale -9 -12;
P_0x13f780a20 .param/l "idx" 1 4 14, +C4<0100>;
S_0x1384f1220 .scope generate, "genblk1" "genblk1" 4 15, 4 15 0, S_0x1384ecc80;
 .timescale -9 -12;
L_0x1385a40d0 .functor XOR 1, L_0x1385a3f40, L_0x1385a4030, C4<0>, C4<0>;
v0x13f77b4e0_0 .net *"_ivl_0", 0 0, L_0x1385a3f40;  1 drivers
v0x13f7795c0_0 .net *"_ivl_1", 0 0, L_0x1385a4030;  1 drivers
v0x13f77a7a0_0 .net *"_ivl_2", 0 0, L_0x1385a40d0;  1 drivers
S_0x1384f0680 .scope generate, "GRAY_LOGIC_GEN[5]" "GRAY_LOGIC_GEN[5]" 4 14, 4 14 0, S_0x1384faed0;
 .timescale -9 -12;
P_0x13f785070 .param/l "idx" 1 4 14, +C4<0101>;
S_0x1384e70a0 .scope generate, "genblk1" "genblk1" 4 15, 4 15 0, S_0x1384f0680;
 .timescale -9 -12;
v0x13f779490_0 .net *"_ivl_0", 0 0, L_0x1385a4480;  1 drivers
S_0x1384e4c40 .scope module, "b2g_wr_domain" "bin2gray_converter" 3 71, 4 1 0, S_0x1384b88d0;
 .timescale -9 -12;
    .port_info 0 /INPUT 6 "bin_i";
    .port_info 1 /OUTPUT 6 "gray_o";
P_0x13f790b90 .param/l "DATA_WIDTH" 0 4 3, +C4<000000000000000000000000000000110>;
v0x1384bb5e0_0 .net "bin_i", 5 0, v0x1384155d0_0;  1 drivers
v0x1384bbb30_0 .net "gray_o", 5 0, L_0x1385a21d0;  alias, 1 drivers
L_0x1385a1500 .part v0x1384155d0_0, 0, 1;
L_0x1385a15a0 .part v0x1384155d0_0, 1, 1;
L_0x1385a1730 .part v0x1384155d0_0, 1, 1;
L_0x1385a1850 .part v0x1384155d0_0, 2, 1;
L_0x1385a19e0 .part v0x1384155d0_0, 2, 1;
L_0x1385a1a80 .part v0x1384155d0_0, 3, 1;
L_0x1385a1c30 .part v0x1384155d0_0, 3, 1;
L_0x1385a1e10 .part v0x1384155d0_0, 4, 1;
L_0x1385a1f50 .part v0x1384155d0_0, 4, 1;
L_0x1385a2040 .part v0x1384155d0_0, 5, 1;
LS_0x1385a21d0_0_0 .concat8 [ 1 1 1 1], L_0x1385a1640, L_0x1385a18f0, L_0x1385a1b20, L_0x1385a17d0;
LS_0x1385a21d0_0_4 .concat8 [ 1 1 0 0], L_0x1385a20e0, L_0x1385a2490;
L_0x1385a21d0 .concat8 [ 4 2 0 0], LS_0x1385a21d0_0_0, LS_0x1385a21d0_0_4;
L_0x1385a2490 .part v0x1384155d0_0, 5, 1;
S_0x1384e44a0 .scope generate, "GRAY_LOGIC_GEN[0]" "GRAY_LOGIC_GEN[0]" 4 14, 4 14 0, S_0x1384e4c40;
 .timescale -9 -12;
P_0x13f77ff60 .param/l "idx" 1 4 14, +C4<00>;
S_0x1384de710 .scope generate, "genblk1" "genblk1" 4 15, 4 15 0, S_0x1384e44a0;
 .timescale -9 -12;
L_0x1385a1640 .functor XOR 1, L_0x1385a1500, L_0x1385a15a0, C4<0>, C4<0>;
v0x13f719f90_0 .net *"_ivl_0", 0 0, L_0x1385a1500;  1 drivers
v0x13f719a80_0 .net *"_ivl_1", 0 0, L_0x1385a15a0;  1 drivers
v0x13f7055a0_0 .net *"_ivl_2", 0 0, L_0x1385a1640;  1 drivers
S_0x1384dd2c0 .scope generate, "GRAY_LOGIC_GEN[1]" "GRAY_LOGIC_GEN[1]" 4 14, 4 14 0, S_0x1384e4c40;
 .timescale -9 -12;
P_0x13f78d2f0 .param/l "idx" 1 4 14, +C4<01>;
S_0x1384dbe70 .scope generate, "genblk1" "genblk1" 4 15, 4 15 0, S_0x1384dd2c0;
 .timescale -9 -12;
L_0x1385a18f0 .functor XOR 1, L_0x1385a1730, L_0x1385a1850, C4<0>, C4<0>;
v0x13f705360_0 .net *"_ivl_0", 0 0, L_0x1385a1730;  1 drivers
v0x138299ef0_0 .net *"_ivl_1", 0 0, L_0x1385a1850;  1 drivers
v0x138298450_0 .net *"_ivl_2", 0 0, L_0x1385a18f0;  1 drivers
S_0x1384daa20 .scope generate, "GRAY_LOGIC_GEN[2]" "GRAY_LOGIC_GEN[2]" 4 14, 4 14 0, S_0x1384e4c40;
 .timescale -9 -12;
P_0x13f780180 .param/l "idx" 1 4 14, +C4<010>;
S_0x1384d95d0 .scope generate, "genblk1" "genblk1" 4 15, 4 15 0, S_0x1384daa20;
 .timescale -9 -12;
L_0x1385a1b20 .functor XOR 1, L_0x1385a19e0, L_0x1385a1a80, C4<0>, C4<0>;
v0x138271ba0_0 .net *"_ivl_0", 0 0, L_0x1385a19e0;  1 drivers
v0x13826b7c0_0 .net *"_ivl_1", 0 0, L_0x1385a1a80;  1 drivers
v0x138246be0_0 .net *"_ivl_2", 0 0, L_0x1385a1b20;  1 drivers
S_0x1384d81a0 .scope generate, "GRAY_LOGIC_GEN[3]" "GRAY_LOGIC_GEN[3]" 4 14, 4 14 0, S_0x1384e4c40;
 .timescale -9 -12;
P_0x13f78cd70 .param/l "idx" 1 4 14, +C4<011>;
S_0x1384d6d70 .scope generate, "genblk1" "genblk1" 4 15, 4 15 0, S_0x1384d81a0;
 .timescale -9 -12;
L_0x1385a17d0 .functor XOR 1, L_0x1385a1c30, L_0x1385a1e10, C4<0>, C4<0>;
v0x13823a3b0_0 .net *"_ivl_0", 0 0, L_0x1385a1c30;  1 drivers
v0x138217230_0 .net *"_ivl_1", 0 0, L_0x1385a1e10;  1 drivers
v0x138216d20_0 .net *"_ivl_2", 0 0, L_0x1385a17d0;  1 drivers
S_0x1384d5920 .scope generate, "GRAY_LOGIC_GEN[4]" "GRAY_LOGIC_GEN[4]" 4 14, 4 14 0, S_0x1384e4c40;
 .timescale -9 -12;
P_0x13f78cee0 .param/l "idx" 1 4 14, +C4<0100>;
S_0x1384d1590 .scope generate, "genblk1" "genblk1" 4 15, 4 15 0, S_0x1384d5920;
 .timescale -9 -12;
L_0x1385a20e0 .functor XOR 1, L_0x1385a1f50, L_0x1385a2040, C4<0>, C4<0>;
v0x1383fed50_0 .net *"_ivl_0", 0 0, L_0x1385a1f50;  1 drivers
v0x1383fee30_0 .net *"_ivl_1", 0 0, L_0x1385a2040;  1 drivers
v0x1383ff560_0 .net *"_ivl_2", 0 0, L_0x1385a20e0;  1 drivers
S_0x1384cf130 .scope generate, "GRAY_LOGIC_GEN[5]" "GRAY_LOGIC_GEN[5]" 4 14, 4 14 0, S_0x1384e4c40;
 .timescale -9 -12;
P_0x13f77db00 .param/l "idx" 1 4 14, +C4<0101>;
S_0x1384ce990 .scope generate, "genblk1" "genblk1" 4 15, 4 15 0, S_0x1384cf130;
 .timescale -9 -12;
v0x1383ffd20_0 .net *"_ivl_0", 0 0, L_0x1385a2490;  1 drivers
S_0x1384c8c00 .scope module, "g2b_rd_domain" "gray2bin_converter" 3 90, 5 1 0, S_0x1384b88d0;
 .timescale -9 -12;
    .port_info 0 /INPUT 6 "gray_i";
    .port_info 1 /OUTPUT 6 "bin_o";
P_0x13f7821e0 .param/l "DATA_WIDTH" 0 5 3, +C4<000000000000000000000000000000110>;
v0x1384d2e00_0 .net "bin_o", 5 0, L_0x1385a5190;  alias, 1 drivers
v0x1384043c0_1 .array/port v0x1384043c0, 1;
v0x1384d3480_0 .net "gray_i", 5 0, v0x1384043c0_1;  1 drivers
L_0x1385a4560 .part v0x1384043c0_1, 0, 1;
L_0x1385a4600 .part L_0x1385a5190, 1, 1;
L_0x1385a47d0 .part v0x1384043c0_1, 1, 1;
L_0x1385a4870 .part L_0x1385a5190, 2, 1;
L_0x1385a4a00 .part v0x1384043c0_1, 2, 1;
L_0x1385a4b50 .part L_0x1385a5190, 3, 1;
L_0x1385a4ce0 .part v0x1384043c0_1, 3, 1;
L_0x1385a4dc0 .part L_0x1385a5190, 4, 1;
L_0x1385a4f50 .part v0x1384043c0_1, 4, 1;
L_0x1385a5040 .part L_0x1385a5190, 5, 1;
LS_0x1385a5190_0_0 .concat8 [ 1 1 1 1], L_0x1385a46e0, L_0x1385a4910, L_0x1385a4c70, L_0x1385a4e60;
LS_0x1385a5190_0_4 .concat8 [ 1 1 0 0], L_0x1385a50e0, L_0x1385a5410;
L_0x1385a5190 .concat8 [ 4 2 0 0], LS_0x1385a5190_0_0, LS_0x1385a5190_0_4;
L_0x1385a5410 .part v0x1384043c0_1, 5, 1;
S_0x1384c77b0 .scope generate, "BIN_LOGIC_GEN[0]" "BIN_LOGIC_GEN[0]" 5 14, 5 14 0, S_0x1384c8c00;
 .timescale -9 -12;
P_0x13f77c970 .param/l "idx" 1 5 14, +C4<00>;
S_0x1384c6360 .scope generate, "genblk1" "genblk1" 5 15, 5 15 0, S_0x1384c77b0;
 .timescale -9 -12;
L_0x1385a46e0 .functor XOR 1, L_0x1385a4560, L_0x1385a4600, C4<0>, C4<0>;
v0x1384bc240_0 .net *"_ivl_0", 0 0, L_0x1385a4560;  1 drivers
v0x1384b6800_0 .net *"_ivl_1", 0 0, L_0x1385a4600;  1 drivers
v0x1384b12f0_0 .net *"_ivl_2", 0 0, L_0x1385a46e0;  1 drivers
S_0x1384c4f10 .scope generate, "BIN_LOGIC_GEN[1]" "BIN_LOGIC_GEN[1]" 5 14, 5 14 0, S_0x1384c8c00;
 .timescale -9 -12;
P_0x13f787230 .param/l "idx" 1 5 14, +C4<01>;
S_0x1384c3ac0 .scope generate, "genblk1" "genblk1" 5 15, 5 15 0, S_0x1384c4f10;
 .timescale -9 -12;
L_0x1385a4910 .functor XOR 1, L_0x1385a47d0, L_0x1385a4870, C4<0>, C4<0>;
v0x1384af4f0_0 .net *"_ivl_0", 0 0, L_0x1385a47d0;  1 drivers
v0x1384ffc50_0 .net *"_ivl_1", 0 0, L_0x1385a4870;  1 drivers
v0x1384ff2f0_0 .net *"_ivl_2", 0 0, L_0x1385a4910;  1 drivers
S_0x1384c2690 .scope generate, "BIN_LOGIC_GEN[2]" "BIN_LOGIC_GEN[2]" 5 14, 5 14 0, S_0x1384c8c00;
 .timescale -9 -12;
P_0x13f781e10 .param/l "idx" 1 5 14, +C4<010>;
S_0x1384c1260 .scope generate, "genblk1" "genblk1" 5 15, 5 15 0, S_0x1384c2690;
 .timescale -9 -12;
L_0x1385a4c70 .functor XOR 1, L_0x1385a4a00, L_0x1385a4b50, C4<0>, C4<0>;
v0x1384fe990_0 .net *"_ivl_0", 0 0, L_0x1385a4a00;  1 drivers
v0x1384fe030_0 .net *"_ivl_1", 0 0, L_0x1385a4b50;  1 drivers
v0x1384fd6a0_0 .net *"_ivl_2", 0 0, L_0x1385a4c70;  1 drivers
S_0x1384bfe10 .scope generate, "BIN_LOGIC_GEN[3]" "BIN_LOGIC_GEN[3]" 5 14, 5 14 0, S_0x1384c8c00;
 .timescale -9 -12;
P_0x13f77f080 .param/l "idx" 1 5 14, +C4<011>;
S_0x1384a3770 .scope generate, "genblk1" "genblk1" 5 15, 5 15 0, S_0x1384bfe10;
 .timescale -9 -12;
L_0x1385a4e60 .functor XOR 1, L_0x1385a4ce0, L_0x1385a4dc0, C4<0>, C4<0>;
v0x1384fcd50_0 .net *"_ivl_0", 0 0, L_0x1385a4ce0;  1 drivers
v0x1384e8910_0 .net *"_ivl_1", 0 0, L_0x1385a4dc0;  1 drivers
v0x1384e8f90_0 .net *"_ivl_2", 0 0, L_0x1385a4e60;  1 drivers
S_0x1384a1f40 .scope generate, "BIN_LOGIC_GEN[4]" "BIN_LOGIC_GEN[4]" 5 14, 5 14 0, S_0x1384c8c00;
 .timescale -9 -12;
P_0x13f78baa0 .param/l "idx" 1 5 14, +C4<0100>;
S_0x1384a1860 .scope generate, "genblk1" "genblk1" 5 15, 5 15 0, S_0x1384a1f40;
 .timescale -9 -12;
L_0x1385a50e0 .functor XOR 1, L_0x1385a4f50, L_0x1385a5040, C4<0>, C4<0>;
v0x1384e3410_0 .net *"_ivl_0", 0 0, L_0x1385a4f50;  1 drivers
v0x1384e2a50_0 .net *"_ivl_1", 0 0, L_0x1385a5040;  1 drivers
v0x1384e0dd0_0 .net *"_ivl_2", 0 0, L_0x1385a50e0;  1 drivers
S_0x13849d940 .scope generate, "BIN_LOGIC_GEN[5]" "BIN_LOGIC_GEN[5]" 5 14, 5 14 0, S_0x1384c8c00;
 .timescale -9 -12;
P_0x13f78aee0 .param/l "idx" 1 5 14, +C4<0101>;
S_0x13849c8a0 .scope generate, "genblk1" "genblk1" 5 15, 5 15 0, S_0x13849d940;
 .timescale -9 -12;
v0x1384df160_0 .net *"_ivl_0", 0 0, L_0x1385a5410;  1 drivers
S_0x13849bd60 .scope module, "g2b_wr_domain" "gray2bin_converter" 3 77, 5 1 0, S_0x1384b88d0;
 .timescale -9 -12;
    .port_info 0 /INPUT 6 "gray_i";
    .port_info 1 /OUTPUT 6 "bin_o";
P_0x13f78a610 .param/l "DATA_WIDTH" 0 5 3, +C4<000000000000000000000000000000110>;
v0x138486590_0 .net "bin_o", 5 0, L_0x1385a31e0;  alias, 1 drivers
v0x138421690_1 .array/port v0x138421690, 1;
v0x138485c20_0 .net "gray_i", 5 0, v0x138421690_1;  1 drivers
L_0x1385a2570 .part v0x138421690_1, 0, 1;
L_0x1385a2610 .part L_0x1385a31e0, 1, 1;
L_0x1385a27e0 .part v0x138421690_1, 1, 1;
L_0x1385a2880 .part L_0x1385a31e0, 2, 1;
L_0x1385a2a10 .part v0x138421690_1, 2, 1;
L_0x1385a2b60 .part L_0x1385a31e0, 3, 1;
L_0x1385a2cf0 .part v0x138421690_1, 3, 1;
L_0x1385a2dd0 .part L_0x1385a31e0, 4, 1;
L_0x1385a2f60 .part v0x138421690_1, 4, 1;
L_0x1385a3050 .part L_0x1385a31e0, 5, 1;
LS_0x1385a31e0_0_0 .concat8 [ 1 1 1 1], L_0x1385a26f0, L_0x1385a2920, L_0x1385a2c80, L_0x1385a2e70;
LS_0x1385a31e0_0_4 .concat8 [ 1 1 0 0], L_0x1385a30f0, L_0x1385a3460;
L_0x1385a31e0 .concat8 [ 4 2 0 0], LS_0x1385a31e0_0_0, LS_0x1385a31e0_0_4;
L_0x1385a3460 .part v0x138421690_1, 5, 1;
S_0x138498420 .scope generate, "BIN_LOGIC_GEN[0]" "BIN_LOGIC_GEN[0]" 5 14, 5 14 0, S_0x13849bd60;
 .timescale -9 -12;
P_0x13f789120 .param/l "idx" 1 5 14, +C4<00>;
S_0x138495fc0 .scope generate, "genblk1" "genblk1" 5 15, 5 15 0, S_0x138498420;
 .timescale -9 -12;
L_0x1385a26f0 .functor XOR 1, L_0x1385a2570, L_0x1385a2610, C4<0>, C4<0>;
v0x1384cd900_0 .net *"_ivl_0", 0 0, L_0x1385a2570;  1 drivers
v0x1384ccf40_0 .net *"_ivl_1", 0 0, L_0x1385a2610;  1 drivers
v0x1384cb2c0_0 .net *"_ivl_2", 0 0, L_0x1385a26f0;  1 drivers
S_0x138495820 .scope generate, "BIN_LOGIC_GEN[1]" "BIN_LOGIC_GEN[1]" 5 14, 5 14 0, S_0x13849bd60;
 .timescale -9 -12;
P_0x13f786600 .param/l "idx" 1 5 14, +C4<01>;
S_0x138491e10 .scope generate, "genblk1" "genblk1" 5 15, 5 15 0, S_0x138495820;
 .timescale -9 -12;
L_0x1385a2920 .functor XOR 1, L_0x1385a27e0, L_0x1385a2880, C4<0>, C4<0>;
v0x1384c9650_0 .net *"_ivl_0", 0 0, L_0x1385a27e0;  1 drivers
v0x1384a5790_0 .net *"_ivl_1", 0 0, L_0x1385a2880;  1 drivers
v0x13849ea70_0 .net *"_ivl_2", 0 0, L_0x1385a2920;  1 drivers
S_0x1384909e0 .scope generate, "BIN_LOGIC_GEN[2]" "BIN_LOGIC_GEN[2]" 5 14, 5 14 0, S_0x13849bd60;
 .timescale -9 -12;
P_0x13f786500 .param/l "idx" 1 5 14, +C4<010>;
S_0x13848f5b0 .scope generate, "genblk1" "genblk1" 5 15, 5 15 0, S_0x1384909e0;
 .timescale -9 -12;
L_0x1385a2c80 .functor XOR 1, L_0x1385a2a10, L_0x1385a2b60, C4<0>, C4<0>;
v0x13849efc0_0 .net *"_ivl_0", 0 0, L_0x1385a2a10;  1 drivers
v0x13849f6d0_0 .net *"_ivl_1", 0 0, L_0x1385a2b60;  1 drivers
v0x138499c90_0 .net *"_ivl_2", 0 0, L_0x1385a2c80;  1 drivers
S_0x13848e160 .scope generate, "BIN_LOGIC_GEN[3]" "BIN_LOGIC_GEN[3]" 5 14, 5 14 0, S_0x13849bd60;
 .timescale -9 -12;
P_0x13f78e490 .param/l "idx" 1 5 14, +C4<011>;
S_0x13848aba0 .scope generate, "genblk1" "genblk1" 5 15, 5 15 0, S_0x13848e160;
 .timescale -9 -12;
L_0x1385a2e70 .functor XOR 1, L_0x1385a2cf0, L_0x1385a2dd0, C4<0>, C4<0>;
v0x13849a310_0 .net *"_ivl_0", 0 0, L_0x1385a2cf0;  1 drivers
v0x138494780_0 .net *"_ivl_1", 0 0, L_0x1385a2dd0;  1 drivers
v0x138493d20_0 .net *"_ivl_2", 0 0, L_0x1385a2e70;  1 drivers
S_0x138488740 .scope generate, "BIN_LOGIC_GEN[4]" "BIN_LOGIC_GEN[4]" 5 14, 5 14 0, S_0x13849bd60;
 .timescale -9 -12;
P_0x13f787b10 .param/l "idx" 1 5 14, +C4<0100>;
S_0x138487fa0 .scope generate, "genblk1" "genblk1" 5 15, 5 15 0, S_0x138488740;
 .timescale -9 -12;
L_0x1385a30f0 .functor XOR 1, L_0x1385a2f60, L_0x1385a3050, C4<0>, C4<0>;
v0x138492910_0 .net *"_ivl_0", 0 0, L_0x1385a2f60;  1 drivers
v0x13848c410_0 .net *"_ivl_1", 0 0, L_0x1385a3050;  1 drivers
v0x13848ca90_0 .net *"_ivl_2", 0 0, L_0x1385a30f0;  1 drivers
S_0x138482290 .scope generate, "BIN_LOGIC_GEN[5]" "BIN_LOGIC_GEN[5]" 5 14, 5 14 0, S_0x13849bd60;
 .timescale -9 -12;
P_0x13f786bd0 .param/l "idx" 1 5 14, +C4<0101>;
S_0x138480e40 .scope generate, "genblk1" "genblk1" 5 15, 5 15 0, S_0x138482290;
 .timescale -9 -12;
v0x138486f10_0 .net *"_ivl_0", 0 0, L_0x1385a3460;  1 drivers
S_0x1383fdbe0 .scope module, "axi4_ctrl" "axi4_ctrl" 6 24;
 .timescale 0 0;
    .port_info 0 /INPUT 1 "clk";
    .port_info 1 /INPUT 1 "rst_n";
    .port_info 2 /INPUT 5 "m_awid_i";
    .port_info 3 /INPUT 32 "m_awaddr_i";
    .port_info 4 /INPUT 2 "m_awburst_i";
    .port_info 5 /INPUT 8 "m_awlen_i";
    .port_info 6 /INPUT 1 "m_awvalid_i";
    .port_info 7 /INPUT 8 "m_wdata_i";
    .port_info 8 /INPUT 1 "m_wlast_i";
    .port_info 9 /INPUT 1 "m_wvalid_i";
    .port_info 10 /INPUT 1 "m_bready_i";
    .port_info 11 /INPUT 5 "m_arid_i";
    .port_info 12 /INPUT 32 "m_araddr_i";
    .port_info 13 /INPUT 8 "m_arlen_i";
    .port_info 14 /INPUT 2 "m_arburst_i";
    .port_info 15 /INPUT 1 "m_arvalid_i";
    .port_info 16 /INPUT 1 "m_rready_i";
    .port_info 17 /INPUT 64 "stat_reg_i";
    .port_info 18 /INPUT 1 "mem_wr_rdy_i";
    .port_info 19 /INPUT 8 "mem_rd_data_i";
    .port_info 20 /INPUT 1 "mem_rd_rdy_i";
    .port_info 21 /INPUT 2 "wr_st_rd_vld_i";
    .port_info 22 /INPUT 16 "rd_st_wr_data_i";
    .port_info 23 /INPUT 2 "rd_st_wr_vld_i";
    .port_info 24 /OUTPUT 1 "m_awready_o";
    .port_info 25 /OUTPUT 1 "m_wready_o";
    .port_info 26 /OUTPUT 5 "m_bid_o";
    .port_info 27 /OUTPUT 2 "m_bresp_o";
    .port_info 28 /OUTPUT 1 "m_bvalid_o";
    .port_info 29 /OUTPUT 1 "m_arready_o";
    .port_info 30 /OUTPUT 5 "m_rid_o";
    .port_info 31 /OUTPUT 8 "m_rdata_o";
    .port_info 32 /OUTPUT 2 "m_rresp_o";
    .port_info 33 /OUTPUT 1 "m_rlast_o";
    .port_info 34 /OUTPUT 1 "m_rvalid_o";
    .port_info 35 /OUTPUT 64 "conf_reg_o";
    .port_info 36 /OUTPUT 8 "mem_wr_data_o";
    .port_info 37 /OUTPUT 10 "mem_wr_addr_o";
    .port_info 38 /OUTPUT 1 "mem_wr_vld_o";
    .port_info 39 /OUTPUT 10 "mem_rd_addr_o";
    .port_info 40 /OUTPUT 1 "mem_rd_vld_o";
    .port_info 41 /OUTPUT 16 "wr_st_rd_data_o";
    .port_info 42 /OUTPUT 2 "wr_st_rd_rdy_o";
    .port_info 43 /OUTPUT 2 "rd_st_wr_rdy_o";
P_0x14800fc00 .param/l "ADDR_W" 0 6 34, +C4<00000000000000000000000000100000>;
P_0x14800fc40 .param/l "AR_INFO_W" 1 6 153, +C4<00000000000000000000000000000101111>;
P_0x14800fc80 .param/l "AW_INFO_W" 1 6 150, +C4<0000000000000000000000000000100111>;
P_0x14800fcc0 .param/l "AXI4_CTRL_CONF" 0 6 27, +C4<00000000000000000000000000000000>;
P_0x14800fd00 .param/l "AXI4_CTRL_MEM" 0 6 29, +C4<00000000000000000000000000000000>;
P_0x14800fd40 .param/l "AXI4_CTRL_RD_ST" 0 6 31, +C4<00000000000000000000000000000000>;
P_0x14800fd80 .param/l "AXI4_CTRL_STAT" 0 6 28, +C4<00000000000000000000000000000000>;
P_0x14800fdc0 .param/l "AXI4_CTRL_WR_ST" 0 6 30, +C4<00000000000000000000000000000000>;
P_0x14800fe00 .param/l "BURST_FIX" 1 6 155, C4<00>;
P_0x14800fe40 .param/l "BURST_INCR" 1 6 156, C4<01>;
P_0x14800fe80 .param/l "B_INFO_W" 1 6 152, +C4<000000000000000000000000000000111>;
P_0x14800fec0 .param/l "CONF_ADDR_W" 0 6 67, +C4<00000000000000000000000000000011>;
P_0x14800ff00 .param/l "CONF_BASE_ADDR" 0 6 40, C4<00100000000000000000000000000000>;
P_0x14800ff40 .param/l "CONF_DATA_W" 0 6 68, C4<0000000000000000000000000000000000000000000000000000000000001000>;
P_0x14800ff80 .param/l "CONF_OFFSET" 0 6 41, C4<00000000000000000000000000000001>;
P_0x14800ffc0 .param/l "CONF_OFFSET_W" 1 6 147, +C4<00000000000000000000000000000000>;
P_0x148010000 .param/l "CONF_REG_NUM" 0 6 42, C4<00000000000000000000000000001000>;
P_0x148010040 .param/l "DATA_W" 0 6 33, +C4<00000000000000000000000000001000>;
P_0x148010080 .param/l "MEM_ADDR_W" 0 6 51, +C4<00000000000000000000000000001010>;
P_0x1480100c0 .param/l "MEM_BASE_ADDR" 0 6 48, C4<00100011000000000000000000000000>;
P_0x148010100 .param/l "MEM_DATA_W" 0 6 50, +C4<00000000000000000000000000001000>;
P_0x148010140 .param/l "MEM_LATENCY" 0 6 53, +C4<00000000000000000000000000000001>;
P_0x148010180 .param/l "MEM_OFFSET" 0 6 49, +C4<00000000000000000000000000000001>;
P_0x1480101c0 .param/l "MEM_SIZE" 0 6 52, +C4<000000000000000000000000000000010000000000>;
P_0x148010200 .param/l "MST_ID_W" 0 6 35, +C4<00000000000000000000000000000101>;
P_0x148010240 .param/l "R_INFO_W" 1 6 154, +C4<00000000000000000000000000000010000>;
P_0x148010280 .param/l "STAT_ADDR_W" 0 6 70, +C4<00000000000000000000000000000011>;
P_0x1480102c0 .param/l "STAT_BASE_ADDR" 0 6 44, C4<00100100000000000000000000000000>;
P_0x148010300 .param/l "STAT_DATA_W" 0 6 71, C4<0000000000000000000000000000000000000000000000000000000000001000>;
P_0x148010340 .param/l "STAT_OFFSET" 0 6 45, C4<00000000000000000000000000000001>;
P_0x148010380 .param/l "STAT_OFFSET_W" 1 6 148, +C4<00000000000000000000000000000000>;
P_0x1480103c0 .param/l "STAT_REG_NUM" 0 6 46, C4<00000000000000000000000000001000>;
P_0x148010400 .param/l "ST_RD_ADDR_W" 0 6 75, +C4<00000000000000000000000000000001>;
P_0x148010440 .param/l "ST_RD_BASE_ADDR" 0 6 60, C4<00100010000000000000000000000000>;
P_0x148010480 .param/l "ST_RD_FIFO_DEPTH" 0 6 63, +C4<00000000000000000000000000000100>;
P_0x1480104c0 .param/l "ST_RD_FIFO_NUM" 0 6 62, C4<00000000000000000000000000000010>;
P_0x148010500 .param/l "ST_RD_OFFSET" 0 6 61, C4<00000000000000000000000000000001>;
P_0x148010540 .param/l "ST_WR_ADDR_W" 0 6 73, +C4<00000000000000000000000000000001>;
P_0x148010580 .param/l "ST_WR_BASE_ADDR" 0 6 55, C4<00100001000000000000000000000000>;
P_0x1480105c0 .param/l "ST_WR_DAT_CNT_W" 1 6 149, +C4<00000000000000000000000000000010>;
P_0x148010600 .param/l "ST_WR_FIFO_DEPTH" 0 6 58, +C4<00000000000000000000000000000100>;
P_0x148010640 .param/l "ST_WR_FIFO_NUM" 0 6 57, C4<00000000000000000000000000000010>;
P_0x148010680 .param/l "ST_WR_OFFSET" 0 6 56, C4<00000000000000000000000000000001>;
P_0x1480106c0 .param/l "TRANS_DATA_LEN_W" 0 6 36, +C4<00000000000000000000000000001000>;
P_0x148010700 .param/l "TRANS_DATA_SIZE_W" 0 6 37, +C4<00000000000000000000000000000011>;
P_0x148010740 .param/l "TRANS_RESP_W" 0 6 38, +C4<00000000000000000000000000000010>;
P_0x148010780 .param/l "W_INFO_W" 1 6 151, +C4<000000000000000000000000000001001>;
L_0x1385a9800 .functor BUFZ 16, v0x138452a60_0, C4<0000000000000000>, C4<0000000000000000>, C4<0000000000000000>;
L_0x1385a9870 .functor AND 1, L_0x1385ae650, L_0x1385a84d0, C4<1>, C4<1>;
L_0x1385a9960 .functor AND 1, L_0x1385a9870, L_0x1385a83c0, C4<1>, C4<1>;
L_0x130079018 .functor BUFT 1, C4<00>, C4<0>, C4<0>, C4<0>;
L_0x1385a99d0 .functor XOR 2, L_0x1385aa690, L_0x130079018, C4<00>, C4<00>;
L_0x130079060 .functor BUFT 1, C4<01>, C4<0>, C4<0>, C4<0>;
L_0x1385a9670 .functor XOR 2, L_0x1385aa690, L_0x130079060, C4<00>, C4<00>;
L_0x1385a9f40 .functor NOT 1, L_0x1385a83c0, C4<0>, C4<0>, C4<0>;
L_0x1385a9bc0 .functor OR 1, L_0x1385a9f40, L_0x1385a84d0, C4<0>, C4<0>;
L_0x1385aa050 .functor AND 1, L_0x1385ae650, L_0x1385a9bc0, C4<1>, C4<1>;
L_0x1385aa220 .functor BUFZ 5, L_0x1385aa890, C4<00000>, C4<00000>, C4<00000>;
L_0x1385aa320 .functor AND 1, L_0x1385ae650, L_0x1385a83c0, C4<1>, C4<1>;
L_0x1385aa7c0 .functor BUFZ 47, v0x138538a10_0, C4<00000000000000000000000000000000000000000000000>, C4<00000000000000000000000000000000000000000000000>, C4<00000000000000000000000000000000000000000000000>;
L_0x1385aab60 .functor BUFZ 39, v0x1384b6e60_0, C4<000000000000000000000000000000000000000>, C4<000000000000000000000000000000000000000>, C4<000000000000000000000000000000000000000>;
L_0x1385aaea0 .functor AND 1, L_0x1385a9060, L_0x1385ab960, C4<1>, C4<1>;
L_0x130078be0 .functor BUFT 1, C4<1>, C4<0>, C4<0>, C4<0>;
L_0x1385aafc0 .functor AND 1, L_0x1385aaea0, L_0x130078be0, C4<1>, C4<1>;
L_0x130078f88 .functor BUFT 1, C4<1>, C4<0>, C4<0>, C4<0>;
L_0x1385ab070 .functor AND 1, L_0x1385aafc0, L_0x130078f88, C4<1>, C4<1>;
L_0x1300790a8 .functor BUFT 1, C4<00>, C4<0>, C4<0>, C4<0>;
L_0x1385aaf30 .functor XOR 2, L_0x1385aa5f0, L_0x1300790a8, C4<00>, C4<00>;
L_0x1300790f0 .functor BUFT 1, C4<01>, C4<0>, C4<0>, C4<0>;
L_0x1385ab300 .functor XOR 2, L_0x1385aa5f0, L_0x1300790f0, C4<00>, C4<00>;
L_0x1385ab810 .functor BUFZ 5, L_0x1385aa410, C4<00000>, C4<00000>, C4<00000>;
L_0x1385ab540 .functor XOR 8, v0x138440210_0, L_0x1385aa4b0, C4<00000000>, C4<00000000>;
L_0x1385ab3d0 .functor AND 1, L_0x1385abb60, L_0x1385a9060, C4<1>, C4<1>;
L_0x1385aba40 .functor AND 1, L_0x1385a8bd0, L_0x130078be0, C4<1>, C4<1>;
L_0x1385abb60 .functor AND 1, L_0x1385aba40, L_0x130078f88, C4<1>, C4<1>;
L_0x1385abda0 .functor OR 1, L_0x1385ab8c0, L_0x1385ab710, C4<0>, C4<0>;
L_0x1385abaf0 .functor OR 1, L_0x1385abda0, L_0x1385abf50, C4<0>, C4<0>;
L_0x1385ac620 .functor AND 8, v0x138440210_0, L_0x1385ab5f0, C4<11111111>, C4<11111111>;
L_0x1385ac8e0 .functor AND 8, v0x138440210_0, L_0x1385ab5f0, C4<11111111>, C4<11111111>;
L_0x1385ad4f0 .functor OR 1, L_0x1385ad320, L_0x1385ad6b0, C4<0>, C4<0>;
L_0x1385ac6d0 .functor OR 1, L_0x1385ad4f0, L_0x1385ad5e0, C4<0>, C4<0>;
L_0x1385ad750 .functor OR 1, L_0x1385ac6d0, L_0x1385ada40, C4<0>, C4<0>;
L_0x1385ad920 .functor OR 1, L_0x1385ad750, L_0x1385ad840, C4<0>, C4<0>;
L_0x1385adbe0 .functor AND 1, v0x13844e7e0_0, L_0x1385a7980, C4<1>, C4<1>;
L_0x1385adc50 .functor NOT 1, L_0x1385ae200, C4<0>, C4<0>, C4<0>;
L_0x130078880 .functor BUFT 1, C4<1>, C4<0>, C4<0>, C4<0>;
L_0x1385adcc0 .functor OR 1, L_0x1385adc50, L_0x130078880, C4<0>, C4<0>;
L_0x1385ae100 .functor AND 1, L_0x1385adbe0, L_0x1385adcc0, C4<1>, C4<1>;
L_0x1385ade90 .functor NOT 1, L_0x1385ae3b0, C4<0>, C4<0>, C4<0>;
L_0x130078f40 .functor BUFT 1, C4<1>, C4<0>, C4<0>, C4<0>;
L_0x1385ae2a0 .functor OR 1, L_0x1385ade90, L_0x130078f40, C4<0>, C4<0>;
L_0x1385ae650 .functor AND 1, L_0x1385ae100, L_0x1385ae2a0, C4<1>, C4<1>;
v0x13844ca00_0 .net *"_ivl_100", 46 0, L_0x1385aa7c0;  1 drivers
v0x13844ca90_0 .net *"_ivl_106", 38 0, L_0x1385aab60;  1 drivers
v0x13844b380_0 .net *"_ivl_111", 0 0, L_0x1385aaea0;  1 drivers
v0x13844b410_0 .net *"_ivl_113", 0 0, L_0x1385aafc0;  1 drivers
v0x138441d70_0 .net/2u *"_ivl_117", 1 0, L_0x1300790a8;  1 drivers
v0x138441e00_0 .net *"_ivl_119", 1 0, L_0x1385aaf30;  1 drivers
v0x13844ac30_0 .net/2u *"_ivl_123", 1 0, L_0x1300790f0;  1 drivers
v0x13844acc0_0 .net *"_ivl_125", 1 0, L_0x1385ab300;  1 drivers
v0x138448f70_0 .net *"_ivl_135", 7 0, L_0x1385ab540;  1 drivers
v0x138449000_0 .net *"_ivl_141", 0 0, L_0x1385aba40;  1 drivers
v0x138448860_0 .net *"_ivl_146", 0 0, L_0x1385ab8c0;  1 drivers
v0x1384488f0_0 .net *"_ivl_148", 0 0, L_0x1385ab710;  1 drivers
v0x138448150_0 .net *"_ivl_149", 0 0, L_0x1385abda0;  1 drivers
v0x1384481e0_0 .net *"_ivl_152", 0 0, L_0x1385abf50;  1 drivers
v0x138441670_0 .net *"_ivl_153", 0 0, L_0x1385abaf0;  1 drivers
L_0x130079138 .functor BUFT 1, C4<00>, C4<0>, C4<0>, C4<0>;
v0x138441700_0 .net/2u *"_ivl_155", 1 0, L_0x130079138;  1 drivers
L_0x130079180 .functor BUFT 1, C4<11>, C4<0>, C4<0>, C4<0>;
v0x138447a40_0 .net/2u *"_ivl_157", 1 0, L_0x130079180;  1 drivers
v0x138447ad0_0 .net *"_ivl_162", 0 0, L_0x1385ac230;  1 drivers
v0x138446bb0_0 .net *"_ivl_163", 7 0, L_0x1385abff0;  1 drivers
v0x138446c40_0 .net *"_ivl_166", 2 0, L_0x1385ac440;  1 drivers
v0x1384467d0_0 .net *"_ivl_167", 7 0, L_0x1385ac310;  1 drivers
L_0x1300791c8 .functor BUFT 1, C4<00000>, C4<0>, C4<0>, C4<0>;
v0x138446860_0 .net *"_ivl_170", 4 0, L_0x1300791c8;  1 drivers
v0x138446080_0 .net *"_ivl_171", 7 0, L_0x1385ac620;  1 drivers
v0x138446110_0 .net *"_ivl_173", 7 0, L_0x1385ac7a0;  1 drivers
v0x138445c60_0 .net *"_ivl_176", 0 0, L_0x1385ac4e0;  1 drivers
v0x138445cf0_0 .net *"_ivl_177", 7 0, L_0x1385ac580;  1 drivers
v0x138445760_0 .net *"_ivl_180", 2 0, L_0x1385aca00;  1 drivers
v0x1384457f0_0 .net *"_ivl_181", 7 0, L_0x1385acaa0;  1 drivers
L_0x130079210 .functor BUFT 1, C4<00000>, C4<0>, C4<0>, C4<0>;
v0x138444c90_0 .net *"_ivl_184", 4 0, L_0x130079210;  1 drivers
v0x138444d20_0 .net *"_ivl_185", 7 0, L_0x1385ac8e0;  1 drivers
v0x138444570_0 .net *"_ivl_187", 7 0, L_0x1385ac950;  1 drivers
v0x138444600_0 .net *"_ivl_190", 0 0, L_0x1385a7180;  1 drivers
v0x138443d70_0 .net *"_ivl_191", 7 0, L_0x1385acd00;  1 drivers
L_0x13007e8f8 .functor BUFT 1, C4<000>, C4<0>, C4<0>, C4<0>;
v0x138443e00_0 .net *"_ivl_193", 2 0, L_0x13007e8f8;  1 drivers
v0x138369120_0 .net *"_ivl_198", 0 0, L_0x1385acda0;  1 drivers
v0x138447330_0 .net *"_ivl_199", 2 0, L_0x1385acb80;  1 drivers
L_0x13007e940 .functor BUFT 1, C4<000>, C4<0>, C4<0>, C4<0>;
v0x138443a10_0 .net *"_ivl_201", 2 0, L_0x13007e940;  1 drivers
v0x138443aa0_0 .net *"_ivl_205", 7 0, L_0x1385acc20;  1 drivers
L_0x130079258 .functor BUFT 1, C4<00000>, C4<0>, C4<0>, C4<0>;
v0x138440f60_0 .net *"_ivl_208", 4 0, L_0x130079258;  1 drivers
v0x138440ff0_0 .net *"_ivl_209", 7 0, L_0x1385ad020;  1 drivers
v0x1384432c0_0 .net *"_ivl_211", 7 0, L_0x1385ad180;  1 drivers
v0x138443350_0 .net *"_ivl_213", 7 0, L_0x1385acf00;  1 drivers
v0x138442b90_0 .net *"_ivl_218", 0 0, L_0x1385ad320;  1 drivers
v0x138442c20_0 .net *"_ivl_220", 0 0, L_0x1385ad6b0;  1 drivers
v0x138442490_0 .net *"_ivl_221", 0 0, L_0x1385ad4f0;  1 drivers
v0x138442520_0 .net *"_ivl_224", 0 0, L_0x1385ad5e0;  1 drivers
v0x13846d820_0 .net *"_ivl_225", 0 0, L_0x1385ac6d0;  1 drivers
v0x13846d8b0_0 .net *"_ivl_228", 0 0, L_0x1385ada40;  1 drivers
v0x13846d180_0 .net *"_ivl_229", 0 0, L_0x1385ad750;  1 drivers
v0x13846d210_0 .net *"_ivl_232", 0 0, L_0x1385ad840;  1 drivers
v0x138463b40_0 .net *"_ivl_233", 0 0, L_0x1385ad920;  1 drivers
L_0x1300792a0 .functor BUFT 1, C4<00>, C4<0>, C4<0>, C4<0>;
v0x138463bd0_0 .net/2u *"_ivl_235", 1 0, L_0x1300792a0;  1 drivers
L_0x1300792e8 .functor BUFT 1, C4<11>, C4<0>, C4<0>, C4<0>;
v0x13846caf0_0 .net/2u *"_ivl_237", 1 0, L_0x1300792e8;  1 drivers
v0x13846cb80_0 .net *"_ivl_241", 0 0, L_0x1385adbe0;  1 drivers
v0x13846c4f0_0 .net *"_ivl_244", 0 0, L_0x1385ae200;  1 drivers
v0x13846c580_0 .net *"_ivl_245", 0 0, L_0x1385adc50;  1 drivers
v0x13846bce0_0 .net *"_ivl_247", 0 0, L_0x1385adcc0;  1 drivers
v0x13846bd70_0 .net *"_ivl_249", 0 0, L_0x1385ae100;  1 drivers
v0x13846b710_0 .net *"_ivl_252", 0 0, L_0x1385ae3b0;  1 drivers
v0x13846b7a0_0 .net *"_ivl_253", 0 0, L_0x1385ade90;  1 drivers
v0x13846b010_0 .net *"_ivl_255", 0 0, L_0x1385ae2a0;  1 drivers
v0x13846b0a0_0 .net *"_ivl_63", 15 0, L_0x1385a9800;  1 drivers
v0x13846a940_0 .net *"_ivl_64", 0 0, L_0x1385a9870;  1 drivers
v0x13846a9d0_0 .net/2u *"_ivl_68", 1 0, L_0x130079018;  1 drivers
v0x13846a560_0 .net *"_ivl_70", 1 0, L_0x1385a99d0;  1 drivers
v0x13846a5f0_0 .net/2u *"_ivl_74", 1 0, L_0x130079060;  1 drivers
v0x138463470_0 .net *"_ivl_76", 1 0, L_0x1385a9670;  1 drivers
v0x138463500_0 .net *"_ivl_82", 0 0, L_0x1385a9f40;  1 drivers
v0x138469b60_0 .net *"_ivl_84", 0 0, L_0x1385a9bc0;  1 drivers
v0x138469bf0_0 .net "bwd_ar_info", 46 0, L_0x1385aac50;  1 drivers
v0x138468d40_0 .net "bwd_aw_info", 38 0, L_0x1385aa930;  1 drivers
v0x138468dd0_0 .net "bwd_b_bid", 4 0, L_0x1385aa220;  1 drivers
v0x1384686a0_0 .net "bwd_b_bresp", 1 0, L_0x1385ac110;  1 drivers
v0x138468730_0 .net "bwd_b_info", 6 0, L_0x1385aa140;  1 drivers
v0x138468010_0 .net "bwd_b_rdy", 0 0, L_0x1385a84d0;  1 drivers
v0x1384680a0_0 .net "bwd_b_vld", 0 0, L_0x1385aa320;  1 drivers
v0x138467a10_0 .net "bwd_r_hsk", 0 0, L_0x1385ab3d0;  1 drivers
v0x138467aa0_0 .net "bwd_r_info", 15 0, L_0x1385aadc0;  1 drivers
v0x138467240_0 .net "bwd_r_rdy", 0 0, L_0x1385a9060;  1 drivers
v0x1384672d0_0 .net "bwd_r_vld", 0 0, L_0x1385abb60;  1 drivers
v0x138466c80_0 .net "bwd_rdata", 7 0, L_0x1385ad450;  1 drivers
v0x138466d10_0 .net "bwd_rid", 4 0, L_0x1385ab810;  1 drivers
v0x138462d30_0 .net "bwd_rlast", 0 0, L_0x1385ab960;  1 drivers
v0x138462dc0_0 .net "bwd_rresp", 1 0, L_0x1385addf0;  1 drivers
o0x1300419c0 .functor BUFZ 1, c4<z>; HiZ drive
v0x1384665a0_0 .net "clk", 0 0, o0x1300419c0;  0 drivers
L_0x130078178 .functor BUFT 1, C4<00000000>, C4<0>, C4<0>, C4<0>;
v0x138466630_0 .net "conf_ar_map_vld", 7 0, L_0x130078178;  1 drivers
L_0x130078130 .functor BUFT 1, C4<00000000>, C4<0>, C4<0>, C4<0>;
v0x138465e80_0 .net "conf_aw_map_vld", 7 0, L_0x130078130;  1 drivers
v0x138465f10_0 .net "conf_reg_o", 63 0, L_0x1385a69e0;  1 drivers
v0x138465080_0 .net "fwd_ar_info", 46 0, v0x138538a10_0;  1 drivers
v0x138465110_0 .net "fwd_ar_rdy", 0 0, L_0x1385ab070;  1 drivers
v0x138464940_0 .net "fwd_ar_vld", 0 0, L_0x1385a8bd0;  1 drivers
v0x1384649d0_0 .net "fwd_araddr", 31 0, L_0x1385aa550;  1 drivers
v0x138464270_0 .net "fwd_arburst", 1 0, L_0x1385aa5f0;  1 drivers
v0x138464300_0 .net "fwd_arburst_fix", 0 0, L_0x1385ab220;  1 drivers
v0x13846ed40_0 .net "fwd_arburst_incr", 0 0, L_0x1385ab460;  1 drivers
v0x13846edd0_0 .net "fwd_arid", 4 0, L_0x1385aa410;  1 drivers
v0x13846e640_0 .net "fwd_arlen", 7 0, L_0x1385aa4b0;  1 drivers
v0x13846e6d0_0 .net "fwd_aw_info", 38 0, v0x1384b6e60_0;  1 drivers
v0x138462640_0 .net "fwd_aw_rdy", 0 0, L_0x1385a9960;  1 drivers
v0x1384626d0_0 .net "fwd_aw_vld", 0 0, L_0x1385a7980;  1 drivers
v0x138460950_0 .net "fwd_awaddr", 31 0, L_0x1385aa9f0;  1 drivers
v0x1384609e0_0 .net "fwd_awburst", 1 0, L_0x1385aa690;  1 drivers
v0x138460290_0 .net "fwd_awburst_fix", 0 0, L_0x1385a9ae0;  1 drivers
v0x138460320_0 .net "fwd_awburst_incr", 0 0, L_0x1385a9d30;  1 drivers
v0x138456420_0 .net "fwd_awid", 4 0, L_0x1385aa890;  1 drivers
v0x1384564b0_0 .net "fwd_r_info", 15 0, v0x138452a60_0;  1 drivers
v0x13845fbd0_0 .net "fwd_w_rdy", 0 0, L_0x1385aa050;  1 drivers
v0x13845fc60_0 .net "fwd_w_vld", 0 0, v0x13844e7e0_0;  1 drivers
v0x13845f500_0 .net "fwd_wdata", 7 0, L_0x1385a82a0;  1 drivers
v0x13845f590_0 .net "fwd_wlast", 0 0, L_0x1385a83c0;  1 drivers
v0x13845ee30 .array "ip_config_reg", 7 0, 7 0;
o0x1300440f0 .functor BUFZ 32, c4<zzzzzzzzzzzzzzzzzzzzzzzzzzzzzzzz>; HiZ drive
v0x13845eec0_0 .net "m_araddr_i", 31 0, o0x1300440f0;  0 drivers
o0x130044120 .functor BUFZ 2, c4<zz>; HiZ drive
v0x13845e7b0_0 .net "m_arburst_i", 1 0, o0x130044120;  0 drivers
o0x130044150 .functor BUFZ 5, c4<zzzzz>; HiZ drive
v0x13845e840_0 .net "m_arid_i", 4 0, o0x130044150;  0 drivers
o0x130044180 .functor BUFZ 8, c4<zzzzzzzz>; HiZ drive
v0x13845e090_0 .net "m_arlen_i", 7 0, o0x130044180;  0 drivers
v0x13845e120_0 .net "m_arready_o", 0 0, L_0x1385a8ae0;  1 drivers
o0x130041990 .functor BUFZ 1, c4<z>; HiZ drive
v0x13845d990_0 .net "m_arvalid_i", 0 0, o0x130041990;  0 drivers
o0x1300441b0 .functor BUFZ 32, c4<zzzzzzzzzzzzzzzzzzzzzzzzzzzzzzzz>; HiZ drive
v0x13845da20_0 .net "m_awaddr_i", 31 0, o0x1300441b0;  0 drivers
o0x1300441e0 .functor BUFZ 2, c4<zz>; HiZ drive
v0x13845d180_0 .net "m_awburst_i", 1 0, o0x1300441e0;  0 drivers
o0x130044210 .functor BUFZ 5, c4<zzzzz>; HiZ drive
v0x13845d210_0 .net "m_awid_i", 4 0, o0x130044210;  0 drivers
o0x130044240 .functor BUFZ 8, c4<zzzzzzzz>; HiZ drive
v0x138455c40_0 .net "m_awlen_i", 7 0, o0x130044240;  0 drivers
v0x138455cd0_0 .net "m_awready_o", 0 0, L_0x1385a7890;  1 drivers
o0x130041d80 .functor BUFZ 1, c4<z>; HiZ drive
v0x13845cb90_0 .net "m_awvalid_i", 0 0, o0x130041d80;  0 drivers
v0x13845cc20_0 .net "m_bid_o", 4 0, L_0x1385a88e0;  1 drivers
o0x130042170 .functor BUFZ 1, c4<z>; HiZ drive
v0x13845bd30_0 .net "m_bready_i", 0 0, o0x130042170;  0 drivers
v0x13845bdc0_0 .net "m_bresp_o", 1 0, L_0x1385a89d0;  1 drivers
v0x13845b670_0 .net "m_bvalid_o", 0 0, L_0x1385a85c0;  1 drivers
v0x13845b700_0 .net "m_rdata_o", 7 0, L_0x1385a96e0;  1 drivers
v0x13845afb0_0 .net "m_rid_o", 4 0, L_0x1385a9430;  1 drivers
v0x13845b040_0 .net "m_rlast_o", 0 0, L_0x1385a95d0;  1 drivers
o0x1300429b0 .functor BUFZ 1, c4<z>; HiZ drive
v0x13845a910_0 .net "m_rready_i", 0 0, o0x1300429b0;  0 drivers
v0x13845a9a0_0 .net "m_rresp_o", 1 0, L_0x1385a9530;  1 drivers
v0x13845a240_0 .net "m_rvalid_o", 0 0, v0x138451e70_0;  1 drivers
o0x130044390 .functor BUFZ 8, c4<zzzzzzzz>; HiZ drive
v0x13845a2d0_0 .net "m_wdata_i", 7 0, o0x130044390;  0 drivers
o0x1300443c0 .functor BUFZ 1, c4<z>; HiZ drive
v0x138459ba0_0 .net "m_wlast_i", 0 0, o0x1300443c0;  0 drivers
v0x138459c30_0 .net "m_wready_o", 0 0, L_0x1385a7e10;  1 drivers
o0x130042d70 .functor BUFZ 1, c4<z>; HiZ drive
v0x138455470_0 .net "m_wvalid_i", 0 0, o0x130042d70;  0 drivers
L_0x130078ef8 .functor BUFT 1, C4<0>, C4<0>, C4<0>, C4<0>;
v0x138455500_0 .net "mem_ar_map_vld", 0 0, L_0x130078ef8;  1 drivers
L_0x130078eb0 .functor BUFT 1, C4<0>, C4<0>, C4<0>, C4<0>;
v0x138459400_0 .net "mem_aw_map_vld", 0 0, L_0x130078eb0;  1 drivers
L_0x130078e20 .functor BUFT 1, C4<0000000000>, C4<0>, C4<0>, C4<0>;
v0x138459490_0 .net "mem_rd_addr_o", 9 0, L_0x130078e20;  1 drivers
L_0x130078fd0 .functor BUFT 1, C4<00000000>, C4<0>, C4<0>, C4<0>;
v0x138458be0_0 .net "mem_rd_data", 7 0, L_0x130078fd0;  1 drivers
o0x1300444b0 .functor BUFZ 8, c4<zzzzzzzz>; HiZ drive
v0x138458c70_0 .net "mem_rd_data_i", 7 0, o0x1300444b0;  0 drivers
v0x138458770_0 .net "mem_rd_rdy", 0 0, L_0x130078f88;  1 drivers
o0x130044510 .functor BUFZ 1, c4<z>; HiZ drive
v0x138458800_0 .net "mem_rd_rdy_i", 0 0, o0x130044510;  0 drivers
L_0x130078e68 .functor BUFT 1, C4<0>, C4<0>, C4<0>, C4<0>;
v0x138457be0_0 .net "mem_rd_vld_o", 0 0, L_0x130078e68;  1 drivers
L_0x130078d90 .functor BUFT 1, C4<0000000000>, C4<0>, C4<0>, C4<0>;
v0x138457c70_0 .net "mem_wr_addr_o", 9 0, L_0x130078d90;  1 drivers
L_0x130078d48 .functor BUFT 1, C4<00000000>, C4<0>, C4<0>, C4<0>;
v0x138457400_0 .net "mem_wr_data_o", 7 0, L_0x130078d48;  1 drivers
v0x138457490_0 .net "mem_wr_en", 0 0, L_0x1385ae650;  1 drivers
v0x138456c50_0 .net "mem_wr_rdy", 0 0, L_0x130078f40;  1 drivers
o0x130044630 .functor BUFZ 1, c4<z>; HiZ drive
v0x138456ce0_0 .net "mem_wr_rdy_i", 0 0, o0x130044630;  0 drivers
L_0x130078dd8 .functor BUFT 1, C4<0>, C4<0>, C4<0>, C4<0>;
v0x138461ed0_0 .net "mem_wr_vld_o", 0 0, L_0x130078dd8;  1 drivers
L_0x130078b50 .functor BUFT 1, C4<0>, C4<0>, C4<0>, C4<0>;
v0x138461f60_0 .net "rd_st_ar_map_idx", 0 0, L_0x130078b50;  1 drivers
L_0x130078b98 .functor BUFT 1, C4<00>, C4<0>, C4<0>, C4<0>;
v0x1384617b0_0 .net "rd_st_ar_map_vld", 1 0, L_0x130078b98;  1 drivers
L_0x130078c28 .functor BUFT 1, C4<00000000>, C4<0>, C4<0>, C4<0>;
v0x138461840 .array "rd_st_rd_data", 1 0;
v0x138461840_0 .net v0x138461840 0, 7 0, L_0x130078c28; 1 drivers
L_0x130078cb8 .functor BUFT 1, C4<00000000>, C4<0>, C4<0>, C4<0>;
v0x138461840_1 .net v0x138461840 1, 7 0, L_0x130078cb8; 1 drivers
v0x138454ca0_0 .net "rd_st_rd_rdy", 0 0, L_0x130078be0;  1 drivers
o0x130044780 .functor BUFZ 16, c4<zzzzzzzzzzzzzzzz>; HiZ drive
v0x138454d30_0 .net "rd_st_wr_data_i", 15 0, o0x130044780;  0 drivers
v0x138439ad0_0 .net "rd_st_wr_rdy_o", 1 0, L_0x1385a7580;  1 drivers
o0x1300447e0 .functor BUFZ 2, c4<zz>; HiZ drive
v0x138439b60_0 .net "rd_st_wr_vld_i", 1 0, o0x1300447e0;  0 drivers
v0x138440210_0 .var "rdata_cnt", 7 0;
v0x1384402a0_0 .net "rdata_cnt_msk", 7 0, L_0x1385ab5f0;  1 drivers
o0x130041a80 .functor BUFZ 1, c4<z>; HiZ drive
v0x13843e110_0 .net "rst_n", 0 0, o0x130041a80;  0 drivers
v0x13843e1a0_0 .net "stat_ar_map_vld", 7 0, L_0x1385a6e10;  1 drivers
L_0x130078400 .functor BUFT 1, C4<00000000>, C4<0>, C4<0>, C4<0>;
v0x13843c340 .array "stat_map", 7 0;
v0x13843c340_0 .net v0x13843c340 0, 7 0, L_0x130078400; 1 drivers
L_0x130078490 .functor BUFT 1, C4<00000000>, C4<0>, C4<0>, C4<0>;
v0x13843c340_1 .net v0x13843c340 1, 7 0, L_0x130078490; 1 drivers
L_0x130078520 .functor BUFT 1, C4<00000000>, C4<0>, C4<0>, C4<0>;
v0x13843c340_2 .net v0x13843c340 2, 7 0, L_0x130078520; 1 drivers
L_0x1300785b0 .functor BUFT 1, C4<00000000>, C4<0>, C4<0>, C4<0>;
v0x13843c340_3 .net v0x13843c340 3, 7 0, L_0x1300785b0; 1 drivers
L_0x130078640 .functor BUFT 1, C4<00000000>, C4<0>, C4<0>, C4<0>;
v0x13843c340_4 .net v0x13843c340 4, 7 0, L_0x130078640; 1 drivers
L_0x1300786d0 .functor BUFT 1, C4<00000000>, C4<0>, C4<0>, C4<0>;
v0x13843c340_5 .net v0x13843c340 5, 7 0, L_0x1300786d0; 1 drivers
L_0x130078760 .functor BUFT 1, C4<00000000>, C4<0>, C4<0>, C4<0>;
v0x13843c340_6 .net v0x13843c340 6, 7 0, L_0x130078760; 1 drivers
L_0x1300787f0 .functor BUFT 1, C4<00000000>, C4<0>, C4<0>, C4<0>;
v0x13843c340_7 .net v0x13843c340 7, 7 0, L_0x1300787f0; 1 drivers
o0x130044a20 .functor BUFZ 64, c4<zzzzzzzzzzzzzzzzzzzzzzzzzzzzzzzzzzzzzzzzzzzzzzzzzzzzzzzzzzzzzzzz>; HiZ drive
v0x13843c3d0_0 .net "stat_reg_i", 63 0, o0x130044a20;  0 drivers
v0x1384bc580_0 .var "wdata_cnt", 7 0;
v0x1384bc610_0 .net "wdata_cnt_msk", 7 0, L_0x1385a9dd0;  1 drivers
L_0x130078958 .functor BUFT 1, C4<0>, C4<0>, C4<0>, C4<0>;
v0x1384b5ef0_0 .net "wr_st_ar_map_idx", 0 0, L_0x130078958;  1 drivers
L_0x130078910 .functor BUFT 1, C4<00>, C4<0>, C4<0>, C4<0>;
v0x1384b5f80_0 .net "wr_st_ar_map_vld", 1 0, L_0x130078910;  1 drivers
L_0x1300788c8 .functor BUFT 1, C4<00>, C4<0>, C4<0>, C4<0>;
v0x1384b3b80_0 .net "wr_st_aw_map_vld", 1 0, L_0x1300788c8;  1 drivers
L_0x130078a30 .functor BUFT 1, C4<000>, C4<0>, C4<0>, C4<0>;
v0x1384b3c10 .array "wr_st_data_cnt", 1 0;
v0x1384b3c10_0 .net v0x1384b3c10 0, 2 0, L_0x130078a30; 1 drivers
L_0x130078b08 .functor BUFT 1, C4<000>, C4<0>, C4<0>, C4<0>;
v0x1384b3c10_1 .net v0x1384b3c10 1, 2 0, L_0x130078b08; 1 drivers
v0x1384b3760_0 .net "wr_st_rd_data_o", 15 0, L_0x1385a72a0;  1 drivers
v0x1384b37f0_0 .net "wr_st_rd_rdy_o", 1 0, L_0x1385a73a0;  1 drivers
o0x130044c00 .functor BUFZ 2, c4<zz>; HiZ drive
v0x1384f1ee0_0 .net "wr_st_rd_vld_i", 1 0, o0x130044c00;  0 drivers
v0x1384f1f70_0 .net "wr_st_wr_rdy", 0 0, L_0x130078880;  1 drivers
L_0x1300781c0 .functor BUFT 1, C4<00000000>, C4<0>, C4<0>, C4<0>;
L_0x130078208 .functor BUFT 1, C4<00000000>, C4<0>, C4<0>, C4<0>;
L_0x130078250 .functor BUFT 1, C4<00000000>, C4<0>, C4<0>, C4<0>;
L_0x130078298 .functor BUFT 1, C4<00000000>, C4<0>, C4<0>, C4<0>;
LS_0x1385a69e0_0_0 .concat8 [ 8 8 8 8], L_0x1300781c0, L_0x130078208, L_0x130078250, L_0x130078298;
L_0x1300782e0 .functor BUFT 1, C4<00000000>, C4<0>, C4<0>, C4<0>;
L_0x130078328 .functor BUFT 1, C4<00000000>, C4<0>, C4<0>, C4<0>;
L_0x130078370 .functor BUFT 1, C4<00000000>, C4<0>, C4<0>, C4<0>;
L_0x1300783b8 .functor BUFT 1, C4<00000000>, C4<0>, C4<0>, C4<0>;
LS_0x1385a69e0_0_4 .concat8 [ 8 8 8 8], L_0x1300782e0, L_0x130078328, L_0x130078370, L_0x1300783b8;
L_0x1385a69e0 .concat8 [ 32 32 0 0], LS_0x1385a69e0_0_0, LS_0x1385a69e0_0_4;
L_0x130078448 .functor BUFT 1, C4<0>, C4<0>, C4<0>, C4<0>;
L_0x1300784d8 .functor BUFT 1, C4<0>, C4<0>, C4<0>, C4<0>;
L_0x130078568 .functor BUFT 1, C4<0>, C4<0>, C4<0>, C4<0>;
L_0x1300785f8 .functor BUFT 1, C4<0>, C4<0>, C4<0>, C4<0>;
LS_0x1385a6e10_0_0 .concat8 [ 1 1 1 1], L_0x130078448, L_0x1300784d8, L_0x130078568, L_0x1300785f8;
L_0x130078688 .functor BUFT 1, C4<0>, C4<0>, C4<0>, C4<0>;
L_0x130078718 .functor BUFT 1, C4<0>, C4<0>, C4<0>, C4<0>;
L_0x1300787a8 .functor BUFT 1, C4<0>, C4<0>, C4<0>, C4<0>;
L_0x130078838 .functor BUFT 1, C4<0>, C4<0>, C4<0>, C4<0>;
LS_0x1385a6e10_0_4 .concat8 [ 1 1 1 1], L_0x130078688, L_0x130078718, L_0x1300787a8, L_0x130078838;
L_0x1385a6e10 .concat8 [ 4 4 0 0], LS_0x1385a6e10_0_0, LS_0x1385a6e10_0_4;
L_0x1300789a0 .functor BUFT 1, C4<00000000>, C4<0>, C4<0>, C4<0>;
L_0x130078a78 .functor BUFT 1, C4<00000000>, C4<0>, C4<0>, C4<0>;
L_0x1385a72a0 .concat8 [ 8 8 0 0], L_0x1300789a0, L_0x130078a78;
L_0x1300789e8 .functor BUFT 1, C4<0>, C4<0>, C4<0>, C4<0>;
L_0x130078ac0 .functor BUFT 1, C4<0>, C4<0>, C4<0>, C4<0>;
L_0x1385a73a0 .concat8 [ 1 1 0 0], L_0x1300789e8, L_0x130078ac0;
L_0x130078c70 .functor BUFT 1, C4<0>, C4<0>, C4<0>, C4<0>;
L_0x130078d00 .functor BUFT 1, C4<0>, C4<0>, C4<0>, C4<0>;
L_0x1385a7580 .concat8 [ 1 1 0 0], L_0x130078c70, L_0x130078d00;
L_0x1385a8200 .concat [ 1 8 0 0], o0x1300443c0, o0x130044390;
L_0x1385a82a0 .part v0x13844f480_0, 1, 8;
L_0x1385a83c0 .part v0x13844f480_0, 0, 1;
L_0x1385a88e0 .part v0x1384ca990_0, 2, 5;
L_0x1385a89d0 .part v0x1384ca990_0, 0, 2;
L_0x1385a9430 .part L_0x1385a9800, 11, 5;
L_0x1385a9530 .part L_0x1385a9800, 9, 2;
L_0x1385a95d0 .part L_0x1385a9800, 8, 1;
L_0x1385a96e0 .part L_0x1385a9800, 0, 8;
L_0x1385a9ae0 .reduce/nor L_0x1385a99d0;
L_0x1385a9d30 .reduce/nor L_0x1385a9670;
L_0x1385a9dd0 .repeat 8, 8, L_0x1385a9d30;
L_0x1385aa140 .concat [ 2 5 0 0], L_0x1385ac110, L_0x1385aa220;
L_0x1385aa410 .part L_0x1385aa7c0, 42, 5;
L_0x1385aa550 .part L_0x1385aa7c0, 10, 32;
L_0x1385aa5f0 .part L_0x1385aa7c0, 8, 2;
L_0x1385aa4b0 .part L_0x1385aa7c0, 0, 8;
L_0x1385aa890 .part L_0x1385aab60, 34, 5;
L_0x1385aa9f0 .part L_0x1385aab60, 2, 32;
L_0x1385aa690 .part L_0x1385aab60, 0, 2;
L_0x1385aa930 .concat [ 2 32 5 0], o0x1300441e0, o0x1300441b0, o0x130044210;
L_0x1385aac50 .concat [ 8 2 32 5], o0x130044180, o0x130044120, o0x1300440f0, o0x130044150;
L_0x1385ab220 .reduce/nor L_0x1385aaf30;
L_0x1385ab460 .reduce/nor L_0x1385ab300;
L_0x1385ab5f0 .repeat 8, 8, L_0x1385ab460;
L_0x1385aadc0 .concat [ 8 1 2 5], L_0x1385ad450, L_0x1385ab960, L_0x1385addf0, L_0x1385ab810;
L_0x1385ab960 .reduce/nor L_0x1385ab540;
L_0x1385ab8c0 .reduce/or L_0x130078130;
L_0x1385ab710 .reduce/or L_0x1300788c8;
L_0x1385abf50 .reduce/or L_0x130078eb0;
L_0x1385ac110 .functor MUXZ 2, L_0x130079180, L_0x130079138, L_0x1385abaf0, C4<>;
L_0x1385ac230 .reduce/or L_0x130078178;
L_0x1385abff0 .array/port v0x13845ee30, L_0x1385ac7a0;
L_0x1385ac440 .part L_0x1385aa550, 0, 3;
L_0x1385ac310 .concat [ 3 5 0 0], L_0x1385ac440, L_0x1300791c8;
L_0x1385ac7a0 .arith/sum 8, L_0x1385ac310, L_0x1385ac620;
L_0x1385ac4e0 .reduce/or L_0x1385a6e10;
L_0x1385ac580 .array/port v0x13843c340, L_0x1385ac950;
L_0x1385aca00 .part L_0x1385aa550, 0, 3;
L_0x1385acaa0 .concat [ 3 5 0 0], L_0x1385aca00, L_0x130079210;
L_0x1385ac950 .arith/sum 8, L_0x1385acaa0, L_0x1385ac8e0;
L_0x1385a7180 .reduce/or L_0x130078b98;
L_0x1385acd00 .array/port v0x138461840, L_0x13007e8f8;
L_0x1385acda0 .reduce/or L_0x130078910;
L_0x1385acb80 .array/port v0x1384b3c10, L_0x13007e940;
L_0x1385acc20 .concat [ 3 5 0 0], L_0x1385acb80, L_0x130079258;
L_0x1385ad020 .functor MUXZ 8, L_0x130078fd0, L_0x1385acc20, L_0x1385acda0, C4<>;
L_0x1385ad180 .functor MUXZ 8, L_0x1385ad020, L_0x1385acd00, L_0x1385a7180, C4<>;
L_0x1385acf00 .functor MUXZ 8, L_0x1385ad180, L_0x1385ac580, L_0x1385ac4e0, C4<>;
L_0x1385ad450 .functor MUXZ 8, L_0x1385acf00, L_0x1385abff0, L_0x1385ac230, C4<>;
L_0x1385ad320 .reduce/or L_0x130078178;
L_0x1385ad6b0 .reduce/or L_0x1385a6e10;
L_0x1385ad5e0 .reduce/or L_0x130078b98;
L_0x1385ada40 .reduce/or L_0x130078910;
L_0x1385ad840 .reduce/or L_0x130078ef8;
L_0x1385addf0 .functor MUXZ 2, L_0x1300792e8, L_0x1300792a0, L_0x1385ad920, C4<>;
L_0x1385ae200 .reduce/or L_0x1300788c8;
L_0x1385ae3b0 .reduce/or L_0x130078eb0;
S_0x13847f9f0 .scope module, "ar_chn_buf" "skid_buffer" 6 304, 7 1 0, S_0x1383fdbe0;
 .timescale -9 -12;
    .port_info 0 /INPUT 1 "clk";
    .port_info 1 /INPUT 1 "rst_n";
    .port_info 2 /INPUT 47 "bwd_data_i";
    .port_info 3 /INPUT 1 "bwd_valid_i";
    .port_info 4 /INPUT 1 "fwd_ready_i";
    .port_info 5 /OUTPUT 47 "fwd_data_o";
    .port_info 6 /OUTPUT 1 "bwd_ready_o";
    .port_info 7 /OUTPUT 1 "fwd_valid_o";
P_0x13f7f8f10 .param/l "DATA_WIDTH" 0 7 4, +C4<00000000000000000000000000000101111>;
P_0x13f7f8f50 .param/l "SBUF_TYPE" 0 7 3, +C4<00000000000000000000000000000010>;
v0x1385318c0_0 .net "bwd_data_i", 46 0, L_0x1385aac50;  alias, 1 drivers
v0x138530f40_0 .net "bwd_ready_o", 0 0, L_0x1385a8ae0;  alias, 1 drivers
v0x1385305d0_0 .net "bwd_valid_i", 0 0, o0x130041990;  alias, 0 drivers
v0x13852fc70_0 .net "clk", 0 0, o0x1300419c0;  alias, 0 drivers
v0x13f7f5000_0 .net "fwd_data_o", 46 0, v0x138538a10_0;  alias, 1 drivers
v0x138294ee0_0 .net "fwd_ready_i", 0 0, L_0x1385ab070;  alias, 1 drivers
v0x13850ab10_0 .net "fwd_valid_o", 0 0, L_0x1385a8bd0;  alias, 1 drivers
v0x138294cb0_0 .net "rst_n", 0 0, o0x130041a80;  alias, 0 drivers
S_0x13847e5a0 .scope generate, "LIGHT_WEIGHT" "LIGHT_WEIGHT" 7 180, 7 180 0, S_0x13847f9f0;
 .timescale -9 -12;
L_0x1385a8ae0 .functor NOT 1, L_0x1385a8bd0, C4<0>, C4<0>, C4<0>;
L_0x1385a8bd0 .functor XOR 1, v0x138533510_0, v0x138532220_0, C4<0>, C4<0>;
L_0x1385a8c40 .functor AND 1, o0x130041990, L_0x1385a8ae0, C4<1>, C4<1>;
L_0x1385a8d30 .functor AND 1, L_0x1385ab070, L_0x1385a8bd0, C4<1>, C4<1>;
v0x138538a10_0 .var "buffer", 46 0;
v0x138539090_0 .net "bwd_handshake", 0 0, L_0x1385a8c40;  1 drivers
v0x138533510_0 .var "bwd_ptr", 0 0;
v0x138532b90_0 .net "fwd_handshake", 0 0, L_0x1385a8d30;  1 drivers
v0x138532220_0 .var "fwd_ptr", 0 0;
E_0x13f77b0d0 .event posedge, v0x13852fc70_0;
S_0x13847d150 .scope module, "aw_chn_buf" "skid_buffer" 6 262, 7 1 0, S_0x1383fdbe0;
 .timescale -9 -12;
    .port_info 0 /INPUT 1 "clk";
    .port_info 1 /INPUT 1 "rst_n";
    .port_info 2 /INPUT 39 "bwd_data_i";
    .port_info 3 /INPUT 1 "bwd_valid_i";
    .port_info 4 /INPUT 1 "fwd_ready_i";
    .port_info 5 /OUTPUT 39 "fwd_data_o";
    .port_info 6 /OUTPUT 1 "bwd_ready_o";
    .port_info 7 /OUTPUT 1 "fwd_valid_o";
P_0x13f7f2ff0 .param/l "DATA_WIDTH" 0 7 4, +C4<0000000000000000000000000000100111>;
P_0x13f7f3030 .param/l "SBUF_TYPE" 0 7 3, +C4<00000000000000000000000000000010>;
v0x1384b0900_0 .net "bwd_data_i", 38 0, L_0x1385aa930;  alias, 1 drivers
v0x1384aff10_0 .net "bwd_ready_o", 0 0, L_0x1385a7890;  alias, 1 drivers
v0x1384e2120_0 .net "bwd_valid_i", 0 0, o0x130041d80;  alias, 0 drivers
v0x1384e1790_0 .net "clk", 0 0, o0x1300419c0;  alias, 0 drivers
v0x1384e04a0_0 .net "fwd_data_o", 38 0, v0x1384b6e60_0;  alias, 1 drivers
v0x1384dfb10_0 .net "fwd_ready_i", 0 0, L_0x1385a9960;  alias, 1 drivers
v0x1384cc610_0 .net "fwd_valid_o", 0 0, L_0x1385a7980;  alias, 1 drivers
v0x1384cbc80_0 .net "rst_n", 0 0, o0x130041a80;  alias, 0 drivers
S_0x13847bd20 .scope generate, "LIGHT_WEIGHT" "LIGHT_WEIGHT" 7 180, 7 180 0, S_0x13847d150;
 .timescale -9 -12;
L_0x1385a7890 .functor NOT 1, L_0x1385a7980, C4<0>, C4<0>, C4<0>;
L_0x1385a7980 .functor XOR 1, v0x13f750330_0, v0x1383ffc10_0, C4<0>, C4<0>;
L_0x1385a7a30 .functor AND 1, o0x130041d80, L_0x1385a7890, C4<1>, C4<1>;
L_0x1385a7b20 .functor AND 1, L_0x1385a9960, L_0x1385a7980, C4<1>, C4<1>;
v0x1384b6e60_0 .var "buffer", 38 0;
v0x13851dfc0_0 .net "bwd_handshake", 0 0, L_0x1385a7a30;  1 drivers
v0x13f750330_0 .var "bwd_ptr", 0 0;
v0x13823d650_0 .net "fwd_handshake", 0 0, L_0x1385a7b20;  1 drivers
v0x1383ffc10_0 .var "fwd_ptr", 0 0;
S_0x13847a8f0 .scope module, "b_chn_buf" "skid_buffer" 6 290, 7 1 0, S_0x1383fdbe0;
 .timescale -9 -12;
    .port_info 0 /INPUT 1 "clk";
    .port_info 1 /INPUT 1 "rst_n";
    .port_info 2 /INPUT 7 "bwd_data_i";
    .port_info 3 /INPUT 1 "bwd_valid_i";
    .port_info 4 /INPUT 1 "fwd_ready_i";
    .port_info 5 /OUTPUT 7 "fwd_data_o";
    .port_info 6 /OUTPUT 1 "bwd_ready_o";
    .port_info 7 /OUTPUT 1 "fwd_valid_o";
P_0x13f7f33c0 .param/l "DATA_WIDTH" 0 7 4, +C4<000000000000000000000000000000111>;
P_0x13f7f3400 .param/l "SBUF_TYPE" 0 7 3, +C4<00000000000000000000000000000010>;
v0x138430d90_0 .net "bwd_data_i", 6 0, L_0x1385aa140;  alias, 1 drivers
v0x138430280_0 .net "bwd_ready_o", 0 0, L_0x1385a84d0;  alias, 1 drivers
v0x138504670_0 .net "bwd_valid_i", 0 0, L_0x1385aa320;  alias, 1 drivers
v0x13853f940_0 .net "clk", 0 0, o0x1300419c0;  alias, 0 drivers
v0x138257ac0_0 .net "fwd_data_o", 6 0, v0x1384ca990_0;  1 drivers
v0x1383ff440_0 .net "fwd_ready_i", 0 0, o0x130042170;  alias, 0 drivers
v0x13f7e92e0_0 .net "fwd_valid_o", 0 0, L_0x1385a85c0;  alias, 1 drivers
v0x13f7d09b0_0 .net "rst_n", 0 0, o0x130041a80;  alias, 0 drivers
S_0x1384794a0 .scope generate, "LIGHT_WEIGHT" "LIGHT_WEIGHT" 7 180, 7 180 0, S_0x13847a8f0;
 .timescale -9 -12;
L_0x1385a84d0 .functor NOT 1, L_0x1385a85c0, C4<0>, C4<0>, C4<0>;
L_0x1385a85c0 .functor XOR 1, v0x138493340_0, v0x13841c050_0, C4<0>, C4<0>;
L_0x1385a8670 .functor AND 1, L_0x1385aa320, L_0x1385a84d0, C4<1>, C4<1>;
L_0x1385a8760 .functor AND 1, o0x130042170, L_0x1385a85c0, C4<1>, C4<1>;
v0x1384ca990_0 .var "buffer", 6 0;
v0x1384ca000_0 .net "bwd_handshake", 0 0, L_0x1385a8670;  1 drivers
v0x138493340_0 .var "bwd_ptr", 0 0;
v0x138482ce0_0 .net "fwd_handshake", 0 0, L_0x1385a8760;  1 drivers
v0x13841c050_0 .var "fwd_ptr", 0 0;
S_0x138424c80 .scope generate, "genblk1" "genblk1" 6 330, 6 330 0, S_0x1383fdbe0;
 .timescale 0 0;
S_0x138422aa0 .scope generate, "set_default_conf_reg[0]" "set_default_conf_reg[0]" 6 353, 6 353 0, S_0x138424c80;
 .timescale 0 0;
P_0x1384affa0 .param/l "conf_idx" 1 6 353, +C4<00>;
v0x13824ab10_0 .net/2u *"_ivl_0", 7 0, L_0x1300781c0;  1 drivers
S_0x1384364a0 .scope generate, "set_default_conf_reg[1]" "set_default_conf_reg[1]" 6 353, 6 353 0, S_0x138424c80;
 .timescale 0 0;
P_0x13f786480 .param/l "conf_idx" 1 6 353, +C4<01>;
v0x13851ce40_0 .net/2u *"_ivl_0", 7 0, L_0x130078208;  1 drivers
S_0x1384346e0 .scope generate, "set_default_conf_reg[2]" "set_default_conf_reg[2]" 6 353, 6 353 0, S_0x138424c80;
 .timescale 0 0;
P_0x13f74f1b0 .param/l "conf_idx" 1 6 353, +C4<010>;
v0x13836ae10_0 .net/2u *"_ivl_0", 7 0, L_0x130078250;  1 drivers
S_0x138432070 .scope generate, "set_default_conf_reg[3]" "set_default_conf_reg[3]" 6 353, 6 353 0, S_0x138424c80;
 .timescale 0 0;
P_0x13f74f3d0 .param/l "conf_idx" 1 6 353, +C4<011>;
v0x13836aea0_0 .net/2u *"_ivl_0", 7 0, L_0x130078298;  1 drivers
S_0x13842c3d0 .scope generate, "set_default_conf_reg[4]" "set_default_conf_reg[4]" 6 353, 6 353 0, S_0x138424c80;
 .timescale 0 0;
P_0x13f74f7c0 .param/l "conf_idx" 1 6 353, +C4<0100>;
v0x138362bd0_0 .net/2u *"_ivl_0", 7 0, L_0x1300782e0;  1 drivers
S_0x13842aa60 .scope generate, "set_default_conf_reg[5]" "set_default_conf_reg[5]" 6 353, 6 353 0, S_0x138424c80;
 .timescale 0 0;
P_0x13f74ed90 .param/l "conf_idx" 1 6 353, +C4<0101>;
v0x138362c60_0 .net/2u *"_ivl_0", 7 0, L_0x130078328;  1 drivers
S_0x138427920 .scope generate, "set_default_conf_reg[6]" "set_default_conf_reg[6]" 6 353, 6 353 0, S_0x138424c80;
 .timescale 0 0;
P_0x13f74ff70 .param/l "conf_idx" 1 6 353, +C4<0110>;
v0x1383fdfa0_0 .net/2u *"_ivl_0", 7 0, L_0x130078370;  1 drivers
S_0x138416db0 .scope generate, "set_default_conf_reg[7]" "set_default_conf_reg[7]" 6 353, 6 353 0, S_0x138424c80;
 .timescale 0 0;
P_0x13f750500 .param/l "conf_idx" 1 6 353, +C4<0111>;
v0x1383fe030_0 .net/2u *"_ivl_0", 7 0, L_0x1300783b8;  1 drivers
S_0x13841f630 .scope generate, "genblk2" "genblk2" 6 359, 6 359 0, S_0x1383fdbe0;
 .timescale 0 0;
S_0x138413680 .scope generate, "STATUS_MAP[0]" "STATUS_MAP[0]" 6 366, 6 366 0, S_0x13841f630;
 .timescale 0 0;
P_0x13f7400c0 .param/l "stat_idx" 1 6 366, +C4<00>;
v0x1383fd820_0 .net/2u *"_ivl_3", 0 0, L_0x130078448;  1 drivers
S_0x138413360 .scope generate, "STATUS_MAP[1]" "STATUS_MAP[1]" 6 366, 6 366 0, S_0x13841f630;
 .timescale 0 0;
P_0x13f741df0 .param/l "stat_idx" 1 6 366, +C4<01>;
v0x1383fd8b0_0 .net/2u *"_ivl_3", 0 0, L_0x1300784d8;  1 drivers
S_0x138413040 .scope generate, "STATUS_MAP[2]" "STATUS_MAP[2]" 6 366, 6 366 0, S_0x13841f630;
 .timescale 0 0;
P_0x13f743e00 .param/l "stat_idx" 1 6 366, +C4<010>;
v0x1383fc390_0 .net/2u *"_ivl_3", 0 0, L_0x130078568;  1 drivers
S_0x138412d20 .scope generate, "STATUS_MAP[3]" "STATUS_MAP[3]" 6 366, 6 366 0, S_0x13841f630;
 .timescale 0 0;
P_0x13f742780 .param/l "stat_idx" 1 6 366, +C4<011>;
v0x1383fc420_0 .net/2u *"_ivl_3", 0 0, L_0x1300785f8;  1 drivers
S_0x13841a1a0 .scope generate, "STATUS_MAP[4]" "STATUS_MAP[4]" 6 366, 6 366 0, S_0x13841f630;
 .timescale 0 0;
P_0x13f741390 .param/l "stat_idx" 1 6 366, +C4<0100>;
v0x1383f8010_0 .net/2u *"_ivl_3", 0 0, L_0x130078688;  1 drivers
S_0x1384141a0 .scope generate, "STATUS_MAP[5]" "STATUS_MAP[5]" 6 366, 6 366 0, S_0x13841f630;
 .timescale 0 0;
P_0x13f742c50 .param/l "stat_idx" 1 6 366, +C4<0101>;
v0x1383f80a0_0 .net/2u *"_ivl_3", 0 0, L_0x130078718;  1 drivers
S_0x13841ca60 .scope generate, "STATUS_MAP[6]" "STATUS_MAP[6]" 6 366, 6 366 0, S_0x13841f630;
 .timescale 0 0;
P_0x13f73fce0 .param/l "stat_idx" 1 6 366, +C4<0110>;
v0x1383efc40_0 .net/2u *"_ivl_3", 0 0, L_0x1300787a8;  1 drivers
S_0x13851c010 .scope generate, "STATUS_MAP[7]" "STATUS_MAP[7]" 6 366, 6 366 0, S_0x13841f630;
 .timescale 0 0;
P_0x13f73bb60 .param/l "stat_idx" 1 6 366, +C4<0111>;
v0x1383efcd0_0 .net/2u *"_ivl_3", 0 0, L_0x130078838;  1 drivers
S_0x13851b020 .scope generate, "genblk3" "genblk3" 6 372, 6 372 0, S_0x1383fdbe0;
 .timescale 0 0;
S_0x138515b80 .scope generate, "set_default_wr_fifo[0]" "set_default_wr_fifo[0]" 6 433, 6 433 0, S_0x13851b020;
 .timescale 0 0;
P_0x13f73a360 .param/l "fifo_idx" 1 6 433, +C4<00>;
v0x13844c440_0 .net/2u *"_ivl_0", 7 0, L_0x1300789a0;  1 drivers
v0x13844c4d0_0 .net/2u *"_ivl_2", 0 0, L_0x1300789e8;  1 drivers
S_0x138514140 .scope generate, "set_default_wr_fifo[1]" "set_default_wr_fifo[1]" 6 433, 6 433 0, S_0x13851b020;
 .timescale 0 0;
P_0x13f73b030 .param/l "fifo_idx" 1 6 433, +C4<01>;
v0x138454520_0 .net/2u *"_ivl_0", 7 0, L_0x130078a78;  1 drivers
v0x1384545b0_0 .net/2u *"_ivl_2", 0 0, L_0x130078ac0;  1 drivers
S_0x138512f50 .scope generate, "genblk4" "genblk4" 6 444, 6 444 0, S_0x1383fdbe0;
 .timescale 0 0;
S_0x138511320 .scope generate, "RX_LOGIC_GEN[0]" "RX_LOGIC_GEN[0]" 6 497, 6 497 0, S_0x138512f50;
 .timescale 0 0;
P_0x13f733ef0 .param/l "fifo_idx" 1 6 497, +C4<00>;
v0x138454100_0 .net/2u *"_ivl_3", 0 0, L_0x130078c70;  1 drivers
S_0x13850dbb0 .scope generate, "RX_LOGIC_GEN[1]" "RX_LOGIC_GEN[1]" 6 497, 6 497 0, S_0x138512f50;
 .timescale 0 0;
P_0x13f7350c0 .param/l "fifo_idx" 1 6 497, +C4<01>;
v0x138454190_0 .net/2u *"_ivl_3", 0 0, L_0x130078d00;  1 drivers
S_0x138508c30 .scope generate, "genblk5" "genblk5" 6 506, 6 506 0, S_0x1383fdbe0;
 .timescale 0 0;
S_0x1385067d0 .scope module, "r_chn_buf" "skid_buffer" 6 318, 7 1 0, S_0x1383fdbe0;
 .timescale -9 -12;
    .port_info 0 /INPUT 1 "clk";
    .port_info 1 /INPUT 1 "rst_n";
    .port_info 2 /INPUT 16 "bwd_data_i";
    .port_info 3 /INPUT 1 "bwd_valid_i";
    .port_info 4 /INPUT 1 "fwd_ready_i";
    .port_info 5 /OUTPUT 16 "fwd_data_o";
    .port_info 6 /OUTPUT 1 "bwd_ready_o";
    .port_info 7 /OUTPUT 1 "fwd_valid_o";
P_0x13f7e7580 .param/l "DATA_WIDTH" 0 7 4, +C4<00000000000000000000000000000010000>;
P_0x13f7e75c0 .param/l "SBUF_TYPE" 0 7 3, +C4<00000000000000000000000000000101>;
v0x1384517e0_0 .net "bwd_data_i", 15 0, L_0x1385aadc0;  alias, 1 drivers
v0x138451870_0 .net "bwd_ready_o", 0 0, L_0x1385a9060;  alias, 1 drivers
v0x138450fa0_0 .net "bwd_valid_i", 0 0, L_0x1385abb60;  alias, 1 drivers
v0x138451030_0 .net "clk", 0 0, o0x1300419c0;  alias, 0 drivers
v0x138450ba0_0 .net "fwd_data_o", 15 0, v0x138452a60_0;  alias, 1 drivers
v0x138450c30_0 .net "fwd_ready_i", 0 0, o0x1300429b0;  alias, 0 drivers
v0x138450040_0 .net "fwd_valid_o", 0 0, v0x138451e70_0;  alias, 1 drivers
v0x1384500d0_0 .net "rst_n", 0 0, o0x130041a80;  alias, 0 drivers
S_0x138506030 .scope generate, "HALF_REGISTERED" "HALF_REGISTERED" 7 343, 7 343 0, S_0x1385067d0;
 .timescale -9 -12;
L_0x1385a8fd0 .functor NOT 1, L_0x1385a9340, C4<0>, C4<0>, C4<0>;
L_0x1385a9060 .functor OR 1, L_0x1385a9250, L_0x1385a8fd0, C4<0>, C4<0>;
L_0x1385a9170 .functor AND 1, L_0x1385abb60, L_0x1385a9060, C4<1>, C4<1>;
L_0x1385a9250 .functor AND 1, v0x138451e70_0, o0x1300429b0, C4<1>, C4<1>;
L_0x1385a9340 .functor XOR 1, v0x13844bd90_0, v0x13844bd00_0, C4<0>, C4<0>;
v0x1384529d0_0 .net *"_ivl_4", 0 0, L_0x1385a8fd0;  1 drivers
v0x138452a60_0 .var "buffer", 15 0;
v0x1384523c0_0 .net "bwd_hsk", 0 0, L_0x1385a9170;  1 drivers
v0x138452450_0 .net "full", 0 0, L_0x1385a9340;  1 drivers
v0x138451de0_0 .net "fwd_hsk", 0 0, L_0x1385a9250;  1 drivers
v0x138451e70_0 .var "fwd_vld", 0 0;
v0x13844bd00_0 .var "rd_ptr", 0 0;
v0x13844bd90_0 .var "wr_ptr", 0 0;
E_0x13f720640/0 .event negedge, v0x138294cb0_0;
E_0x13f720640/1 .event posedge, v0x13852fc70_0;
E_0x13f720640 .event/or E_0x13f720640/0, E_0x13f720640/1;
S_0x1385425c0 .scope module, "w_chn_buf" "skid_buffer" 6 276, 7 1 0, S_0x1383fdbe0;
 .timescale -9 -12;
    .port_info 0 /INPUT 1 "clk";
    .port_info 1 /INPUT 1 "rst_n";
    .port_info 2 /INPUT 9 "bwd_data_i";
    .port_info 3 /INPUT 1 "bwd_valid_i";
    .port_info 4 /INPUT 1 "fwd_ready_i";
    .port_info 5 /OUTPUT 9 "fwd_data_o";
    .port_info 6 /OUTPUT 1 "bwd_ready_o";
    .port_info 7 /OUTPUT 1 "fwd_valid_o";
P_0x13f7e5690 .param/l "DATA_WIDTH" 0 7 4, +C4<000000000000000000000000000001001>;
P_0x13f7e56d0 .param/l "SBUF_TYPE" 0 7 3, +C4<00000000000000000000000000000101>;
v0x13844dd40_0 .net "bwd_data_i", 8 0, L_0x1385a8200;  1 drivers
v0x13844ddd0_0 .net "bwd_ready_o", 0 0, L_0x1385a7e10;  alias, 1 drivers
v0x13844b7d0_0 .net "bwd_valid_i", 0 0, o0x130042d70;  alias, 0 drivers
v0x13844b860_0 .net "clk", 0 0, o0x1300419c0;  alias, 0 drivers
v0x13844d6a0_0 .net "fwd_data_o", 8 0, v0x13844f480_0;  1 drivers
v0x13844d730_0 .net "fwd_ready_i", 0 0, L_0x1385aa050;  alias, 1 drivers
v0x13844d0c0_0 .net "fwd_valid_o", 0 0, v0x13844e7e0_0;  alias, 1 drivers
v0x13844d150_0 .net "rst_n", 0 0, o0x130041a80;  alias, 0 drivers
S_0x138541e20 .scope generate, "HALF_REGISTERED" "HALF_REGISTERED" 7 343, 7 343 0, S_0x1385425c0;
 .timescale -9 -12;
L_0x1385a7d80 .functor NOT 1, L_0x1385a8110, C4<0>, C4<0>, C4<0>;
L_0x1385a7e10 .functor OR 1, L_0x1385a8020, L_0x1385a7d80, C4<0>, C4<0>;
L_0x1385a7f20 .functor AND 1, o0x130042d70, L_0x1385a7e10, C4<1>, C4<1>;
L_0x1385a8020 .functor AND 1, v0x13844e7e0_0, L_0x1385aa050, C4<1>, C4<1>;
L_0x1385a8110 .functor XOR 1, v0x13844e430_0, v0x13844e3a0_0, C4<0>, C4<0>;
v0x13844f3f0_0 .net *"_ivl_4", 0 0, L_0x1385a7d80;  1 drivers
v0x13844f480_0 .var "buffer", 8 0;
v0x13844ed90_0 .net "bwd_hsk", 0 0, L_0x1385a7f20;  1 drivers
v0x13844ee20_0 .net "full", 0 0, L_0x1385a8110;  1 drivers
v0x13844e750_0 .net "fwd_hsk", 0 0, L_0x1385a8020;  1 drivers
v0x13844e7e0_0 .var "fwd_vld", 0 0;
v0x13844e3a0_0 .var "rd_ptr", 0 0;
v0x13844e430_0 .var "wr_ptr", 0 0;
S_0x1383fb540 .scope module, "axi_interconnect_tb" "axi_interconnect_tb" 8 2;
 .timescale -9 -12;
v0x13843e760_0 .var "ACLK_i", 0 0;
v0x13843e800_0 .var "ARESETn_i", 0 0;
v0x13843e8a0_0 .var "m_ARADDR_i", 31 0;
v0x1385828c0_0 .var "m_ARBURST_i", 1 0;
v0x138582970_0 .var "m_ARID_i", 4 0;
v0x138582a40_0 .var "m_ARLEN_i", 2 0;
v0x138582af0_0 .net "m_ARREADY_o", 0 0, L_0x1385afe30;  1 drivers
v0x138582ba0_0 .var "m_ARSIZE_i", 2 0;
v0x138582c50_0 .var "m_ARVALID_i", 0 0;
v0x138582d80_0 .var "m_AWADDR_i", 31 0;
v0x138582e10_0 .var "m_AWBURST_i", 1 0;
v0x138582ea0_0 .var "m_AWID_i", 4 0;
v0x138582f50_0 .var "m_AWLEN_i", 2 0;
v0x138583000_0 .net "m_AWREADY_o", 0 0, L_0x1385aee10;  1 drivers
v0x1385830b0_0 .var "m_AWSIZE_i", 2 0;
v0x138583160_0 .var "m_AWVALID_i", 0 0;
v0x138583210_0 .net "m_BID_o", 4 0, L_0x1385af3e0;  1 drivers
v0x1385833c0_0 .var "m_BREADY_i", 0 0;
v0x138583450_0 .net "m_BRESP_o", 1 0, L_0x1385af4d0;  1 drivers
v0x1385834e0_0 .net "m_BVALID_o", 0 0, L_0x1385af600;  1 drivers
v0x138583570_0 .net "m_RDATA_o", 31 0, L_0x1385b0170;  1 drivers
v0x138583600_0 .net "m_RID_o", 4 0, L_0x1385b0010;  1 drivers
v0x1385836b0_0 .net "m_RLAST_o", 0 0, L_0x1385b0100;  1 drivers
v0x138583760_0 .var "m_RREADY_i", 0 0;
v0x138583810_0 .net "m_RRESP_o", 1 0, L_0x138582ce0;  1 drivers
v0x1385838c0_0 .net "m_RVALID_o", 0 0, L_0x1385b03e0;  1 drivers
v0x138583970_0 .var "m_WDATA_i", 31 0;
v0x138583a20_0 .var "m_WLAST_i", 0 0;
v0x138583ad0_0 .net "m_WREADY_o", 0 0, L_0x1385af200;  1 drivers
v0x138583b80_0 .var "m_WVALID_i", 0 0;
v0x138583c30_0 .net "s_ARADDR_o", 63 0, L_0x1385b3090;  1 drivers
v0x138583ce0_0 .net "s_ARBURST_o", 3 0, L_0x1385b3220;  1 drivers
v0x138583d90_0 .net "s_ARID_o", 9 0, L_0x1385b2e70;  1 drivers
v0x1385832c0_0 .net "s_ARLEN_o", 5 0, L_0x1385b3490;  1 drivers
v0x138584020_0 .var "s_ARREADY_i", 1 0;
v0x1385840b0_0 .net "s_ARSIZE_o", 5 0, L_0x1385b35e0;  1 drivers
v0x138584160_0 .net "s_ARVALID_o", 1 0, L_0x1385b33f0;  1 drivers
v0x138584210_0 .net "s_AWADDR_o", 63 0, L_0x1385b1940;  1 drivers
v0x1385842c0_0 .net "s_AWBURST_o", 3 0, L_0x1385b17e0;  1 drivers
v0x138584370_0 .net "s_AWID_o", 9 0, L_0x1385b18a0;  1 drivers
v0x138584420_0 .net "s_AWLEN_o", 5 0, L_0x1385b1d10;  1 drivers
v0x1385844d0_0 .var "s_AWREADY_i", 1 0;
v0x138584580_0 .net "s_AWSIZE_o", 5 0, L_0x1385b1a60;  1 drivers
v0x138584630_0 .net "s_AWVALID_o", 1 0, L_0x1385b20f0;  1 drivers
v0x1385846e0_0 .var "s_BID_i", 9 0;
v0x138584790_0 .net "s_BREADY_o", 1 0, L_0x1385b2c00;  1 drivers
v0x138584840_0 .var "s_BRESP_i", 3 0;
v0x1385848f0_0 .var "s_BVALID_i", 1 0;
v0x1385849a0_0 .var "s_RDATA_i", 63 0;
v0x138584a50_0 .var "s_RID_i", 9 0;
v0x138584b00_0 .var "s_RLAST_i", 1 0;
v0x138584bb0_0 .net "s_RREADY_o", 1 0, L_0x1385b3a30;  1 drivers
v0x138584c60_0 .var "s_RRESP_i", 3 0;
v0x138584d10_0 .var "s_RVALID_i", 1 0;
v0x138584dc0_0 .net "s_WDATA_o", 63 0, L_0x1385b23b0;  1 drivers
v0x138584e70_0 .net "s_WLAST_o", 1 0, L_0x1385b2250;  1 drivers
v0x138584f20_0 .var "s_WREADY_i", 1 0;
v0x138584fd0_0 .net "s_WVALID_o", 1 0, L_0x1385b2770;  1 drivers
S_0x13853e410 .scope module, "dut" "axi_interconnect" 8 85, 9 1 0, S_0x1383fb540;
 .timescale 0 0;
    .port_info 0 /INPUT 1 "ACLK_i";
    .port_info 1 /INPUT 1 "ARESETn_i";
    .port_info 2 /INPUT 5 "m_AWID_i";
    .port_info 3 /INPUT 32 "m_AWADDR_i";
    .port_info 4 /INPUT 2 "m_AWBURST_i";
    .port_info 5 /INPUT 3 "m_AWLEN_i";
    .port_info 6 /INPUT 3 "m_AWSIZE_i";
    .port_info 7 /INPUT 1 "m_AWVALID_i";
    .port_info 8 /INPUT 32 "m_WDATA_i";
    .port_info 9 /INPUT 1 "m_WLAST_i";
    .port_info 10 /INPUT 1 "m_WVALID_i";
    .port_info 11 /INPUT 1 "m_BREADY_i";
    .port_info 12 /INPUT 5 "m_ARID_i";
    .port_info 13 /INPUT 32 "m_ARADDR_i";
    .port_info 14 /INPUT 2 "m_ARBURST_i";
    .port_info 15 /INPUT 3 "m_ARLEN_i";
    .port_info 16 /INPUT 3 "m_ARSIZE_i";
    .port_info 17 /INPUT 1 "m_ARVALID_i";
    .port_info 18 /INPUT 1 "m_RREADY_i";
    .port_info 19 /INPUT 2 "s_AWREADY_i";
    .port_info 20 /INPUT 2 "s_WREADY_i";
    .port_info 21 /INPUT 10 "s_BID_i";
    .port_info 22 /INPUT 4 "s_BRESP_i";
    .port_info 23 /INPUT 2 "s_BVALID_i";
    .port_info 24 /INPUT 2 "s_ARREADY_i";
    .port_info 25 /INPUT 10 "s_RID_i";
    .port_info 26 /INPUT 64 "s_RDATA_i";
    .port_info 27 /INPUT 4 "s_RRESP_i";
    .port_info 28 /INPUT 2 "s_RLAST_i";
    .port_info 29 /INPUT 2 "s_RVALID_i";
    .port_info 30 /OUTPUT 1 "m_AWREADY_o";
    .port_info 31 /OUTPUT 1 "m_WREADY_o";
    .port_info 32 /OUTPUT 5 "m_BID_o";
    .port_info 33 /OUTPUT 2 "m_BRESP_o";
    .port_info 34 /OUTPUT 1 "m_BVALID_o";
    .port_info 35 /OUTPUT 1 "m_ARREADY_o";
    .port_info 36 /OUTPUT 5 "m_RID_o";
    .port_info 37 /OUTPUT 32 "m_RDATA_o";
    .port_info 38 /OUTPUT 2 "m_RRESP_o";
    .port_info 39 /OUTPUT 1 "m_RLAST_o";
    .port_info 40 /OUTPUT 1 "m_RVALID_o";
    .port_info 41 /OUTPUT 10 "s_AWID_o";
    .port_info 42 /OUTPUT 64 "s_AWADDR_o";
    .port_info 43 /OUTPUT 4 "s_AWBURST_o";
    .port_info 44 /OUTPUT 6 "s_AWLEN_o";
    .port_info 45 /OUTPUT 6 "s_AWSIZE_o";
    .port_info 46 /OUTPUT 2 "s_AWVALID_o";
    .port_info 47 /OUTPUT 64 "s_WDATA_o";
    .port_info 48 /OUTPUT 2 "s_WLAST_o";
    .port_info 49 /OUTPUT 2 "s_WVALID_o";
    .port_info 50 /OUTPUT 2 "s_BREADY_o";
    .port_info 51 /OUTPUT 10 "s_ARID_o";
    .port_info 52 /OUTPUT 64 "s_ARADDR_o";
    .port_info 53 /OUTPUT 4 "s_ARBURST_o";
    .port_info 54 /OUTPUT 6 "s_ARLEN_o";
    .port_info 55 /OUTPUT 6 "s_ARSIZE_o";
    .port_info 56 /OUTPUT 2 "s_ARVALID_o";
    .port_info 57 /OUTPUT 2 "s_RREADY_o";
P_0x14800a200 .param/l "ADDR_WIDTH" 0 9 12, +C4<00000000000000000000000000100000>;
P_0x14800a240 .param/l "DATA_WIDTH" 0 9 11, +C4<00000000000000000000000000100000>;
P_0x14800a280 .param/l "DSP_RDATA_DEPTH" 0 9 23, +C4<00000000000000000000000000010000>;
P_0x14800a2c0 .param/l "MST_AMT" 0 9 4, +C4<00000000000000000000000000000001>;
P_0x14800a300 .param/l "MST_ID_W" 0 9 8, +C4<00000000000000000000000000000000>;
P_0x14800a340 .param/l "MST_WEIGHT" 0 9 7, C4<00000000000000000000000000000001>;
P_0x14800a380 .param/l "OUTSTANDING_AMT" 0 9 6, +C4<00000000000000000000000000001000>;
P_0x14800a3c0 .param/l "SLV_AMT" 0 9 5, +C4<00000000000000000000000000000010>;
P_0x14800a400 .param/l "SLV_ID_LSB_IDX" 0 9 21, +C4<000000000000000000000000000011111>;
P_0x14800a440 .param/l "SLV_ID_MSB_IDX" 0 9 20, +C4<000000000000000000000000000011111>;
P_0x14800a480 .param/l "SLV_ID_W" 0 9 9, +C4<00000000000000000000000000000001>;
P_0x14800a4c0 .param/l "TRANS_BURST_W" 0 9 15, +C4<00000000000000000000000000000010>;
P_0x14800a500 .param/l "TRANS_DATA_LEN_W" 0 9 16, +C4<00000000000000000000000000000011>;
P_0x14800a540 .param/l "TRANS_DATA_SIZE_W" 0 9 17, +C4<00000000000000000000000000000011>;
P_0x14800a580 .param/l "TRANS_MST_ID_W" 0 9 13, +C4<00000000000000000000000000000101>;
P_0x14800a5c0 .param/l "TRANS_SLV_ID_W" 0 9 14, +C4<000000000000000000000000000000101>;
P_0x14800a600 .param/l "TRANS_WR_RESP_W" 0 9 18, +C4<00000000000000000000000000000010>;
v0x13857a9f0_0 .net "ACLK_i", 0 0, v0x13843e760_0;  1 drivers
v0x13857aa80_0 .net "ARESETn_i", 0 0, v0x13843e800_0;  1 drivers
v0x13857ab10 .array "dsp_sa_ARADDR_o", 0 0;
v0x13857ab10_0 .net v0x13857ab10 0, 63 0, L_0x1385d30a0; 1 drivers
v0x13857aba0 .array "dsp_sa_ARBURST_o", 0 0;
v0x13857aba0_0 .net v0x13857aba0 0, 3 0, L_0x1385d3270; 1 drivers
v0x13857ac30 .array "dsp_sa_ARID_o", 0 0;
v0x13857ac30_0 .net v0x13857ac30 0, 9 0, L_0x1385d2ed0; 1 drivers
v0x13857acc0 .array "dsp_sa_ARLEN_o", 0 0;
v0x13857acc0_0 .net v0x13857acc0 0, 5 0, L_0x1385d3440; 1 drivers
v0x13857ad50 .array "dsp_sa_ARREADY_i", 0 0;
v0x13857ad50_0 .net v0x13857ad50 0, 1 0, L_0x1385b5fe0; 1 drivers
v0x13857adf0 .array "dsp_sa_ARSIZE_o", 0 0;
v0x13857adf0_0 .net v0x13857adf0 0, 5 0, L_0x1385d3610; 1 drivers
v0x13857ae90 .array "dsp_sa_ARVALID_o", 0 0;
v0x13857ae90_0 .net v0x13857ae90 0, 1 0, L_0x1385d37e0; 1 drivers
v0x13857afa0 .array "dsp_sa_AR_outst_full_o", 0 0;
v0x13857afa0_0 .net v0x13857afa0 0, 1 0, L_0x1385d22c0; 1 drivers
v0x13857b030 .array "dsp_sa_AWADDR_o", 0 0;
v0x13857b030_0 .net v0x13857b030 0, 63 0, L_0x1385b90c0; 1 drivers
v0x13857b0d0 .array "dsp_sa_AWBURST_o", 0 0;
v0x13857b0d0_0 .net v0x13857b0d0 0, 3 0, L_0x1385b9290; 1 drivers
v0x13857b170 .array "dsp_sa_AWID_o", 0 0;
v0x13857b170_0 .net v0x13857b170 0, 9 0, L_0x1385b8ef0; 1 drivers
v0x13857b210 .array "dsp_sa_AWLEN_o", 0 0;
v0x13857b210_0 .net v0x13857b210 0, 5 0, L_0x1385b9460; 1 drivers
v0x13857b2b0 .array "dsp_sa_AWREADY_i", 0 0;
v0x13857b2b0_0 .net v0x13857b2b0 0, 1 0, L_0x1385b5b90; 1 drivers
v0x13857b350 .array "dsp_sa_AWSIZE_o", 0 0;
v0x13857b350_0 .net v0x13857b350 0, 5 0, L_0x1385b9630; 1 drivers
v0x13857b3f0 .array "dsp_sa_AWVALID_o", 0 0;
v0x13857b3f0_0 .net v0x13857b3f0 0, 1 0, L_0x1385b9830; 1 drivers
v0x13857b580 .array "dsp_sa_AW_outst_full_o", 0 0;
v0x13857b580_0 .net v0x13857b580 0, 1 0, L_0x1385b8040; 1 drivers
v0x13857b650 .array "dsp_sa_BID_i", 0 0;
v0x13857b650_0 .net v0x13857b650 0, 9 0, L_0x1385b5e50; 1 drivers
v0x13857b6e0 .array "dsp_sa_BREADY_o", 0 0;
v0x13857b6e0_0 .net v0x13857b6e0 0, 1 0, L_0x1385cbdc0; 1 drivers
v0x13857b770 .array "dsp_sa_BRESP_i", 0 0;
v0x13857b770_0 .net v0x13857b770 0, 3 0, L_0x1385b5d50; 1 drivers
v0x13857b800 .array "dsp_sa_BVALID_i", 0 0;
v0x13857b800_0 .net v0x13857b800 0, 1 0, L_0x1385b6240; 1 drivers
v0x13857b890 .array "dsp_sa_RDATA_i", 0 0;
v0x13857b890_0 .net v0x13857b890 0, 63 0, L_0x1385b6400; 1 drivers
v0x13857b920 .array "dsp_sa_RID_i", 0 0;
v0x13857b920_0 .net v0x13857b920 0, 9 0, L_0x1385b6590; 1 drivers
v0x13857b9b0 .array "dsp_sa_RLAST_i", 0 0;
v0x13857b9b0_0 .net v0x13857b9b0 0, 1 0, L_0x1385b6750; 1 drivers
v0x13857ba40 .array "dsp_sa_RREADY_o", 0 0;
v0x13857ba40_0 .net v0x13857ba40 0, 1 0, L_0x1385e5680; 1 drivers
v0x13857bad0 .array "dsp_sa_RRESP_i", 0 0;
v0x13857bad0_0 .net v0x13857bad0 0, 3 0, L_0x1385b6920; 1 drivers
v0x13857bb70 .array "dsp_sa_RVALID_i", 0 0;
v0x13857bb70_0 .net v0x13857bb70 0, 1 0, L_0x1385b6cd0; 1 drivers
v0x13857bc10 .array "dsp_sa_WDATA_o", 0 0;
v0x13857bc10_0 .net v0x13857bc10 0, 63 0, L_0x1385c0e60; 1 drivers
v0x13857bcb0 .array "dsp_sa_WLAST_o", 0 0;
v0x13857bcb0_0 .net v0x13857bcb0 0, 1 0, L_0x1385c0ff0; 1 drivers
v0x13857bd50 .array "dsp_sa_WREADY_i", 0 0;
v0x13857bd50_0 .net v0x13857bd50 0, 1 0, L_0x1385b3cf0; 1 drivers
v0x13857bdf0 .array "dsp_sa_WVALID_o", 0 0;
v0x13857bdf0_0 .net v0x13857bdf0 0, 1 0, L_0x1385c11c0; 1 drivers
v0x13857be90 .array "m_ARADDR", 0 0;
v0x13857be90_0 .net v0x13857be90 0, 31 0, L_0x1385af810; 1 drivers
v0x13857b490_0 .net "m_ARADDR_i", 31 0, v0x13843e8a0_0;  1 drivers
v0x13857c120 .array "m_ARBURST", 0 0;
v0x13857c120_0 .net v0x13857c120 0, 1 0, L_0x1385af930; 1 drivers
v0x13857c1b0_0 .net "m_ARBURST_i", 1 0, v0x1385828c0_0;  1 drivers
v0x13857c240 .array "m_ARID", 0 0;
v0x13857c240_0 .net v0x13857c240 0, 4 0, L_0x1385af6f0; 1 drivers
v0x13857c2d0_0 .net "m_ARID_i", 4 0, v0x138582970_0;  1 drivers
v0x13857c380 .array "m_ARLEN", 0 0;
v0x13857c380_0 .net v0x13857c380 0, 2 0, L_0x1385afaa0; 1 drivers
v0x13857c420_0 .net "m_ARLEN_i", 2 0, v0x138582a40_0;  1 drivers
v0x13857c4d0 .array "m_ARREADY", 0 0;
v0x13857c4d0_0 .net v0x13857c4d0 0, 0 0, L_0x1385dab90; 1 drivers
v0x13857c560_0 .net "m_ARREADY_o", 0 0, L_0x1385afe30;  alias, 1 drivers
v0x13857c610 .array "m_ARSIZE", 0 0;
v0x13857c610_0 .net v0x13857c610 0, 2 0, L_0x1385afbc0; 1 drivers
v0x13857c6b0_0 .net "m_ARSIZE_i", 2 0, v0x138582ba0_0;  1 drivers
v0x13857c760 .array "m_ARVALID", 0 0;
v0x13857c760_0 .net v0x13857c760 0, 0 0, L_0x1385afd40; 1 drivers
v0x13857c7f0_0 .net "m_ARVALID_i", 0 0, v0x138582c50_0;  1 drivers
v0x13857c8a0 .array "m_AWADDR", 0 0;
v0x13857c8a0_0 .net v0x13857c8a0 0, 31 0, L_0x1385ae8a0; 1 drivers
v0x13857c940_0 .net "m_AWADDR_i", 31 0, v0x138582d80_0;  1 drivers
v0x13857c9f0 .array "m_AWBURST", 0 0;
v0x13857c9f0_0 .net v0x13857c9f0 0, 1 0, L_0x1385ae9c0; 1 drivers
v0x13857ca90_0 .net "m_AWBURST_i", 1 0, v0x138582e10_0;  1 drivers
v0x13857cb40 .array "m_AWID", 0 0;
v0x13857cb40_0 .net v0x13857cb40 0, 4 0, L_0x1385ae780; 1 drivers
v0x13857cbe0_0 .net "m_AWID_i", 4 0, v0x138582ea0_0;  1 drivers
v0x13857cc90 .array "m_AWLEN", 0 0;
v0x13857cc90_0 .net v0x13857cc90 0, 2 0, L_0x1385aeae0; 1 drivers
v0x13857cd30_0 .net "m_AWLEN_i", 2 0, v0x138582f50_0;  1 drivers
v0x13857cde0 .array "m_AWREADY", 0 0;
v0x13857cde0_0 .net v0x13857cde0 0, 0 0, L_0x1385c0c00; 1 drivers
v0x13857ce70_0 .net "m_AWREADY_o", 0 0, L_0x1385aee10;  alias, 1 drivers
v0x13857cf20 .array "m_AWSIZE", 0 0;
v0x13857cf20_0 .net v0x13857cf20 0, 2 0, L_0x1385aec00; 1 drivers
v0x13857cfc0_0 .net "m_AWSIZE_i", 2 0, v0x1385830b0_0;  1 drivers
v0x13857d070 .array "m_AWVALID", 0 0;
v0x13857d070_0 .net v0x13857d070 0, 0 0, L_0x1385aed20; 1 drivers
v0x13857d100_0 .net "m_AWVALID_i", 0 0, v0x138583160_0;  1 drivers
v0x13857d1b0 .array "m_BID", 0 0;
v0x13857d1b0_0 .net v0x13857d1b0 0, 4 0, L_0x1385d1380; 1 drivers
v0x13857d250_0 .net "m_BID_o", 4 0, L_0x1385af3e0;  alias, 1 drivers
v0x13857d300 .array "m_BREADY", 0 0;
v0x13857d300_0 .net v0x13857d300 0, 0 0, L_0x1385af2f0; 1 drivers
v0x13857d390_0 .net "m_BREADY_i", 0 0, v0x1385833c0_0;  1 drivers
v0x13857d440 .array "m_BRESP", 0 0;
v0x13857d440_0 .net v0x13857d440 0, 1 0, L_0x1385d13f0; 1 drivers
v0x13857bf30_0 .net "m_BRESP_o", 1 0, L_0x1385af4d0;  alias, 1 drivers
v0x13857bfe0 .array "m_BVALID", 0 0;
v0x13857bfe0_0 .net v0x13857bfe0 0, 0 0, L_0x1385d1460; 1 drivers
v0x13857c070_0 .net "m_BVALID_o", 0 0, L_0x1385af600;  alias, 1 drivers
v0x13857d4d0 .array "m_RDATA", 0 0;
v0x13857d4d0_0 .net v0x13857d4d0 0, 31 0, L_0x1385e7c90; 1 drivers
v0x13857d570_0 .net "m_RDATA_o", 31 0, L_0x1385b0170;  alias, 1 drivers
v0x13857d620 .array "m_RID", 0 0;
v0x13857d620_0 .net v0x13857d620 0, 4 0, L_0x1385e7950; 1 drivers
v0x13857d6c0_0 .net "m_RID_o", 4 0, L_0x1385b0010;  alias, 1 drivers
v0x13857d770 .array "m_RLAST", 0 0;
v0x13857d770_0 .net v0x13857d770 0, 0 0, L_0x1385e7d70; 1 drivers
v0x13857d800_0 .net "m_RLAST_o", 0 0, L_0x1385b0100;  alias, 1 drivers
v0x13857d8b0 .array "m_RREADY", 0 0;
v0x13857d8b0_0 .net v0x13857d8b0 0, 0 0, L_0x1385aff20; 1 drivers
v0x13857d940_0 .net "m_RREADY_i", 0 0, v0x138583760_0;  1 drivers
v0x13857d9f0 .array "m_RRESP", 0 0;
v0x13857d9f0_0 .net v0x13857d9f0 0, 1 0, L_0x1385e7d00; 1 drivers
v0x13857da90_0 .net "m_RRESP_o", 1 0, L_0x138582ce0;  alias, 1 drivers
v0x13857db40 .array "m_RVALID", 0 0;
v0x13857db40_0 .net v0x13857db40 0, 0 0, L_0x1385e7e30; 1 drivers
v0x13857dbd0_0 .net "m_RVALID_o", 0 0, L_0x1385b03e0;  alias, 1 drivers
v0x13857dc80 .array "m_WDATA", 0 0;
v0x13857dc80_0 .net v0x13857dc80 0, 31 0, L_0x1385aef00; 1 drivers
v0x13857dd20_0 .net "m_WDATA_i", 31 0, v0x138583970_0;  1 drivers
v0x13857ddd0 .array "m_WLAST", 0 0;
v0x13857ddd0_0 .net v0x13857ddd0 0, 0 0, L_0x1385af020; 1 drivers
v0x13857de60_0 .net "m_WLAST_i", 0 0, v0x138583a20_0;  1 drivers
v0x13857df10 .array "m_WREADY", 0 0;
v0x13857df10_0 .net v0x13857df10 0, 0 0, L_0x1385c48b0; 1 drivers
v0x13857dfa0_0 .net "m_WREADY_o", 0 0, L_0x1385af200;  alias, 1 drivers
v0x13857e050 .array "m_WVALID", 0 0;
v0x13857e050_0 .net v0x13857e050 0, 0 0, L_0x1385af110; 1 drivers
v0x13857e0e0_0 .net "m_WVALID_i", 0 0, v0x138583b80_0;  1 drivers
v0x13857e190 .array "s_ARADDR", 0 1;
v0x13857e190_0 .net v0x13857e190 0, 31 0, L_0x1385ea240; 1 drivers
v0x13857e190_1 .net v0x13857e190 1, 31 0, L_0x1385ebd30; 1 drivers
v0x13857e260_0 .net "s_ARADDR_o", 63 0, L_0x1385b3090;  alias, 1 drivers
v0x13857e310 .array "s_ARBURST", 0 1;
v0x13857e310_0 .net v0x13857e310 0, 1 0, L_0x1385ea3c0; 1 drivers
v0x13857e310_1 .net v0x13857e310 1, 1 0, L_0x1385ebeb0; 1 drivers
v0x13857e3e0_0 .net "s_ARBURST_o", 3 0, L_0x1385b3220;  alias, 1 drivers
v0x13857e490 .array "s_ARID", 0 1;
v0x13857e490_0 .net v0x13857e490 0, 4 0, L_0x1385e9f70; 1 drivers
v0x13857e490_1 .net v0x13857e490 1, 4 0, L_0x1385eba20; 1 drivers
v0x13857e560_0 .net "s_ARID_o", 9 0, L_0x1385b2e70;  alias, 1 drivers
v0x13857e610 .array "s_ARLEN", 0 1;
v0x13857e610_0 .net v0x13857e610 0, 2 0, L_0x1385ea430; 1 drivers
v0x13857e610_1 .net v0x13857e610 1, 2 0, L_0x1385ebf20; 1 drivers
v0x13857e6e0_0 .net "s_ARLEN_o", 5 0, L_0x1385b3490;  alias, 1 drivers
v0x13857e790 .array "s_ARREADY", 0 1;
v0x13857e790_0 .net v0x13857e790 0, 0 0, L_0x1385b0da0; 1 drivers
v0x13857e790_1 .net v0x13857e790 1, 0 0, L_0x1385b2dd0; 1 drivers
v0x13857e850_0 .net "s_ARREADY_i", 1 0, v0x138584020_0;  1 drivers
v0x13857e900 .array "s_ARSIZE", 0 1;
v0x13857e900_0 .net v0x13857e900 0, 2 0, L_0x1385ea580; 1 drivers
v0x13857e900_1 .net v0x13857e900 1, 2 0, L_0x1385ec070; 1 drivers
v0x13857e9d0_0 .net "s_ARSIZE_o", 5 0, L_0x1385b35e0;  alias, 1 drivers
v0x13857ea80 .array "s_ARVALID", 0 1;
v0x13857ea80_0 .net v0x13857ea80 0, 0 0, L_0x1385ea5f0; 1 drivers
v0x13857ea80_1 .net v0x13857ea80 1, 0 0, L_0x1385ec120; 1 drivers
v0x13857eb40_0 .net "s_ARVALID_o", 1 0, L_0x1385b33f0;  alias, 1 drivers
v0x13857ebf0 .array "s_AWADDR", 0 1;
v0x13857ebf0_0 .net v0x13857ebf0 0, 31 0, L_0x1385e9480; 1 drivers
v0x13857ebf0_1 .net v0x13857ebf0 1, 31 0, L_0x1385eae70; 1 drivers
v0x13857ecc0_0 .net "s_AWADDR_o", 63 0, L_0x1385b1940;  alias, 1 drivers
v0x13857ed70 .array "s_AWBURST", 0 1;
v0x13857ed70_0 .net v0x13857ed70 0, 1 0, L_0x1385e9530; 1 drivers
v0x13857ed70_1 .net v0x13857ed70 1, 1 0, L_0x1385eaf60; 1 drivers
v0x13857ee40_0 .net "s_AWBURST_o", 3 0, L_0x1385b17e0;  alias, 1 drivers
v0x13857eef0 .array "s_AWID", 0 1;
v0x13857eef0_0 .net v0x13857eef0 0, 4 0, L_0x1385e9410; 1 drivers
v0x13857eef0_1 .net v0x13857eef0 1, 4 0, L_0x1385eaaa0; 1 drivers
v0x13857efc0_0 .net "s_AWID_o", 9 0, L_0x1385b18a0;  alias, 1 drivers
v0x13857f070 .array "s_AWLEN", 0 1;
v0x13857f070_0 .net v0x13857f070 0, 2 0, L_0x1385e9620; 1 drivers
v0x13857f070_1 .net v0x13857f070 1, 2 0, L_0x1385eb050; 1 drivers
v0x13857f140_0 .net "s_AWLEN_o", 5 0, L_0x1385b1d10;  alias, 1 drivers
v0x13857f1f0 .array "s_AWREADY", 0 1;
v0x13857f1f0_0 .net v0x13857f1f0 0, 0 0, L_0x1385b0560; 1 drivers
v0x13857f1f0_1 .net v0x13857f1f0 1, 0 0, L_0x1385b1740; 1 drivers
v0x13857f2b0_0 .net "s_AWREADY_i", 1 0, v0x1385844d0_0;  1 drivers
v0x13857f360 .array "s_AWSIZE", 0 1;
v0x13857f360_0 .net v0x13857f360 0, 2 0, L_0x1385e9710; 1 drivers
v0x13857f360_1 .net v0x13857f360 1, 2 0, L_0x1385eb140; 1 drivers
v0x13857f430_0 .net "s_AWSIZE_o", 5 0, L_0x1385b1a60;  alias, 1 drivers
v0x13857f4e0 .array "s_AWVALID", 0 1;
v0x13857f4e0_0 .net v0x13857f4e0 0, 0 0, L_0x1385e9800; 1 drivers
v0x13857f4e0_1 .net v0x13857f4e0 1, 0 0, L_0x1385eb230; 1 drivers
v0x13857f5a0_0 .net "s_AWVALID_o", 1 0, L_0x1385b20f0;  alias, 1 drivers
v0x13857f650 .array "s_BID", 0 1;
v0x13857f650_0 .net v0x13857f650 0, 4 0, L_0x1385b0a90; 1 drivers
v0x13857f650_1 .net v0x13857f650 1, 4 0, L_0x1385b29a0; 1 drivers
v0x13857f720_0 .net "s_BID_i", 9 0, v0x1385846e0_0;  1 drivers
v0x13857f7d0 .array "s_BREADY", 0 1;
v0x13857f7d0_0 .net v0x13857f7d0 0, 0 0, L_0x1385ea090; 1 drivers
v0x13857f7d0_1 .net v0x13857f7d0 1, 0 0, L_0x1385ebb40; 1 drivers
v0x13857f890_0 .net "s_BREADY_o", 1 0, L_0x1385b2c00;  alias, 1 drivers
v0x13857f940 .array "s_BRESP", 0 1;
v0x13857f940_0 .net v0x13857f940 0, 1 0, L_0x1385b0b30; 1 drivers
v0x13857f940_1 .net v0x13857f940 1, 1 0, L_0x1385b2a40; 1 drivers
v0x13857fa10_0 .net "s_BRESP_i", 3 0, v0x138584840_0;  1 drivers
v0x13857fac0 .array "s_BVALID", 0 1;
v0x13857fac0_0 .net v0x13857fac0 0, 0 0, L_0x1385b0c90; 1 drivers
v0x13857fac0_1 .net v0x13857fac0 1, 0 0, L_0x1385b2890; 1 drivers
v0x13857fb80_0 .net "s_BVALID_i", 1 0, v0x1385848f0_0;  1 drivers
v0x13857fc30 .array "s_RDATA", 0 1;
v0x13857fc30_0 .net v0x13857fc30 0, 31 0, L_0x1385b12d0; 1 drivers
v0x13857fc30_1 .net v0x13857fc30 1, 31 0, L_0x1385b3700; 1 drivers
v0x13857fd00_0 .net "s_RDATA_i", 63 0, v0x1385849a0_0;  1 drivers
v0x13857fdb0 .array "s_RID", 0 1;
v0x13857fdb0_0 .net v0x13857fdb0 0, 4 0, L_0x1385b1230; 1 drivers
v0x13857fdb0_1 .net v0x13857fdb0 1, 4 0, L_0x1385b3990; 1 drivers
v0x13857fe80_0 .net "s_RID_i", 9 0, v0x138584a50_0;  1 drivers
v0x13857ff30 .array "s_RLAST", 0 1;
v0x13857ff30_0 .net v0x13857ff30 0, 0 0, L_0x1385b14b0; 1 drivers
v0x13857ff30_1 .net v0x13857ff30 1, 0 0, L_0x1385b3bb0; 1 drivers
v0x13857fff0_0 .net "s_RLAST_i", 1 0, v0x138584b00_0;  1 drivers
v0x1385800a0 .array "s_RREADY", 0 1;
v0x1385800a0_0 .net v0x1385800a0 0, 0 0, L_0x1385ead40; 1 drivers
v0x1385800a0_1 .net v0x1385800a0 1, 0 0, L_0x1385ec8b0; 1 drivers
v0x138580160_0 .net "s_RREADY_o", 1 0, L_0x1385b3a30;  alias, 1 drivers
v0x138580210 .array "s_RRESP", 0 1;
v0x138580210_0 .net v0x138580210 0, 1 0, L_0x1385b1410; 1 drivers
v0x138580210_1 .net v0x138580210 1, 1 0, L_0x1385b37a0; 1 drivers
v0x1385802e0_0 .net "s_RRESP_i", 3 0, v0x138584c60_0;  1 drivers
v0x138580390 .array "s_RVALID", 0 1;
v0x138580390_0 .net v0x138580390 0, 0 0, L_0x1385b1370; 1 drivers
v0x138580390_1 .net v0x138580390 1, 0 0, L_0x1385b3c50; 1 drivers
v0x138580450_0 .net "s_RVALID_i", 1 0, v0x138584d10_0;  1 drivers
v0x138580500 .array "s_WDATA", 0 1;
v0x138580500_0 .net v0x138580500 0, 31 0, L_0x1385e99e0; 1 drivers
v0x138580500_1 .net v0x138580500 1, 31 0, L_0x1385eb450; 1 drivers
v0x1385805d0_0 .net "s_WDATA_o", 63 0, L_0x1385b23b0;  alias, 1 drivers
v0x138580680 .array "s_WLAST", 0 1;
v0x138580680_0 .net v0x138580680 0, 0 0, L_0x1385e9ad0; 1 drivers
v0x138580680_1 .net v0x138580680 1, 0 0, L_0x1385eb540; 1 drivers
v0x138580740_0 .net "s_WLAST_o", 1 0, L_0x1385b2250;  alias, 1 drivers
v0x1385807f0 .array "s_WREADY", 0 1;
v0x1385807f0_0 .net v0x1385807f0 0, 0 0, L_0x1385b0830; 1 drivers
v0x1385807f0_1 .net v0x1385807f0 1, 0 0, L_0x1385b1e30; 1 drivers
v0x1385808b0_0 .net "s_WREADY_i", 1 0, v0x138584f20_0;  1 drivers
v0x138580960 .array "s_WVALID", 0 1;
v0x138580960_0 .net v0x138580960 0, 0 0, L_0x1385e9c10; 1 drivers
v0x138580960_1 .net v0x138580960 1, 0 0, L_0x1385eb680; 1 drivers
v0x138580a20_0 .net "s_WVALID_o", 1 0, L_0x1385b2770;  alias, 1 drivers
v0x138580ad0 .array "sa_dsp_ARADDR_i", 0 1;
v0x138580ad0_0 .net v0x138580ad0 0, 31 0, L_0x1385b5440; 1 drivers
v0x138580ad0_1 .net v0x138580ad0 1, 31 0, L_0x1385b7850; 1 drivers
v0x138580ba0 .array "sa_dsp_ARBURST_i", 0 1;
v0x138580ba0_0 .net v0x138580ba0 0, 1 0, L_0x1385b54e0; 1 drivers
v0x138580ba0_1 .net v0x138580ba0 1, 1 0, L_0x1385b78f0; 1 drivers
v0x138580c70 .array "sa_dsp_ARID_i", 0 1;
v0x138580c70_0 .net v0x138580c70 0, 4 0, L_0x1385b5290; 1 drivers
v0x138580c70_1 .net v0x138580c70 1, 4 0, L_0x1385b7720; 1 drivers
v0x138580d40 .array "sa_dsp_ARLEN_i", 0 1;
v0x138580d40_0 .net v0x138580d40 0, 2 0, L_0x1385b56a0; 1 drivers
v0x138580d40_1 .net v0x138580d40 1, 2 0, L_0x1385b7a30; 1 drivers
v0x138580e10 .array "sa_dsp_ARREADY_o", 0 1;
v0x138580e10_0 .net v0x138580e10 0, 0 0, L_0x1385ea750; 1 drivers
v0x138580e10_1 .net v0x138580e10 1, 0 0, L_0x1385ec280; 1 drivers
v0x138580ee0 .array "sa_dsp_ARSIZE_i", 0 1;
v0x138580ee0_0 .net v0x138580ee0 0, 2 0, L_0x1385b5740; 1 drivers
v0x138580ee0_1 .net v0x138580ee0 1, 2 0, L_0x1385b7ad0; 1 drivers
v0x138580fb0 .array "sa_dsp_ARVALID_i", 0 1;
v0x138580fb0_0 .net v0x138580fb0 0, 0 0, L_0x1385b5600; 1 drivers
v0x138580fb0_1 .net v0x138580fb0 1, 0 0, L_0x1385b7990; 1 drivers
v0x138581080 .array "sa_dsp_AR_outst_full_i", 0 1;
v0x138581080_0 .net v0x138581080 0, 0 0, L_0x1385b5990; 1 drivers
v0x138581080_1 .net v0x138581080 1, 0 0, L_0x1385b7c20; 1 drivers
v0x138581150 .array "sa_dsp_AWADDR_i", 0 1;
v0x138581150_0 .net v0x138581150 0, 31 0, L_0x1385b4610; 1 drivers
v0x138581150_1 .net v0x138581150 1, 31 0, L_0x1385b6fe0; 1 drivers
v0x138581220 .array "sa_dsp_AWBURST_i", 0 1;
v0x138581220_0 .net v0x138581220 0, 1 0, L_0x1385b4750; 1 drivers
v0x138581220_1 .net v0x138581220 1, 1 0, L_0x1385b7080; 1 drivers
v0x1385812f0 .array "sa_dsp_AWID_i", 0 1;
v0x1385812f0_0 .net v0x1385812f0 0, 4 0, L_0x1385b44f0; 1 drivers
v0x1385812f0_1 .net v0x1385812f0 1, 4 0, L_0x1385b6af0; 1 drivers
v0x1385813c0 .array "sa_dsp_AWLEN_i", 0 1;
v0x1385813c0_0 .net v0x1385813c0 0, 2 0, L_0x1385b4870; 1 drivers
v0x1385813c0_1 .net v0x1385813c0 1, 2 0, L_0x1385b7120; 1 drivers
v0x138581490 .array "sa_dsp_AWREADY_o", 0 1;
v0x138581490_0 .net v0x138581490 0, 0 0, L_0x1385e98f0; 1 drivers
v0x138581490_1 .net v0x138581490 1, 0 0, L_0x1385eb320; 1 drivers
v0x138581560 .array "sa_dsp_AWSIZE_i", 0 1;
v0x138581560_0 .net v0x138581560 0, 2 0, L_0x1385b49e0; 1 drivers
v0x138581560_1 .net v0x138581560 1, 2 0, L_0x1385b71c0; 1 drivers
v0x138581630 .array "sa_dsp_AWVALID_i", 0 1;
v0x138581630_0 .net v0x138581630 0, 0 0, L_0x1385b4b00; 1 drivers
v0x138581630_1 .net v0x138581630 1, 0 0, L_0x1385b7260; 1 drivers
v0x138581700 .array "sa_dsp_AW_outst_full_i", 0 1;
v0x138581700_0 .net v0x138581700 0, 0 0, L_0x1385b4c80; 1 drivers
v0x138581700_1 .net v0x138581700 1, 0 0, L_0x1385b7300; 1 drivers
v0x1385817d0 .array "sa_dsp_BID_o", 0 1;
v0x1385817d0_0 .net v0x1385817d0 0, 4 0, L_0x1385e9dd0; 1 drivers
v0x1385817d0_1 .net v0x1385817d0 1, 4 0, L_0x1385eb880; 1 drivers
v0x1385818a0 .array "sa_dsp_BREADY_i", 0 1;
v0x1385818a0_0 .net v0x1385818a0 0, 0 0, L_0x1385b5170; 1 drivers
v0x1385818a0_1 .net v0x1385818a0 1, 0 0, L_0x1385b7680; 1 drivers
v0x138581970 .array "sa_dsp_BRESP_o", 0 1;
v0x138581970_0 .net v0x138581970 0, 1 0, L_0x1385e9e80; 1 drivers
v0x138581970_1 .net v0x138581970 1, 1 0, L_0x1385eb930; 1 drivers
v0x138581a40 .array "sa_dsp_BVALID_o", 0 1;
v0x138581a40_0 .net v0x138581a40 0, 0 0, L_0x1385e9fe0; 1 drivers
v0x138581a40_1 .net v0x138581a40 1, 0 0, L_0x1385eba90; 1 drivers
v0x138581b10 .array "sa_dsp_RDATA_o", 0 1;
v0x138581b10_0 .net v0x138581b10 0, 31 0, L_0x1385ea930; 1 drivers
v0x138581b10_1 .net v0x138581b10 1, 31 0, L_0x1385ec4a0; 1 drivers
v0x138581be0 .array "sa_dsp_RID_o", 0 1;
v0x138581be0_0 .net v0x138581be0 0, 4 0, L_0x1385ea7c0; 1 drivers
v0x138581be0_1 .net v0x138581be0 1, 4 0, L_0x1385ec330; 1 drivers
v0x138581cb0 .array "sa_dsp_RLAST_o", 0 1;
v0x138581cb0_0 .net v0x138581cb0 0, 0 0, L_0x1385eab30; 1 drivers
v0x138581cb0_1 .net v0x138581cb0 1, 0 0, L_0x1385ec6a0; 1 drivers
v0x138581d80 .array "sa_dsp_RREADY_i", 0 1;
v0x138581d80_0 .net v0x138581d80 0, 0 0, L_0x1385b5af0; 1 drivers
v0x138581d80_1 .net v0x138581d80 1, 0 0, L_0x1385b7d80; 1 drivers
v0x138581e50 .array "sa_dsp_RRESP_o", 0 1;
v0x138581e50_0 .net v0x138581e50 0, 1 0, L_0x1385ea6e0; 1 drivers
v0x138581e50_1 .net v0x138581e50 1, 1 0, L_0x1385ec210; 1 drivers
v0x138581f20 .array "sa_dsp_RVALID_o", 0 1;
v0x138581f20_0 .net v0x138581f20 0, 0 0, L_0x1385ea8b0; 1 drivers
v0x138581f20_1 .net v0x138581f20 1, 0 0, L_0x1385ec420; 1 drivers
v0x138581ff0 .array "sa_dsp_WDATA_i", 0 1;
v0x138581ff0_0 .net v0x138581ff0 0, 31 0, L_0x1385b4d20; 1 drivers
v0x138581ff0_1 .net v0x138581ff0 1, 31 0, L_0x1385b7420; 1 drivers
v0x1385820c0 .array "sa_dsp_WLAST_i", 0 1;
v0x1385820c0_0 .net v0x1385820c0 0, 0 0, L_0x1385b4eb0; 1 drivers
v0x1385820c0_1 .net v0x1385820c0 1, 0 0, L_0x1385b74c0; 1 drivers
v0x138582190 .array "sa_dsp_WREADY_o", 0 1;
v0x138582190_0 .net v0x138582190 0, 0 0, L_0x1385e9c80; 1 drivers
v0x138582190_1 .net v0x138582190 1, 0 0, L_0x1385eb730; 1 drivers
v0x138582260 .array "sa_dsp_WVALID_i", 0 1;
v0x138582260_0 .net v0x138582260 0, 0 0, L_0x1385b4fd0; 1 drivers
v0x138582260_1 .net v0x138582260 1, 0 0, L_0x1385b7560; 1 drivers
L_0x1385ae780 .part v0x138582ea0_0, 0, 5;
L_0x1385ae8a0 .part v0x138582d80_0, 0, 32;
L_0x1385ae9c0 .part v0x138582e10_0, 0, 2;
L_0x1385aeae0 .part v0x138582f50_0, 0, 3;
L_0x1385aec00 .part v0x1385830b0_0, 0, 3;
L_0x1385aef00 .part v0x138583970_0, 0, 32;
L_0x1385af6f0 .part v0x138582970_0, 0, 5;
L_0x1385af810 .part v0x13843e8a0_0, 0, 32;
L_0x1385af930 .part v0x1385828c0_0, 0, 2;
L_0x1385afaa0 .part v0x138582a40_0, 0, 3;
L_0x1385afbc0 .part v0x138582ba0_0, 0, 3;
L_0x1385b0560 .part v0x1385844d0_0, 0, 1;
L_0x1385b0830 .part v0x138584f20_0, 0, 1;
L_0x1385b0a90 .part v0x1385846e0_0, 0, 5;
L_0x1385b0b30 .part v0x138584840_0, 0, 2;
L_0x1385b0c90 .part v0x1385848f0_0, 0, 1;
L_0x1385b0da0 .part v0x138584020_0, 0, 1;
L_0x1385b1230 .part v0x138584a50_0, 0, 5;
L_0x1385b12d0 .part v0x1385849a0_0, 0, 32;
L_0x1385b1410 .part v0x138584c60_0, 0, 2;
L_0x1385b14b0 .part v0x138584b00_0, 0, 1;
L_0x1385b1370 .part v0x138584d10_0, 0, 1;
L_0x1385b1740 .part v0x1385844d0_0, 1, 1;
L_0x1385b18a0 .concat8 [ 5 5 0 0], L_0x1385b02e0, L_0x1385b1550;
L_0x1385b1940 .concat8 [ 32 32 0 0], L_0x1385b0600, L_0x1385b1b30;
L_0x1385b17e0 .concat8 [ 2 2 0 0], L_0x1385b0670, L_0x1385b1c60;
L_0x1385b1d10 .concat8 [ 3 3 0 0], L_0x1385b06e0, L_0x1385b1f10;
L_0x1385b1a60 .concat8 [ 3 3 0 0], L_0x1385b0750, L_0x1385b2040;
L_0x1385b20f0 .concat8 [ 1 1 0 0], L_0x1385b07c0, L_0x1385b2300;
L_0x1385b1e30 .part v0x138584f20_0, 1, 1;
L_0x1385b23b0 .concat8 [ 32 32 0 0], L_0x1385b0940, L_0x1385b2590;
L_0x1385b2250 .concat8 [ 1 1 0 0], L_0x1385b09b0, L_0x1385b26c0;
L_0x1385b2770 .concat8 [ 1 1 0 0], L_0x1385b0a20, L_0x1385b2490;
L_0x1385b29a0 .part v0x1385846e0_0, 5, 5;
L_0x1385b2a40 .part v0x138584840_0, 2, 2;
L_0x1385b2890 .part v0x1385848f0_0, 1, 1;
L_0x1385b2c00 .concat8 [ 1 1 0 0], L_0x1385b0d30, L_0x1385b2ae0;
L_0x1385b2dd0 .part v0x138584020_0, 1, 1;
L_0x1385b2e70 .concat8 [ 5 5 0 0], L_0x1385b0f10, L_0x1385b2ca0;
L_0x1385b3090 .concat8 [ 32 32 0 0], L_0x1385b0f80, L_0x1385b3170;
L_0x1385b3220 .concat8 [ 2 2 0 0], L_0x1385b0ff0, L_0x1385b2f50;
L_0x1385b3490 .concat8 [ 3 3 0 0], L_0x1385b10d0, L_0x1385b3530;
L_0x1385b35e0 .concat8 [ 3 3 0 0], L_0x1385b1140, L_0x1385b3340;
L_0x1385b33f0 .concat8 [ 1 1 0 0], L_0x1385b1060, L_0x1385b38e0;
L_0x1385b3990 .part v0x138584a50_0, 5, 5;
L_0x1385b3700 .part v0x1385849a0_0, 32, 32;
L_0x1385b37a0 .part v0x138584c60_0, 2, 2;
L_0x1385b3bb0 .part v0x138584b00_0, 1, 1;
L_0x1385b3c50 .part v0x138584d10_0, 1, 1;
L_0x1385b3a30 .concat8 [ 1 1 0 0], L_0x1385b1640, L_0x1385b3e80;
L_0x1385b5b90 .concat8 [ 1 1 0 0], L_0x1385b3f80, L_0x1385b4e40;
L_0x1385b3cf0 .concat8 [ 1 1 0 0], L_0x1385b2d50, L_0x1385b3e10;
L_0x1385b5e50 .concat8 [ 5 5 0 0], L_0x1385b3ff0, L_0x1385b5cb0;
L_0x1385b5d50 .concat8 [ 2 2 0 0], L_0x1385b4090, L_0x1385b61a0;
L_0x1385b6240 .concat8 [ 1 1 0 0], L_0x1385b4130, L_0x1385b5f70;
L_0x1385b5fe0 .concat8 [ 1 1 0 0], L_0x1385b41a0, L_0x1385b6520;
L_0x1385b6590 .concat8 [ 5 5 0 0], L_0x1385b4210, L_0x1385b6360;
L_0x1385b6400 .concat8 [ 32 32 0 0], L_0x1385b42b0, L_0x1385b6880;
L_0x1385b6920 .concat8 [ 2 2 0 0], L_0x1385b4350, L_0x1385b66b0;
L_0x1385b6750 .concat8 [ 1 1 0 0], L_0x1385b43f0, L_0x1385b6c20;
L_0x1385b6cd0 .concat8 [ 1 1 0 0], L_0x1385b4460, L_0x1385b6a40;
S_0x13853cfe0 .scope generate, "DSP_GEN[0]" "DSP_GEN[0]" 9 426, 9 426 0, S_0x13853e410;
 .timescale 0 0;
P_0x13f70f560 .param/l "mst_idx" 1 9 426, +C4<00>;
S_0x13853bbb0 .scope module, "dispatcher" "ai_dispatcher" 9 441, 10 1 0, S_0x13853cfe0;
 .timescale 0 0;
    .port_info 0 /INPUT 1 "ACLK_i";
    .port_info 1 /INPUT 1 "ARESETn_i";
    .port_info 2 /INPUT 5 "m_AWID_i";
    .port_info 3 /INPUT 32 "m_AWADDR_i";
    .port_info 4 /INPUT 2 "m_AWBURST_i";
    .port_info 5 /INPUT 3 "m_AWLEN_i";
    .port_info 6 /INPUT 3 "m_AWSIZE_i";
    .port_info 7 /INPUT 1 "m_AWVALID_i";
    .port_info 8 /INPUT 32 "m_WDATA_i";
    .port_info 9 /INPUT 1 "m_WLAST_i";
    .port_info 10 /INPUT 1 "m_WVALID_i";
    .port_info 11 /INPUT 1 "m_BREADY_i";
    .port_info 12 /INPUT 5 "m_ARID_i";
    .port_info 13 /INPUT 32 "m_ARADDR_i";
    .port_info 14 /INPUT 2 "m_ARBURST_i";
    .port_info 15 /INPUT 3 "m_ARLEN_i";
    .port_info 16 /INPUT 3 "m_ARSIZE_i";
    .port_info 17 /INPUT 1 "m_ARVALID_i";
    .port_info 18 /INPUT 1 "m_RREADY_i";
    .port_info 19 /INPUT 2 "sa_AWREADY_i";
    .port_info 20 /INPUT 2 "sa_WREADY_i";
    .port_info 21 /INPUT 10 "sa_BID_i";
    .port_info 22 /INPUT 4 "sa_BRESP_i";
    .port_info 23 /INPUT 2 "sa_BVALID_i";
    .port_info 24 /INPUT 2 "sa_ARREADY_i";
    .port_info 25 /INPUT 10 "sa_RID_i";
    .port_info 26 /INPUT 64 "sa_RDATA_i";
    .port_info 27 /INPUT 4 "sa_RRESP_i";
    .port_info 28 /INPUT 2 "sa_RLAST_i";
    .port_info 29 /INPUT 2 "sa_RVALID_i";
    .port_info 30 /OUTPUT 1 "m_AWREADY_o";
    .port_info 31 /OUTPUT 1 "m_WREADY_o";
    .port_info 32 /OUTPUT 5 "m_BID_o";
    .port_info 33 /OUTPUT 2 "m_BRESP_o";
    .port_info 34 /OUTPUT 1 "m_BVALID_o";
    .port_info 35 /OUTPUT 1 "m_ARREADY_o";
    .port_info 36 /OUTPUT 5 "m_RID_o";
    .port_info 37 /OUTPUT 32 "m_RDATA_o";
    .port_info 38 /OUTPUT 2 "m_RRESP_o";
    .port_info 39 /OUTPUT 1 "m_RLAST_o";
    .port_info 40 /OUTPUT 1 "m_RVALID_o";
    .port_info 41 /OUTPUT 10 "sa_AWID_o";
    .port_info 42 /OUTPUT 64 "sa_AWADDR_o";
    .port_info 43 /OUTPUT 4 "sa_AWBURST_o";
    .port_info 44 /OUTPUT 6 "sa_AWLEN_o";
    .port_info 45 /OUTPUT 6 "sa_AWSIZE_o";
    .port_info 46 /OUTPUT 2 "sa_AWVALID_o";
    .port_info 47 /OUTPUT 2 "sa_AW_outst_full_o";
    .port_info 48 /OUTPUT 64 "sa_WDATA_o";
    .port_info 49 /OUTPUT 2 "sa_WLAST_o";
    .port_info 50 /OUTPUT 2 "sa_WVALID_o";
    .port_info 51 /OUTPUT 2 "sa_BREADY_o";
    .port_info 52 /OUTPUT 10 "sa_ARID_o";
    .port_info 53 /OUTPUT 64 "sa_ARADDR_o";
    .port_info 54 /OUTPUT 4 "sa_ARBURST_o";
    .port_info 55 /OUTPUT 6 "sa_ARLEN_o";
    .port_info 56 /OUTPUT 6 "sa_ARSIZE_o";
    .port_info 57 /OUTPUT 2 "sa_ARVALID_o";
    .port_info 58 /OUTPUT 2 "sa_AR_outst_full_o";
    .port_info 59 /OUTPUT 2 "sa_RREADY_o";
P_0x13f7fe8f0 .param/l "ADDR_WIDTH" 0 10 8, +C4<00000000000000000000000000100000>;
P_0x13f7fe930 .param/l "DATA_WIDTH" 0 10 7, +C4<00000000000000000000000000100000>;
P_0x13f7fe970 .param/l "DSP_RDATA_DEPTH" 0 10 19, +C4<00000000000000000000000000010000>;
P_0x13f7fe9b0 .param/l "OUTSTANDING_AMT" 0 10 5, +C4<00000000000000000000000000001000>;
P_0x13f7fe9f0 .param/l "SLV_AMT" 0 10 4, +C4<00000000000000000000000000000010>;
P_0x13f7fea30 .param/l "SLV_ID_LSB_IDX" 0 10 17, +C4<000000000000000000000000000011111>;
P_0x13f7fea70 .param/l "SLV_ID_MSB_IDX" 0 10 16, +C4<000000000000000000000000000011111>;
P_0x13f7feab0 .param/l "SLV_ID_W" 0 10 15, +C4<00000000000000000000000000000001>;
P_0x13f7feaf0 .param/l "TRANS_BURST_W" 0 10 10, +C4<00000000000000000000000000000010>;
P_0x13f7feb30 .param/l "TRANS_DATA_LEN_W" 0 10 11, +C4<00000000000000000000000000000011>;
P_0x13f7feb70 .param/l "TRANS_DATA_SIZE_W" 0 10 12, +C4<00000000000000000000000000000011>;
P_0x13f7febb0 .param/l "TRANS_MST_ID_W" 0 10 9, +C4<00000000000000000000000000000101>;
P_0x13f7febf0 .param/l "TRANS_WR_RESP_W" 0 10 13, +C4<00000000000000000000000000000010>;
v0x1385441a0_0 .net "ACLK_i", 0 0, v0x13843e760_0;  alias, 1 drivers
v0x138573880_0 .net "ARESETn_i", 0 0, v0x13843e800_0;  alias, 1 drivers
v0x138573910_0 .net "m_ARADDR_i", 31 0, L_0x1385af810;  alias, 1 drivers
v0x1385739a0_0 .net "m_ARBURST_i", 1 0, L_0x1385af930;  alias, 1 drivers
v0x138573a70_0 .net "m_ARID_i", 4 0, L_0x1385af6f0;  alias, 1 drivers
v0x138573b80_0 .net "m_ARLEN_i", 2 0, L_0x1385afaa0;  alias, 1 drivers
v0x138573c50_0 .net "m_ARREADY_o", 0 0, L_0x1385dab90;  alias, 1 drivers
v0x138573d20_0 .net "m_ARSIZE_i", 2 0, L_0x1385afbc0;  alias, 1 drivers
v0x138573df0_0 .net "m_ARVALID_i", 0 0, L_0x1385afd40;  alias, 1 drivers
v0x138573f00_0 .net "m_AWADDR_i", 31 0, L_0x1385ae8a0;  alias, 1 drivers
v0x138573fd0_0 .net "m_AWBURST_i", 1 0, L_0x1385ae9c0;  alias, 1 drivers
v0x1385740a0_0 .net "m_AWID_i", 4 0, L_0x1385ae780;  alias, 1 drivers
v0x138574170_0 .net "m_AWLEN_i", 2 0, L_0x1385aeae0;  alias, 1 drivers
v0x138574240_0 .net "m_AWREADY_o", 0 0, L_0x1385c0c00;  alias, 1 drivers
v0x138574310_0 .net "m_AWSIZE_i", 2 0, L_0x1385aec00;  alias, 1 drivers
v0x1385743e0_0 .net "m_AWVALID_i", 0 0, L_0x1385aed20;  alias, 1 drivers
v0x1385744b0_0 .net "m_BID_o", 4 0, L_0x1385d1380;  alias, 1 drivers
v0x138574680_0 .net "m_BREADY_i", 0 0, L_0x1385af2f0;  alias, 1 drivers
v0x138574710_0 .net "m_BRESP_o", 1 0, L_0x1385d13f0;  alias, 1 drivers
v0x1385747a0_0 .net "m_BVALID_o", 0 0, L_0x1385d1460;  alias, 1 drivers
v0x138574870_0 .net "m_RDATA_o", 31 0, L_0x1385e7c90;  alias, 1 drivers
v0x138574900_0 .net "m_RID_o", 4 0, L_0x1385e7950;  alias, 1 drivers
v0x1385749d0_0 .net "m_RLAST_o", 0 0, L_0x1385e7d70;  alias, 1 drivers
v0x138574aa0_0 .net "m_RREADY_i", 0 0, L_0x1385aff20;  alias, 1 drivers
v0x138574b30_0 .net "m_RRESP_o", 1 0, L_0x1385e7d00;  alias, 1 drivers
v0x138574c00_0 .net "m_RVALID_o", 0 0, L_0x1385e7e30;  alias, 1 drivers
v0x138574cd0_0 .net "m_WDATA_i", 31 0, L_0x1385aef00;  alias, 1 drivers
v0x138574d60_0 .net "m_WLAST_i", 0 0, L_0x1385af020;  alias, 1 drivers
v0x138574e30_0 .net "m_WREADY_o", 0 0, L_0x1385c48b0;  alias, 1 drivers
v0x138574ec0_0 .net "m_WVALID_i", 0 0, L_0x1385af110;  alias, 1 drivers
v0x138574f90_0 .net "sa_ARADDR_o", 63 0, L_0x1385d30a0;  alias, 1 drivers
v0x138575060_0 .net "sa_ARBURST_o", 3 0, L_0x1385d3270;  alias, 1 drivers
v0x138575130_0 .net "sa_ARID_o", 9 0, L_0x1385d2ed0;  alias, 1 drivers
v0x138574540_0 .net "sa_ARLEN_o", 5 0, L_0x1385d3440;  alias, 1 drivers
v0x1385753c0_0 .net "sa_ARREADY_i", 1 0, L_0x1385b5fe0;  alias, 1 drivers
v0x138575490_0 .net "sa_ARSIZE_o", 5 0, L_0x1385d3610;  alias, 1 drivers
v0x138575560_0 .net "sa_ARVALID_o", 1 0, L_0x1385d37e0;  alias, 1 drivers
v0x1385755f0_0 .net "sa_AR_outst_full_o", 1 0, L_0x1385d22c0;  alias, 1 drivers
v0x138575680_0 .net "sa_AWADDR_o", 63 0, L_0x1385b90c0;  alias, 1 drivers
v0x138575750_0 .net "sa_AWBURST_o", 3 0, L_0x1385b9290;  alias, 1 drivers
v0x138575820_0 .net "sa_AWID_o", 9 0, L_0x1385b8ef0;  alias, 1 drivers
v0x1385758f0_0 .net "sa_AWLEN_o", 5 0, L_0x1385b9460;  alias, 1 drivers
v0x1385759c0_0 .net "sa_AWREADY_i", 1 0, L_0x1385b5b90;  alias, 1 drivers
v0x138575a90_0 .net "sa_AWSIZE_o", 5 0, L_0x1385b9630;  alias, 1 drivers
v0x138575b60_0 .net "sa_AWVALID_o", 1 0, L_0x1385b9830;  alias, 1 drivers
v0x138575c30_0 .net "sa_AW_outst_full_o", 1 0, L_0x1385b8040;  alias, 1 drivers
v0x138575cc0_0 .net "sa_BID_i", 9 0, L_0x1385b5e50;  alias, 1 drivers
v0x138575d90_0 .net "sa_BREADY_o", 1 0, L_0x1385cbdc0;  alias, 1 drivers
v0x138575e60_0 .net "sa_BRESP_i", 3 0, L_0x1385b5d50;  alias, 1 drivers
v0x138575f30_0 .net "sa_BVALID_i", 1 0, L_0x1385b6240;  alias, 1 drivers
v0x138576000_0 .net "sa_RDATA_i", 63 0, L_0x1385b6400;  alias, 1 drivers
v0x138576090_0 .net "sa_RID_i", 9 0, L_0x1385b6590;  alias, 1 drivers
v0x138576160_0 .net "sa_RLAST_i", 1 0, L_0x1385b6750;  alias, 1 drivers
v0x138576230_0 .net "sa_RREADY_o", 1 0, L_0x1385e5680;  alias, 1 drivers
v0x138576300_0 .net "sa_RRESP_i", 3 0, L_0x1385b6920;  alias, 1 drivers
v0x1385763d0_0 .net "sa_RVALID_i", 1 0, L_0x1385b6cd0;  alias, 1 drivers
v0x138576460_0 .net "sa_WDATA_o", 63 0, L_0x1385c0e60;  alias, 1 drivers
v0x138576530_0 .net "sa_WLAST_o", 1 0, L_0x1385c0ff0;  alias, 1 drivers
v0x138576600_0 .net "sa_WREADY_i", 1 0, L_0x1385b3cf0;  alias, 1 drivers
v0x1385766d0_0 .net "sa_WVALID_o", 1 0, L_0x1385c11c0;  alias, 1 drivers
S_0x13853a760 .scope module, "read_channel" "dsp_read_channel" 10 173, 11 1 0, S_0x13853bbb0;
 .timescale -9 -12;
    .port_info 0 /INPUT 1 "ACLK_i";
    .port_info 1 /INPUT 1 "ARESETn_i";
    .port_info 2 /INPUT 5 "m_ARID_i";
    .port_info 3 /INPUT 32 "m_ARADDR_i";
    .port_info 4 /INPUT 2 "m_ARBURST_i";
    .port_info 5 /INPUT 3 "m_ARLEN_i";
    .port_info 6 /INPUT 3 "m_ARSIZE_i";
    .port_info 7 /INPUT 1 "m_ARVALID_i";
    .port_info 8 /INPUT 1 "m_RREADY_i";
    .port_info 9 /INPUT 2 "sa_ARREADY_i";
    .port_info 10 /INPUT 10 "sa_RID_i";
    .port_info 11 /INPUT 64 "sa_RDATA_i";
    .port_info 12 /INPUT 4 "sa_RRESP_i";
    .port_info 13 /INPUT 2 "sa_RLAST_i";
    .port_info 14 /INPUT 2 "sa_RVALID_i";
    .port_info 15 /OUTPUT 1 "m_ARREADY_o";
    .port_info 16 /OUTPUT 5 "m_RID_o";
    .port_info 17 /OUTPUT 32 "m_RDATA_o";
    .port_info 18 /OUTPUT 2 "m_RRESP_o";
    .port_info 19 /OUTPUT 1 "m_RLAST_o";
    .port_info 20 /OUTPUT 1 "m_RVALID_o";
    .port_info 21 /OUTPUT 10 "sa_ARID_o";
    .port_info 22 /OUTPUT 64 "sa_ARADDR_o";
    .port_info 23 /OUTPUT 4 "sa_ARBURST_o";
    .port_info 24 /OUTPUT 6 "sa_ARLEN_o";
    .port_info 25 /OUTPUT 6 "sa_ARSIZE_o";
    .port_info 26 /OUTPUT 2 "sa_ARVALID_o";
    .port_info 27 /OUTPUT 2 "sa_AR_outst_full_o";
    .port_info 28 /OUTPUT 2 "sa_RREADY_o";
P_0x138215da0 .param/l "ADDR_WIDTH" 0 11 8, +C4<00000000000000000000000000100000>;
P_0x138215de0 .param/l "DATA_WIDTH" 0 11 7, +C4<00000000000000000000000000100000>;
P_0x138215e20 .param/l "DSP_RDATA_DEPTH" 0 11 19, +C4<00000000000000000000000000010000>;
P_0x138215e60 .param/l "OUTSTANDING_AMT" 0 11 5, +C4<00000000000000000000000000001000>;
P_0x138215ea0 .param/l "OUTST_CTN_W" 1 11 68, +C4<000000000000000000000000000000100>;
P_0x138215ee0 .param/l "SLV_AMT" 0 11 4, +C4<00000000000000000000000000000010>;
P_0x138215f20 .param/l "SLV_ID_LSB_IDX" 0 11 17, +C4<000000000000000000000000000011111>;
P_0x138215f60 .param/l "SLV_ID_MSB_IDX" 0 11 16, +C4<000000000000000000000000000011111>;
P_0x138215fa0 .param/l "SLV_ID_W" 0 11 15, +C4<00000000000000000000000000000001>;
P_0x138215fe0 .param/l "TRANS_BURST_W" 0 11 10, +C4<00000000000000000000000000000010>;
P_0x138216020 .param/l "TRANS_DATA_LEN_W" 0 11 11, +C4<00000000000000000000000000000011>;
P_0x138216060 .param/l "TRANS_DATA_SIZE_W" 0 11 12, +C4<00000000000000000000000000000011>;
P_0x1382160a0 .param/l "TRANS_MST_ID_W" 0 11 9, +C4<00000000000000000000000000000101>;
P_0x1382160e0 .param/l "TRANS_WR_RESP_W" 0 11 13, +C4<00000000000000000000000000000010>;
v0x13823a0b0_0 .net "ACLK_i", 0 0, v0x13843e760_0;  alias, 1 drivers
v0x1382059a0_0 .net "ARESETn_i", 0 0, v0x13843e800_0;  alias, 1 drivers
v0x138205a30_0 .net "AR_R_disable", 0 0, L_0x1385da970;  1 drivers
v0x138205ac0_0 .net "AR_R_slv_id", 0 0, L_0x1385da520;  1 drivers
v0x138205b50_0 .net "Ax_outst_ctn", 3 0, L_0x1385d6810;  1 drivers
v0x138205be0_0 .net "R_AR_RREADY_q1", 0 0, L_0x1385e7f90;  1 drivers
v0x13f7f0910_0 .net "R_AR_RVALID_q1", 0 0, L_0x1385e7ea0;  1 drivers
v0x13f7f09a0_0 .net "m_ARADDR_i", 31 0, L_0x1385af810;  alias, 1 drivers
v0x13f7f0a30_0 .net "m_ARBURST_i", 1 0, L_0x1385af930;  alias, 1 drivers
v0x13f7f0ac0_0 .net "m_ARID_i", 4 0, L_0x1385af6f0;  alias, 1 drivers
v0x13f7f0b50_0 .net "m_ARLEN_i", 2 0, L_0x1385afaa0;  alias, 1 drivers
v0x13f7f0be0_0 .net "m_ARREADY_o", 0 0, L_0x1385dab90;  alias, 1 drivers
v0x138298030_0 .net "m_ARSIZE_i", 2 0, L_0x1385afbc0;  alias, 1 drivers
v0x1382980c0_0 .net "m_ARVALID_i", 0 0, L_0x1385afd40;  alias, 1 drivers
v0x138298150_0 .net "m_RDATA_o", 31 0, L_0x1385e7c90;  alias, 1 drivers
v0x1382981e0_0 .net "m_RID_o", 4 0, L_0x1385e7950;  alias, 1 drivers
v0x138298270_0 .net "m_RLAST_o", 0 0, L_0x1385e7d70;  alias, 1 drivers
v0x138298300_0 .net "m_RREADY_i", 0 0, L_0x1385aff20;  alias, 1 drivers
v0x13846f070_0 .net "m_RRESP_o", 1 0, L_0x1385e7d00;  alias, 1 drivers
v0x13846f100_0 .net "m_RVALID_o", 0 0, L_0x1385e7e30;  alias, 1 drivers
v0x13846f190_0 .net "sa_ARADDR_o", 63 0, L_0x1385d30a0;  alias, 1 drivers
v0x13846f220_0 .net "sa_ARBURST_o", 3 0, L_0x1385d3270;  alias, 1 drivers
v0x1385433d0_0 .net "sa_ARID_o", 9 0, L_0x1385d2ed0;  alias, 1 drivers
v0x138543460_0 .net "sa_ARLEN_o", 5 0, L_0x1385d3440;  alias, 1 drivers
v0x1385434f0_0 .net "sa_ARREADY_i", 1 0, L_0x1385b5fe0;  alias, 1 drivers
v0x138543580_0 .net "sa_ARSIZE_o", 5 0, L_0x1385d3610;  alias, 1 drivers
v0x138543610_0 .net "sa_ARVALID_o", 1 0, L_0x1385d37e0;  alias, 1 drivers
v0x1385436a0_0 .net "sa_AR_outst_full_o", 1 0, L_0x1385d22c0;  alias, 1 drivers
v0x138543730_0 .net "sa_RDATA_i", 63 0, L_0x1385b6400;  alias, 1 drivers
v0x1385437c0_0 .net "sa_RID_i", 9 0, L_0x1385b6590;  alias, 1 drivers
v0x138543850_0 .net "sa_RLAST_i", 1 0, L_0x1385b6750;  alias, 1 drivers
v0x1385438e0_0 .net "sa_RREADY_o", 1 0, L_0x1385e5680;  alias, 1 drivers
v0x138543970_0 .net "sa_RRESP_i", 3 0, L_0x1385b6920;  alias, 1 drivers
v0x13846ef70_0 .net "sa_RVALID_i", 1 0, L_0x1385b6cd0;  alias, 1 drivers
L_0x1385d22c0 .concat8 [ 1 1 0 0], L_0x1385d21e0, L_0x1385d24c0;
S_0x138362a10 .scope module, "AR_channel" "dsp_Ax_channel" 11 102, 12 1 0, S_0x13853a760;
 .timescale -9 -12;
    .port_info 0 /INPUT 1 "ACLK_i";
    .port_info 1 /INPUT 1 "ARESETn_i";
    .port_info 2 /INPUT 5 "m_AxID_i";
    .port_info 3 /INPUT 32 "m_AxADDR_i";
    .port_info 4 /INPUT 2 "m_AxBURST_i";
    .port_info 5 /INPUT 3 "m_AxLEN_i";
    .port_info 6 /INPUT 3 "m_AxSIZE_i";
    .port_info 7 /INPUT 1 "m_AxVALID_i";
    .port_info 8 /INPUT 1 "m_xVALID_i";
    .port_info 9 /INPUT 1 "m_xREADY_i";
    .port_info 10 /INPUT 2 "sa_AxREADY_i";
    .port_info 11 /OUTPUT 1 "m_AxREADY_o";
    .port_info 12 /OUTPUT 10 "sa_AxID_o";
    .port_info 13 /OUTPUT 64 "sa_AxADDR_o";
    .port_info 14 /OUTPUT 4 "sa_AxBURST_o";
    .port_info 15 /OUTPUT 6 "sa_AxLEN_o";
    .port_info 16 /OUTPUT 6 "sa_AxSIZE_o";
    .port_info 17 /OUTPUT 2 "sa_AxVALID_o";
    .port_info 18 /OUTPUT 4 "sa_Ax_outst_ctn_o";
    .port_info 19 /OUTPUT 1 "dsp_xDATA_slv_id_o";
    .port_info 20 /OUTPUT 1 "dsp_xDATA_disable_o";
    .port_info 21 /OUTPUT 1 "dsp_WRESP_slv_id_o";
    .port_info 22 /OUTPUT 1 "dsp_WRESP_shift_en_o";
P_0x138542f50 .param/l "ADDR_INFO_W" 1 12 59, +C4<000000000000000000000000000000100>;
P_0x138542f90 .param/l "ADDR_WIDTH" 0 12 9, +C4<00000000000000000000000000100000>;
P_0x138542fd0 .param/l "Ax_INFO_W" 1 12 60, +C4<000000000000000000000000000000101101>;
P_0x138543010 .param/l "DATA_WIDTH" 0 12 8, +C4<00000000000000000000000000100000>;
P_0x138543050 .param/l "OUTSTANDING_AMT" 0 12 5, +C4<00000000000000000000000000001000>;
P_0x138543090 .param/l "OUTST_CTN_W" 0 12 6, +C4<000000000000000000000000000000100>;
P_0x1385430d0 .param/l "SLV_AMT" 0 12 4, +C4<00000000000000000000000000000010>;
P_0x138543110 .param/l "SLV_ID_LSB_IDX" 0 12 17, +C4<000000000000000000000000000011111>;
P_0x138543150 .param/l "SLV_ID_MAP_W" 1 12 61, +C4<00000000000000000000000000000000001>;
P_0x138543190 .param/l "SLV_ID_MSB_IDX" 0 12 16, +C4<000000000000000000000000000011111>;
P_0x1385431d0 .param/l "SLV_ID_W" 0 12 15, +C4<00000000000000000000000000000001>;
P_0x138543210 .param/l "TRANS_BURST_W" 0 12 11, +C4<00000000000000000000000000000010>;
P_0x138543250 .param/l "TRANS_DATA_LEN_W" 0 12 12, +C4<00000000000000000000000000000011>;
P_0x138543290 .param/l "TRANS_DATA_SIZE_W" 0 12 13, +C4<00000000000000000000000000000011>;
P_0x1385432d0 .param/l "TRANS_MST_ID_W" 0 12 10, +C4<00000000000000000000000000000101>;
L_0x1385d9880 .functor BUFZ 4, L_0x1385d59f0, C4<0000>, C4<0000>, C4<0000>;
L_0x1385d98f0 .functor BUFZ 1, L_0x1385d9a10, C4<0>, C4<0>, C4<0>;
L_0x1385d9960 .functor AND 1, L_0x1385d9df0, L_0x1385d9ac0, C4<1>, C4<1>;
L_0x1385d9a10 .functor AND 1, L_0x1385d8dd0, L_0x1385da230, C4<1>, C4<1>;
L_0x1385d9ac0 .functor AND 1, L_0x1385e7ea0, L_0x1385e7f90, C4<1>, C4<1>;
L_0x1385da060 .functor BUFZ 1, L_0x1385afd40, C4<0>, C4<0>, C4<0>;
L_0x1385d9f10 .functor NOT 1, L_0x1385d6480, C4<0>, C4<0>, C4<0>;
L_0x1385da230 .functor AND 1, L_0x1385da0d0, L_0x1385d9f10, C4<1>, C4<1>;
L_0x1385da8b0 .functor BUFZ 45, L_0x1385d8c00, C4<000000000000000000000000000000000000000000000>, C4<000000000000000000000000000000000000000000000>, C4<000000000000000000000000000000000000000000000>;
L_0x1385da520 .functor BUFZ 1, L_0x1385d96f0, C4<0>, C4<0>, C4<0>;
L_0x1385da970 .functor BUFZ 1, L_0x1385d5f30, C4<0>, C4<0>, C4<0>;
L_0x1385daa40 .functor BUFZ 1, L_0x1385d96f0, C4<0>, C4<0>, C4<0>;
L_0x1385daab0 .functor BUFZ 1, L_0x1385d9960, C4<0>, C4<0>, C4<0>;
L_0x1385dab90 .functor BUFZ 1, v0x1384534b0_0, C4<0>, C4<0>, C4<0>;
v0x1384b3140_0 .net "ACLK_i", 0 0, v0x13843e760_0;  alias, 1 drivers
v0x1384b31d0_0 .net "ARESETn_i", 0 0, v0x13843e800_0;  alias, 1 drivers
v0x1384f17e0_0 .net "AxLEN_valid", 2 0, L_0x1385d97e0;  1 drivers
v0x1384f1870_0 .net "Ax_handshake_occcur", 0 0, L_0x1385d9a10;  1 drivers
v0x1384ee260_0 .net *"_ivl_38", 3 0, L_0x1385d9880;  1 drivers
L_0x13007c4b0 .functor BUFT 1, C4<000>, C4<0>, C4<0>, C4<0>;
v0x1384ee2f0_0 .net/2u *"_ivl_47", 2 0, L_0x13007c4b0;  1 drivers
L_0x13007c4f8 .functor BUFT 1, C4<001>, C4<0>, C4<0>, C4<0>;
v0x1384eb420_0 .net/2u *"_ivl_51", 2 0, L_0x13007c4f8;  1 drivers
v0x1384eb4b0_0 .net *"_ivl_62", 0 0, L_0x1385da0d0;  1 drivers
v0x1384e9db0_0 .net *"_ivl_63", 0 0, L_0x1385d9f10;  1 drivers
v0x1384e9e40_0 .net *"_ivl_74", 44 0, L_0x1385da8b0;  1 drivers
v0x1384e9620_0 .net "addr_info", 3 0, L_0x1385d95d0;  1 drivers
v0x1384e96b0_0 .net "addr_info_valid", 3 0, L_0x1385d59f0;  1 drivers
v0x1384e9350_0 .net "addr_slv_mapping", 0 0, L_0x1385d94f0;  1 drivers
v0x1384e93e0_0 .net "dsp_WRESP_shift_en_o", 0 0, L_0x1385daab0;  1 drivers
v0x1384e5250_0 .net "dsp_WRESP_slv_id_o", 0 0, L_0x1385daa40;  1 drivers
v0x1384e52e0_0 .net "dsp_xDATA_disable_o", 0 0, L_0x1385da970;  alias, 1 drivers
v0x1384d42c0_0 .net "dsp_xDATA_slv_id_o", 0 0, L_0x1385da520;  alias, 1 drivers
v0x1384d4350_0 .net "fifo_xa_order_empty", 0 0, L_0x1385d5f30;  1 drivers
v0x1384d3860_0 .net "fifo_xa_order_full", 0 0, L_0x1385d6480;  1 drivers
v0x1384d38f0_0 .net "fifo_xa_order_rd_en", 0 0, L_0x1385d9960;  1 drivers
v0x1384cf740_0 .net "fifo_xa_order_wr_en", 0 0, L_0x1385d98f0;  1 drivers
v0x1384cf7d0_0 .net "m_AxADDR_i", 31 0, L_0x1385af810;  alias, 1 drivers
v0x1384a43a0_0 .net "m_AxBURST_i", 1 0, L_0x1385af930;  alias, 1 drivers
v0x1384a4430_0 .net "m_AxID_i", 4 0, L_0x1385af6f0;  alias, 1 drivers
v0x1384a2950_0 .net "m_AxLEN_i", 2 0, L_0x1385afaa0;  alias, 1 drivers
v0x1384a29e0_0 .net "m_AxREADY_o", 0 0, L_0x1385dab90;  alias, 1 drivers
v0x1384a10d0_0 .net "m_AxSIZE_i", 2 0, L_0x1385afbc0;  alias, 1 drivers
v0x1384a1160_0 .net "m_AxVALID_i", 0 0, L_0x1385afd40;  alias, 1 drivers
v0x1384a0d30_0 .net "m_xREADY_i", 0 0, L_0x1385e7f90;  alias, 1 drivers
v0x1384a0dc0_0 .net "m_xVALID_i", 0 0, L_0x1385e7ea0;  alias, 1 drivers
v0x1384a0950_0 .net "msb_bwd_data", 44 0, L_0x1385d9f80;  1 drivers
v0x1384a09e0_0 .net "msb_bwd_ready", 0 0, v0x1384534b0_0;  1 drivers
v0x13849fae0_0 .net "msb_bwd_valid", 0 0, L_0x1385da060;  1 drivers
v0x13849fb70_0 .net "msb_fwd_AxADDR", 31 0, L_0x1385da400;  1 drivers
v0x1384d3b30_0 .net "msb_fwd_AxBURST", 1 0, L_0x1385da5b0;  1 drivers
v0x1384d3bc0_0 .net "msb_fwd_AxID", 4 0, L_0x1385da360;  1 drivers
v0x13849e460_0 .net "msb_fwd_AxLEN", 2 0, L_0x1385da650;  1 drivers
v0x13849e4f0_0 .net "msb_fwd_AxSIZE", 2 0, L_0x1385da810;  1 drivers
v0x13849e020_0 .net "msb_fwd_data", 44 0, L_0x1385d8c00;  1 drivers
v0x13849e0b0_0 .net "msb_fwd_ready", 0 0, L_0x1385da230;  1 drivers
v0x13849c190_0 .net "msb_fwd_valid", 0 0, L_0x1385d8dd0;  1 drivers
v0x13849c220_0 .net "sa_AxADDR_o", 63 0, L_0x1385d30a0;  alias, 1 drivers
v0x1384965d0_0 .net "sa_AxBURST_o", 3 0, L_0x1385d3270;  alias, 1 drivers
v0x138496660_0 .net "sa_AxID_o", 9 0, L_0x1385d2ed0;  alias, 1 drivers
v0x138488d50_0 .net "sa_AxLEN_o", 5 0, L_0x1385d3440;  alias, 1 drivers
v0x138488de0_0 .net "sa_AxREADY_i", 1 0, L_0x1385b5fe0;  alias, 1 drivers
v0x138425070_0 .net "sa_AxSIZE_o", 5 0, L_0x1385d3610;  alias, 1 drivers
v0x138425100_0 .net "sa_AxVALID_o", 1 0, L_0x1385d37e0;  alias, 1 drivers
v0x13842a360_0 .net "sa_Ax_outst_ctn_o", 3 0, L_0x1385d6810;  alias, 1 drivers
v0x13842a3f0_0 .net "slv_id", 0 0, L_0x1385d96f0;  1 drivers
v0x138429a00_0 .net "transfer_ctn_incr", 2 0, L_0x1385d9cb0;  1 drivers
v0x138429a90_0 .net "transfer_ctn_match", 0 0, L_0x1385d9df0;  1 drivers
v0x138429540_0 .net "transfer_ctn_nxt", 2 0, L_0x1385d9b70;  1 drivers
v0x1384295d0_0 .var "transfer_ctn_r", 2 0;
v0x138426df0_0 .net "xDATA_handshake_occur", 0 0, L_0x1385d9ac0;  1 drivers
L_0x1385d2ed0 .concat8 [ 5 5 0 0], L_0x1385d2620, L_0x1385d2fb0;
L_0x1385d30a0 .concat8 [ 32 32 0 0], L_0x1385d2690, L_0x1385d3180;
L_0x1385d3270 .concat8 [ 2 2 0 0], L_0x1385d2720, L_0x1385d3350;
L_0x1385d3440 .concat8 [ 3 3 0 0], L_0x1385d27f0, L_0x1385d3520;
L_0x1385d3610 .concat8 [ 3 3 0 0], L_0x1385d28a0, L_0x1385d36f0;
L_0x1385d37e0 .concat8 [ 1 1 0 0], L_0x1385d2de0, L_0x1385d3c20;
L_0x1385d94f0 .part L_0x1385da400, 31, 1;
L_0x1385d95d0 .concat [ 3 1 0 0], L_0x1385da650, L_0x1385d94f0;
L_0x1385d96f0 .part L_0x1385d9880, 3, 1;
L_0x1385d97e0 .part L_0x1385d9880, 0, 3;
L_0x1385d9b70 .functor MUXZ 3, L_0x1385d9cb0, L_0x13007c4b0, L_0x1385d9df0, C4<>;
L_0x1385d9cb0 .arith/sum 3, v0x1384295d0_0, L_0x13007c4f8;
L_0x1385d9df0 .cmp/eq 3, v0x1384295d0_0, L_0x1385d97e0;
LS_0x1385d9f80_0_0 .concat [ 3 3 2 32], L_0x1385afbc0, L_0x1385afaa0, L_0x1385af930, L_0x1385af810;
LS_0x1385d9f80_0_4 .concat [ 5 0 0 0], L_0x1385af6f0;
L_0x1385d9f80 .concat [ 40 5 0 0], LS_0x1385d9f80_0_0, LS_0x1385d9f80_0_4;
L_0x1385da0d0 .part/v L_0x1385b5fe0, L_0x1385d94f0, 1;
L_0x1385da360 .part L_0x1385da8b0, 40, 5;
L_0x1385da400 .part L_0x1385da8b0, 8, 32;
L_0x1385da5b0 .part L_0x1385da8b0, 6, 2;
L_0x1385da650 .part L_0x1385da8b0, 3, 3;
L_0x1385da810 .part L_0x1385da8b0, 0, 3;
S_0x1385371a0 .scope generate, "SLV_LOGIC[0]" "SLV_LOGIC[0]" 12 151, 12 151 0, S_0x138362a10;
 .timescale -9 -12;
P_0x1382a36e0 .param/l "slv_idx" 1 12 151, +C4<00>;
L_0x1385d2620 .functor BUFZ 5, L_0x1385da360, C4<00000>, C4<00000>, C4<00000>;
L_0x1385d2690 .functor BUFZ 32, L_0x1385da400, C4<00000000000000000000000000000000>, C4<00000000000000000000000000000000>, C4<00000000000000000000000000000000>;
L_0x1385d2720 .functor BUFZ 2, L_0x1385da5b0, C4<00>, C4<00>, C4<00>;
L_0x1385d27f0 .functor BUFZ 3, L_0x1385da650, C4<000>, C4<000>, C4<000>;
L_0x1385d28a0 .functor BUFZ 3, L_0x1385da810, C4<000>, C4<000>, C4<000>;
L_0x1385d2c00 .functor AND 1, L_0x1385d8dd0, L_0x1385d2ac0, C4<1>, C4<1>;
L_0x1385d2cf0 .functor NOT 1, L_0x1385d6480, C4<0>, C4<0>, C4<0>;
L_0x1385d2de0 .functor AND 1, L_0x1385d2c00, L_0x1385d2cf0, C4<1>, C4<1>;
v0x138543310_0 .net *"_ivl_1", 4 0, L_0x1385d2620;  1 drivers
v0x1384ee850_0 .net *"_ivl_10", 2 0, L_0x1385d2980;  1 drivers
L_0x13007ba48 .functor BUFT 1, C4<00>, C4<0>, C4<0>, C4<0>;
v0x1384ee8e0_0 .net *"_ivl_13", 1 0, L_0x13007ba48;  1 drivers
L_0x13007ba90 .functor BUFT 1, C4<000>, C4<0>, C4<0>, C4<0>;
v0x1384eae70_0 .net/2u *"_ivl_14", 2 0, L_0x13007ba90;  1 drivers
v0x1384eaf00_0 .net *"_ivl_16", 0 0, L_0x1385d2ac0;  1 drivers
v0x1384eac50_0 .net *"_ivl_18", 0 0, L_0x1385d2c00;  1 drivers
v0x1384eace0_0 .net *"_ivl_20", 0 0, L_0x1385d2cf0;  1 drivers
v0x1384eba10_0 .net *"_ivl_22", 0 0, L_0x1385d2de0;  1 drivers
v0x1384ebaa0_0 .net *"_ivl_3", 31 0, L_0x1385d2690;  1 drivers
v0x1384e9f90_0 .net *"_ivl_5", 1 0, L_0x1385d2720;  1 drivers
v0x1384ea020_0 .net *"_ivl_7", 2 0, L_0x1385d27f0;  1 drivers
v0x1384e8000_0 .net *"_ivl_9", 2 0, L_0x1385d28a0;  1 drivers
L_0x1385d2980 .concat [ 1 2 0 0], L_0x1385d94f0, L_0x13007ba48;
L_0x1385d2ac0 .cmp/eq 3, L_0x1385d2980, L_0x13007ba90;
S_0x138534d40 .scope generate, "SLV_LOGIC[1]" "SLV_LOGIC[1]" 12 151, 12 151 0, S_0x138362a10;
 .timescale -9 -12;
P_0x1382a40b0 .param/l "slv_idx" 1 12 151, +C4<01>;
L_0x1385d2fb0 .functor BUFZ 5, L_0x1385da360, C4<00000>, C4<00000>, C4<00000>;
L_0x1385d3180 .functor BUFZ 32, L_0x1385da400, C4<00000000000000000000000000000000>, C4<00000000000000000000000000000000>, C4<00000000000000000000000000000000>;
L_0x1385d3350 .functor BUFZ 2, L_0x1385da5b0, C4<00>, C4<00>, C4<00>;
L_0x1385d3520 .functor BUFZ 3, L_0x1385da650, C4<000>, C4<000>, C4<000>;
L_0x1385d36f0 .functor BUFZ 3, L_0x1385da810, C4<000>, C4<000>, C4<000>;
L_0x1385d3ac0 .functor AND 1, L_0x1385d8dd0, L_0x1385d39a0, C4<1>, C4<1>;
L_0x1385d3b70 .functor NOT 1, L_0x1385d6480, C4<0>, C4<0>, C4<0>;
L_0x1385d3c20 .functor AND 1, L_0x1385d3ac0, L_0x1385d3b70, C4<1>, C4<1>;
v0x1384e8090_0 .net *"_ivl_1", 4 0, L_0x1385d2fb0;  1 drivers
v0x1384e5c90_0 .net *"_ivl_10", 2 0, L_0x1385d3880;  1 drivers
L_0x13007bad8 .functor BUFT 1, C4<00>, C4<0>, C4<0>, C4<0>;
v0x1384e5d20_0 .net *"_ivl_13", 1 0, L_0x13007bad8;  1 drivers
L_0x13007bb20 .functor BUFT 1, C4<001>, C4<0>, C4<0>, C4<0>;
v0x1384e5870_0 .net/2u *"_ivl_14", 2 0, L_0x13007bb20;  1 drivers
v0x1384e5900_0 .net *"_ivl_16", 0 0, L_0x1385d39a0;  1 drivers
v0x1384d44a0_0 .net *"_ivl_18", 0 0, L_0x1385d3ac0;  1 drivers
v0x1384d4530_0 .net *"_ivl_20", 0 0, L_0x1385d3b70;  1 drivers
v0x1384d3d50_0 .net *"_ivl_22", 0 0, L_0x1385d3c20;  1 drivers
v0x1384d3de0_0 .net *"_ivl_3", 31 0, L_0x1385d3180;  1 drivers
v0x1384d24f0_0 .net *"_ivl_5", 1 0, L_0x1385d3350;  1 drivers
v0x1384d2580_0 .net *"_ivl_7", 2 0, L_0x1385d3520;  1 drivers
v0x1384d0180_0 .net *"_ivl_9", 2 0, L_0x1385d36f0;  1 drivers
L_0x1385d3880 .concat [ 1 2 0 0], L_0x1385d94f0, L_0x13007bad8;
L_0x1385d39a0 .cmp/eq 3, L_0x1385d3880, L_0x13007bb20;
S_0x1385345a0 .scope module, "fifo_xaddr_order" "fifo" 12 106, 13 2 0, S_0x138362a10;
 .timescale -9 -12;
    .port_info 0 /INPUT 1 "clk";
    .port_info 1 /INPUT 4 "data_i";
    .port_info 2 /OUTPUT 4 "data_o";
    .port_info 3 /INPUT 1 "wr_valid_i";
    .port_info 4 /INPUT 1 "rd_valid_i";
    .port_info 5 /OUTPUT 1 "empty_o";
    .port_info 6 /OUTPUT 1 "full_o";
    .port_info 7 /OUTPUT 1 "almost_empty_o";
    .port_info 8 /OUTPUT 1 "almost_full_o";
    .port_info 9 /OUTPUT 4 "counter";
    .port_info 10 /INPUT 1 "rst_n";
P_0x1384cfd60 .param/l "ADDR_WIDTH" 0 13 7, +C4<00000000000000000000000000000011>;
P_0x1384cfda0 .param/l "DATA_WIDTH" 0 13 4, +C4<000000000000000000000000000000100>;
P_0x1384cfde0 .param/l "FIFO_DEPTH" 0 13 5, +C4<00000000000000000000000000001000>;
L_0x1385d59f0 .functor BUFZ 4, L_0x1385d57f0, C4<0000>, C4<0000>, C4<0000>;
L_0x1385d6410 .functor XOR 1, L_0x1385d6250, L_0x1385d62f0, C4<0>, C4<0>;
L_0x1385d6480 .functor AND 1, L_0x1385d61b0, L_0x1385d6410, C4<1>, C4<1>;
v0x138410200_0 .net *"_ivl_0", 3 0, L_0x1385d57f0;  1 drivers
L_0x13007c078 .functor BUFT 1, C4<0001>, C4<0>, C4<0>, C4<0>;
v0x1384116a0_0 .net/2u *"_ivl_12", 3 0, L_0x13007c078;  1 drivers
v0x138411730_0 .net *"_ivl_2", 4 0, L_0x1385d5890;  1 drivers
v0x138410d60_0 .net *"_ivl_24", 0 0, L_0x1385d61b0;  1 drivers
v0x138410df0_0 .net *"_ivl_27", 0 0, L_0x1385d6250;  1 drivers
v0x13840e230_0 .net *"_ivl_29", 0 0, L_0x1385d62f0;  1 drivers
v0x13840e2c0_0 .net *"_ivl_30", 0 0, L_0x1385d6410;  1 drivers
L_0x13007c0c0 .functor BUFT 1, C4<001>, C4<0>, C4<0>, C4<0>;
v0x13840de60_0 .net/2u *"_ivl_34", 2 0, L_0x13007c0c0;  1 drivers
v0x13840def0_0 .net *"_ivl_36", 2 0, L_0x1385d65b0;  1 drivers
L_0x13007bfe8 .functor BUFT 1, C4<00>, C4<0>, C4<0>, C4<0>;
v0x13840dd00_0 .net *"_ivl_5", 1 0, L_0x13007bfe8;  1 drivers
L_0x13007c030 .functor BUFT 1, C4<0001>, C4<0>, C4<0>, C4<0>;
v0x13840dd90_0 .net/2u *"_ivl_8", 3 0, L_0x13007c030;  1 drivers
v0x13840d830_0 .net "almost_empty_o", 0 0, L_0x1385d6050;  1 drivers
v0x13840d8c0_0 .net "almost_full_o", 0 0, L_0x1385d66b0;  1 drivers
v0x13840f0a0 .array "buffer", 7 0, 3 0;
v0x13840f130 .array "buffer_nxt", 7 0;
v0x13840f130_0 .net v0x13840f130 0, 3 0, L_0x1385d3f50; 1 drivers
v0x13840f130_1 .net v0x13840f130 1, 3 0, L_0x1385d42d0; 1 drivers
v0x13840f130_2 .net v0x13840f130 2, 3 0, L_0x1385d45d0; 1 drivers
v0x13840f130_3 .net v0x13840f130 3, 3 0, L_0x1385d4990; 1 drivers
v0x13840f130_4 .net v0x13840f130 4, 3 0, L_0x1385d4c90; 1 drivers
v0x13840f130_5 .net v0x13840f130 5, 3 0, L_0x1385d4fd0; 1 drivers
v0x13840f130_6 .net v0x13840f130 6, 3 0, L_0x1385d52f0; 1 drivers
v0x13840f130_7 .net v0x13840f130 7, 3 0, L_0x1385d5710; 1 drivers
v0x13840d5e0_0 .net "clk", 0 0, v0x13843e760_0;  alias, 1 drivers
v0x13840d670_0 .net "counter", 3 0, L_0x1385d6810;  alias, 1 drivers
v0x13840c480_0 .net "data_i", 3 0, L_0x1385d95d0;  alias, 1 drivers
v0x13840c510_0 .net "data_o", 3 0, L_0x1385d59f0;  alias, 1 drivers
v0x13840bbd0_0 .net "empty_o", 0 0, L_0x1385d5f30;  alias, 1 drivers
v0x13840bc60_0 .net "full_o", 0 0, L_0x1385d6480;  alias, 1 drivers
v0x13840b320_0 .var "rd_addr", 3 0;
v0x13840b3b0_0 .net "rd_addr_inc", 3 0, L_0x1385d5be0;  1 drivers
v0x13840aa70_0 .net "rd_addr_map", 2 0, L_0x1385d5e10;  1 drivers
v0x13840ab00_0 .net "rd_valid_i", 0 0, L_0x1385d9960;  alias, 1 drivers
v0x138409830_0 .net "rst_n", 0 0, v0x13843e800_0;  alias, 1 drivers
v0x1384098c0_0 .var "wr_addr", 3 0;
v0x138406e70_0 .net "wr_addr_inc", 3 0, L_0x1385d5ae0;  1 drivers
v0x138406f00_0 .net "wr_addr_map", 2 0, L_0x1385d5d00;  1 drivers
v0x138406a80_0 .net "wr_valid_i", 0 0, L_0x1385d98f0;  alias, 1 drivers
L_0x1385d57f0 .array/port v0x13840f0a0, L_0x1385d5890;
L_0x1385d5890 .concat [ 3 2 0 0], L_0x1385d5e10, L_0x13007bfe8;
L_0x1385d5ae0 .arith/sum 4, v0x1384098c0_0, L_0x13007c030;
L_0x1385d5be0 .arith/sum 4, v0x13840b320_0, L_0x13007c078;
L_0x1385d5d00 .part v0x1384098c0_0, 0, 3;
L_0x1385d5e10 .part v0x13840b320_0, 0, 3;
L_0x1385d5f30 .cmp/eq 4, v0x1384098c0_0, v0x13840b320_0;
L_0x1385d6050 .cmp/eq 4, L_0x1385d5be0, v0x1384098c0_0;
L_0x1385d61b0 .cmp/eq 3, L_0x1385d5d00, L_0x1385d5e10;
L_0x1385d6250 .part v0x1384098c0_0, 3, 1;
L_0x1385d62f0 .part v0x13840b320_0, 3, 1;
L_0x1385d65b0 .arith/sum 3, L_0x1385d5d00, L_0x13007c0c0;
L_0x1385d66b0 .cmp/eq 3, L_0x1385d65b0, L_0x1385d5e10;
L_0x1385d6810 .arith/sub 4, v0x1384098c0_0, v0x13840b320_0;
S_0x13852e890 .scope generate, "BUF_LOAD[0]" "BUF_LOAD[0]" 13 64, 13 64 0, S_0x1385345a0;
 .timescale -9 -12;
P_0x13829b310 .param/l "addr" 1 13 64, +C4<00>;
E_0x13829c580 .event posedge, v0x13840d5e0_0;
S_0x13852d440 .scope generate, "BUF_LOAD[1]" "BUF_LOAD[1]" 13 64, 13 64 0, S_0x1385345a0;
 .timescale -9 -12;
P_0x1382994d0 .param/l "addr" 1 13 64, +C4<01>;
S_0x13852bff0 .scope generate, "BUF_LOAD[2]" "BUF_LOAD[2]" 13 64, 13 64 0, S_0x1385345a0;
 .timescale -9 -12;
P_0x138298690 .param/l "addr" 1 13 64, +C4<010>;
S_0x13852aba0 .scope generate, "BUF_LOAD[3]" "BUF_LOAD[3]" 13 64, 13 64 0, S_0x1385345a0;
 .timescale -9 -12;
P_0x1382992a0 .param/l "addr" 1 13 64, +C4<011>;
S_0x138529750 .scope generate, "BUF_LOAD[4]" "BUF_LOAD[4]" 13 64, 13 64 0, S_0x1385345a0;
 .timescale -9 -12;
P_0x13829d430 .param/l "addr" 1 13 64, +C4<0100>;
S_0x138528320 .scope generate, "BUF_LOAD[5]" "BUF_LOAD[5]" 13 64, 13 64 0, S_0x1385345a0;
 .timescale -9 -12;
P_0x1382998a0 .param/l "addr" 1 13 64, +C4<0101>;
S_0x138526ef0 .scope generate, "BUF_LOAD[6]" "BUF_LOAD[6]" 13 64, 13 64 0, S_0x1385345a0;
 .timescale -9 -12;
P_0x13829da90 .param/l "addr" 1 13 64, +C4<0110>;
S_0x138525aa0 .scope generate, "BUF_LOAD[7]" "BUF_LOAD[7]" 13 64, 13 64 0, S_0x1385345a0;
 .timescale -9 -12;
P_0x138293930 .param/l "addr" 1 13 64, +C4<0111>;
S_0x1383c33c0 .scope generate, "BUF_NXT_GEN[0]" "BUF_NXT_GEN[0]" 13 56, 13 56 0, S_0x1385345a0;
 .timescale -9 -12;
P_0x13829d100 .param/l "addr" 1 13 56, +C4<00>;
v0x1384d0210_0 .net *"_ivl_1", 3 0, L_0x1385d3d50;  1 drivers
L_0x13007bb68 .functor BUFT 1, C4<0>, C4<0>, C4<0>, C4<0>;
v0x1384a2420_0 .net *"_ivl_4", 0 0, L_0x13007bb68;  1 drivers
L_0x13007bbb0 .functor BUFT 1, C4<0000>, C4<0>, C4<0>, C4<0>;
v0x1384a24b0_0 .net/2u *"_ivl_5", 3 0, L_0x13007bbb0;  1 drivers
v0x13849fd70_0 .net *"_ivl_7", 0 0, L_0x1385d3e30;  1 drivers
L_0x1385d3d50 .concat [ 3 1 0 0], L_0x1385d5d00, L_0x13007bb68;
L_0x1385d3e30 .cmp/eq 4, L_0x1385d3d50, L_0x13007bbb0;
v0x13840f0a0_0 .array/port v0x13840f0a0, 0;
L_0x1385d3f50 .functor MUXZ 4, v0x13840f0a0_0, L_0x1385d95d0, L_0x1385d3e30, C4<>;
S_0x13836d0b0 .scope generate, "BUF_NXT_GEN[1]" "BUF_NXT_GEN[1]" 13 56, 13 56 0, S_0x1385345a0;
 .timescale -9 -12;
P_0x138295680 .param/l "addr" 1 13 56, +C4<01>;
v0x13849fe00_0 .net *"_ivl_1", 3 0, L_0x1385d4070;  1 drivers
L_0x13007bbf8 .functor BUFT 1, C4<0>, C4<0>, C4<0>, C4<0>;
v0x138499380_0 .net *"_ivl_4", 0 0, L_0x13007bbf8;  1 drivers
L_0x13007bc40 .functor BUFT 1, C4<0001>, C4<0>, C4<0>, C4<0>;
v0x138499410_0 .net/2u *"_ivl_5", 3 0, L_0x13007bc40;  1 drivers
v0x138497010_0 .net *"_ivl_7", 0 0, L_0x1385d4190;  1 drivers
L_0x1385d4070 .concat [ 3 1 0 0], L_0x1385d5d00, L_0x13007bbf8;
L_0x1385d4190 .cmp/eq 4, L_0x1385d4070, L_0x13007bc40;
v0x13840f0a0_1 .array/port v0x13840f0a0, 1;
L_0x1385d42d0 .functor MUXZ 4, v0x13840f0a0_1, L_0x1385d95d0, L_0x1385d4190, C4<>;
S_0x13836c620 .scope generate, "BUF_NXT_GEN[2]" "BUF_NXT_GEN[2]" 13 56, 13 56 0, S_0x1385345a0;
 .timescale -9 -12;
P_0x1382940b0 .param/l "addr" 1 13 56, +C4<010>;
v0x1384970a0_0 .net *"_ivl_1", 3 0, L_0x1385d43b0;  1 drivers
L_0x13007bc88 .functor BUFT 1, C4<0>, C4<0>, C4<0>, C4<0>;
v0x138496bf0_0 .net *"_ivl_4", 0 0, L_0x13007bc88;  1 drivers
L_0x13007bcd0 .functor BUFT 1, C4<0010>, C4<0>, C4<0>, C4<0>;
v0x138496c80_0 .net/2u *"_ivl_5", 3 0, L_0x13007bcd0;  1 drivers
v0x13848bb00_0 .net *"_ivl_7", 0 0, L_0x1385d4490;  1 drivers
L_0x1385d43b0 .concat [ 3 1 0 0], L_0x1385d5d00, L_0x13007bc88;
L_0x1385d4490 .cmp/eq 4, L_0x1385d43b0, L_0x13007bcd0;
v0x13840f0a0_2 .array/port v0x13840f0a0, 2;
L_0x1385d45d0 .functor MUXZ 4, v0x13840f0a0_2, L_0x1385d95d0, L_0x1385d4490, C4<>;
S_0x13836a740 .scope generate, "BUF_NXT_GEN[3]" "BUF_NXT_GEN[3]" 13 56, 13 56 0, S_0x1385345a0;
 .timescale -9 -12;
P_0x1382713b0 .param/l "addr" 1 13 56, +C4<011>;
v0x13848bb90_0 .net *"_ivl_1", 3 0, L_0x1385d4730;  1 drivers
L_0x13007bd18 .functor BUFT 1, C4<0>, C4<0>, C4<0>, C4<0>;
v0x138489790_0 .net *"_ivl_4", 0 0, L_0x13007bd18;  1 drivers
L_0x13007bd60 .functor BUFT 1, C4<0011>, C4<0>, C4<0>, C4<0>;
v0x138489820_0 .net/2u *"_ivl_5", 3 0, L_0x13007bd60;  1 drivers
v0x138489370_0 .net *"_ivl_7", 0 0, L_0x1385d4870;  1 drivers
L_0x1385d4730 .concat [ 3 1 0 0], L_0x1385d5d00, L_0x13007bd18;
L_0x1385d4870 .cmp/eq 4, L_0x1385d4730, L_0x13007bd60;
v0x13840f0a0_3 .array/port v0x13840f0a0, 3;
L_0x1385d4990 .functor MUXZ 4, v0x13840f0a0_3, L_0x1385d95d0, L_0x1385d4870, C4<>;
S_0x13836a590 .scope generate, "BUF_NXT_GEN[4]" "BUF_NXT_GEN[4]" 13 56, 13 56 0, S_0x1385345a0;
 .timescale -9 -12;
P_0x1382719c0 .param/l "addr" 1 13 56, +C4<0100>;
v0x138489400_0 .net *"_ivl_1", 4 0, L_0x1385d4a70;  1 drivers
L_0x13007bda8 .functor BUFT 1, C4<00>, C4<0>, C4<0>, C4<0>;
v0x138425790_0 .net *"_ivl_4", 1 0, L_0x13007bda8;  1 drivers
L_0x13007bdf0 .functor BUFT 1, C4<00100>, C4<0>, C4<0>, C4<0>;
v0x138425820_0 .net/2u *"_ivl_5", 4 0, L_0x13007bdf0;  1 drivers
v0x138419ad0_0 .net *"_ivl_7", 0 0, L_0x1385d4b50;  1 drivers
L_0x1385d4a70 .concat [ 3 2 0 0], L_0x1385d5d00, L_0x13007bda8;
L_0x1385d4b50 .cmp/eq 5, L_0x1385d4a70, L_0x13007bdf0;
v0x13840f0a0_4 .array/port v0x13840f0a0, 4;
L_0x1385d4c90 .functor MUXZ 4, v0x13840f0a0_4, L_0x1385d95d0, L_0x1385d4b50, C4<>;
S_0x138368a00 .scope generate, "BUF_NXT_GEN[5]" "BUF_NXT_GEN[5]" 13 56, 13 56 0, S_0x1385345a0;
 .timescale -9 -12;
P_0x1382707f0 .param/l "addr" 1 13 56, +C4<0101>;
v0x138419b60_0 .net *"_ivl_1", 4 0, L_0x1385d4d70;  1 drivers
L_0x13007be38 .functor BUFT 1, C4<00>, C4<0>, C4<0>, C4<0>;
v0x138412770_0 .net *"_ivl_4", 1 0, L_0x13007be38;  1 drivers
L_0x13007be80 .functor BUFT 1, C4<00101>, C4<0>, C4<0>, C4<0>;
v0x138412800_0 .net/2u *"_ivl_5", 4 0, L_0x13007be80;  1 drivers
v0x138412050_0 .net *"_ivl_7", 0 0, L_0x1385d4e90;  1 drivers
L_0x1385d4d70 .concat [ 3 2 0 0], L_0x1385d5d00, L_0x13007be38;
L_0x1385d4e90 .cmp/eq 5, L_0x1385d4d70, L_0x13007be80;
v0x13840f0a0_5 .array/port v0x13840f0a0, 5;
L_0x1385d4fd0 .functor MUXZ 4, v0x13840f0a0_5, L_0x1385d95d0, L_0x1385d4e90, C4<>;
S_0x13835f110 .scope generate, "BUF_NXT_GEN[6]" "BUF_NXT_GEN[6]" 13 56, 13 56 0, S_0x1385345a0;
 .timescale -9 -12;
P_0x13826b420 .param/l "addr" 1 13 56, +C4<0110>;
v0x1384120e0_0 .net *"_ivl_1", 4 0, L_0x1385d50b0;  1 drivers
L_0x13007bec8 .functor BUFT 1, C4<00>, C4<0>, C4<0>, C4<0>;
v0x138413b20_0 .net *"_ivl_4", 1 0, L_0x13007bec8;  1 drivers
L_0x13007bf10 .functor BUFT 1, C4<00110>, C4<0>, C4<0>, C4<0>;
v0x138413bb0_0 .net/2u *"_ivl_5", 4 0, L_0x13007bf10;  1 drivers
v0x138411c50_0 .net *"_ivl_7", 0 0, L_0x1385d51b0;  1 drivers
L_0x1385d50b0 .concat [ 3 2 0 0], L_0x1385d5d00, L_0x13007bec8;
L_0x1385d51b0 .cmp/eq 5, L_0x1385d50b0, L_0x13007bf10;
v0x13840f0a0_6 .array/port v0x13840f0a0, 6;
L_0x1385d52f0 .functor MUXZ 4, v0x13840f0a0_6, L_0x1385d95d0, L_0x1385d51b0, C4<>;
S_0x138453070 .scope generate, "BUF_NXT_GEN[7]" "BUF_NXT_GEN[7]" 13 56, 13 56 0, S_0x1385345a0;
 .timescale -9 -12;
P_0x13826adf0 .param/l "addr" 1 13 56, +C4<0111>;
v0x138411ce0_0 .net *"_ivl_1", 4 0, L_0x1385d54d0;  1 drivers
L_0x13007bf58 .functor BUFT 1, C4<00>, C4<0>, C4<0>, C4<0>;
v0x138410450_0 .net *"_ivl_4", 1 0, L_0x13007bf58;  1 drivers
L_0x13007bfa0 .functor BUFT 1, C4<00111>, C4<0>, C4<0>, C4<0>;
v0x1384104e0_0 .net/2u *"_ivl_5", 4 0, L_0x13007bfa0;  1 drivers
v0x138410170_0 .net *"_ivl_7", 0 0, L_0x1385d5670;  1 drivers
L_0x1385d54d0 .concat [ 3 2 0 0], L_0x1385d5d00, L_0x13007bf58;
L_0x1385d5670 .cmp/eq 5, L_0x1385d54d0, L_0x13007bfa0;
v0x13840f0a0_7 .array/port v0x13840f0a0, 7;
L_0x1385d5710 .functor MUXZ 4, v0x13840f0a0_7, L_0x1385d95d0, L_0x1385d5670, C4<>;
S_0x13844f7a0 .scope module, "mst_skid_buffer" "skid_buffer" 12 123, 7 1 0, S_0x138362a10;
 .timescale -9 -12;
    .port_info 0 /INPUT 1 "clk";
    .port_info 1 /INPUT 1 "rst_n";
    .port_info 2 /INPUT 45 "bwd_data_i";
    .port_info 3 /INPUT 1 "bwd_valid_i";
    .port_info 4 /INPUT 1 "fwd_ready_i";
    .port_info 5 /OUTPUT 45 "fwd_data_o";
    .port_info 6 /OUTPUT 1 "bwd_ready_o";
    .port_info 7 /OUTPUT 1 "fwd_valid_o";
P_0x13f7d5d50 .param/l "DATA_WIDTH" 0 7 4, +C4<000000000000000000000000000000101101>;
P_0x13f7d5d90 .param/l "SBUF_TYPE" 0 7 3, +C4<00000000000000000000000000000001>;
v0x1384bc990_0 .net "bwd_data_i", 44 0, L_0x1385d9f80;  alias, 1 drivers
v0x1384bca20_0 .net "bwd_ready_o", 0 0, v0x1384534b0_0;  alias, 1 drivers
v0x1384bafd0_0 .net "bwd_valid_i", 0 0, L_0x1385da060;  alias, 1 drivers
v0x1384bb060_0 .net "clk", 0 0, v0x13843e760_0;  alias, 1 drivers
v0x1384bab90_0 .net "fwd_data_o", 44 0, L_0x1385d8c00;  alias, 1 drivers
v0x1384bac20_0 .net "fwd_ready_i", 0 0, L_0x1385da230;  alias, 1 drivers
v0x1384b8d00_0 .net "fwd_valid_o", 0 0, L_0x1385d8dd0;  alias, 1 drivers
v0x1384b8d90_0 .net "rst_n", 0 0, v0x13843e800_0;  alias, 1 drivers
S_0x138449620 .scope generate, "OPT_BWD_TIMING" "OPT_BWD_TIMING" 7 94, 7 94 0, S_0x13844f7a0;
 .timescale -9 -12;
L_0x1385d8860 .functor NOT 1, L_0x1385d8780, C4<0>, C4<0>, C4<0>;
L_0x1385d8910 .functor NOT 1, L_0x1385d8470, C4<0>, C4<0>, C4<0>;
L_0x1385d8980 .functor AND 1, L_0x1385d8860, L_0x1385d8910, C4<1>, C4<1>;
L_0x1385d8a70 .functor NOT 1, L_0x1385d8240, C4<0>, C4<0>, C4<0>;
L_0x1385d8b10 .functor AND 1, L_0x1385d8980, L_0x1385d8a70, C4<1>, C4<1>;
L_0x1385d8ce0 .functor NOT 1, L_0x1385d7cf0, C4<0>, C4<0>, C4<0>;
L_0x1385d8dd0 .functor OR 1, L_0x1385d93c0, L_0x1385d8ce0, C4<0>, C4<0>;
L_0x1385d8ec0 .functor BUFZ 45, v0x1383f94e0_0, C4<000000000000000000000000000000000000000000000>, C4<000000000000000000000000000000000000000000000>, C4<000000000000000000000000000000000000000000000>;
L_0x1385d8fc0 .functor NOT 1, L_0x1385d7cf0, C4<0>, C4<0>, C4<0>;
L_0x1385d9030 .functor NOT 1, L_0x1385d92a0, C4<0>, C4<0>, C4<0>;
L_0x1385d9100 .functor OR 1, L_0x1385d8fc0, L_0x1385d9030, C4<0>, C4<0>;
L_0x1385d9170 .functor AND 1, L_0x1385d93c0, L_0x1385d9100, C4<1>, C4<1>;
L_0x1385d9310 .functor BUFZ 1, L_0x1385d92a0, C4<0>, C4<0>, C4<0>;
L_0x1385d93c0 .functor AND 1, v0x138453420_0, v0x138450700_0, C4<1>, C4<1>;
L_0x1385d92a0 .functor AND 1, L_0x1385da230, L_0x1385d8dd0, C4<1>, C4<1>;
v0x1385188b0_0 .net *"_ivl_10", 0 0, L_0x1385d8980;  1 drivers
v0x13835de20_0 .net *"_ivl_12", 0 0, L_0x1385d8a70;  1 drivers
v0x13835deb0_0 .net *"_ivl_18", 0 0, L_0x1385d8ce0;  1 drivers
L_0x13007c468 .functor BUFT 1, C4<010>, C4<0>, C4<0>, C4<0>;
v0x1383fd410_0 .net/2u *"_ivl_2", 2 0, L_0x13007c468;  1 drivers
v0x1383fd4a0_0 .net *"_ivl_24", 0 0, L_0x1385d8fc0;  1 drivers
v0x1383f8780_0 .net *"_ivl_26", 0 0, L_0x1385d9030;  1 drivers
v0x1383f8810_0 .net *"_ivl_28", 0 0, L_0x1385d9100;  1 drivers
v0x1383f9a90_0 .net *"_ivl_4", 0 0, L_0x1385d8780;  1 drivers
v0x1383f9b20_0 .net *"_ivl_6", 0 0, L_0x1385d8860;  1 drivers
v0x1383f9450_0 .net *"_ivl_8", 0 0, L_0x1385d8910;  1 drivers
v0x1383f94e0_0 .var "bwd_data_q", 44 0;
v0x138453810_0 .net "bwd_handshake", 0 0, L_0x1385d93c0;  1 drivers
v0x1384538a0_0 .net "bwd_ready_d", 0 0, L_0x1385d8b10;  1 drivers
v0x138453420_0 .var "bwd_ready_prev_q", 0 0;
v0x1384534b0_0 .var "bwd_ready_q", 0 0;
v0x138450700_0 .var "bwd_valid_q", 0 0;
v0x138450790_0 .net "fwd_handshake", 0 0, L_0x1385d92a0;  1 drivers
v0x138467bc0_0 .net "inter_fifo_almost_full", 0 0, L_0x1385d8470;  1 drivers
v0x138467c50_0 .net "inter_fifo_counter", 2 0, L_0x1385d8610;  1 drivers
v0x138465630_0 .net "inter_fifo_data_i", 44 0, L_0x1385d8ec0;  1 drivers
v0x1384656c0_0 .net "inter_fifo_data_o", 44 0, L_0x1385d77d0;  1 drivers
v0x13843fc30_0 .net "inter_fifo_empty", 0 0, L_0x1385d7cf0;  1 drivers
v0x13843fcc0_0 .net "inter_fifo_full", 0 0, L_0x1385d8240;  1 drivers
v0x13843cc90_0 .net "inter_fifo_rd_en", 0 0, L_0x1385d9310;  1 drivers
v0x13843cd20_0 .net "inter_fifo_wr_en", 0 0, L_0x1385d9170;  1 drivers
L_0x1385d8780 .cmp/eq 3, L_0x1385d8610, L_0x13007c468;
L_0x1385d8c00 .functor MUXZ 45, L_0x1385d77d0, v0x1383f94e0_0, L_0x1385d7cf0, C4<>;
S_0x138440ae0 .scope module, "fifo" "fifo" 7 122, 13 2 0, S_0x138449620;
 .timescale -9 -12;
    .port_info 0 /INPUT 1 "clk";
    .port_info 1 /INPUT 45 "data_i";
    .port_info 2 /OUTPUT 45 "data_o";
    .port_info 3 /INPUT 1 "wr_valid_i";
    .port_info 4 /INPUT 1 "rd_valid_i";
    .port_info 5 /OUTPUT 1 "empty_o";
    .port_info 6 /OUTPUT 1 "full_o";
    .port_info 7 /OUTPUT 1 "almost_empty_o";
    .port_info 8 /OUTPUT 1 "almost_full_o";
    .port_info 9 /OUTPUT 3 "counter";
    .port_info 10 /INPUT 1 "rst_n";
P_0x138507820 .param/l "ADDR_WIDTH" 0 13 7, +C4<00000000000000000000000000000010>;
P_0x138507860 .param/l "DATA_WIDTH" 0 13 4, +C4<000000000000000000000000000000101101>;
P_0x1385078a0 .param/l "FIFO_DEPTH" 0 13 5, +C4<00000000000000000000000000000100>;
L_0x1385d77d0 .functor BUFZ 45, L_0x1385d75b0, C4<000000000000000000000000000000000000000000000>, C4<000000000000000000000000000000000000000000000>, C4<000000000000000000000000000000000000000000000>;
L_0x1385d81d0 .functor XOR 1, L_0x1385d8010, L_0x1385d80b0, C4<0>, C4<0>;
L_0x1385d8240 .functor AND 1, L_0x1385d7f70, L_0x1385d81d0, C4<1>, C4<1>;
v0x13846a820_0 .net *"_ivl_0", 44 0, L_0x1385d75b0;  1 drivers
L_0x13007c3d8 .functor BUFT 1, C4<001>, C4<0>, C4<0>, C4<0>;
v0x1384e9ae0_0 .net/2u *"_ivl_12", 2 0, L_0x13007c3d8;  1 drivers
v0x1384e9b70_0 .net *"_ivl_2", 3 0, L_0x1385d7670;  1 drivers
v0x1384d3ff0_0 .net *"_ivl_24", 0 0, L_0x1385d7f70;  1 drivers
v0x1384d4080_0 .net *"_ivl_27", 0 0, L_0x1385d8010;  1 drivers
v0x13840a210_0 .net *"_ivl_29", 0 0, L_0x1385d80b0;  1 drivers
v0x13840a2a0_0 .net *"_ivl_30", 0 0, L_0x1385d81d0;  1 drivers
L_0x13007c420 .functor BUFT 1, C4<01>, C4<0>, C4<0>, C4<0>;
v0x13846df90_0 .net/2u *"_ivl_34", 1 0, L_0x13007c420;  1 drivers
v0x13846e020_0 .net *"_ivl_36", 1 0, L_0x1385d8370;  1 drivers
L_0x13007c348 .functor BUFT 1, C4<00>, C4<0>, C4<0>, C4<0>;
v0x1384694b0_0 .net *"_ivl_5", 1 0, L_0x13007c348;  1 drivers
L_0x13007c390 .functor BUFT 1, C4<001>, C4<0>, C4<0>, C4<0>;
v0x138469540_0 .net/2u *"_ivl_8", 2 0, L_0x13007c390;  1 drivers
v0x1384610e0_0 .net "almost_empty_o", 0 0, L_0x1385d7e10;  1 drivers
v0x138461170_0 .net "almost_full_o", 0 0, L_0x1385d8470;  alias, 1 drivers
v0x13845c4c0 .array "buffer", 3 0, 44 0;
v0x13845c550 .array "buffer_nxt", 3 0;
v0x13845c550_0 .net v0x13845c550 0, 44 0, L_0x1385d6a90; 1 drivers
v0x13845c550_1 .net v0x13845c550 1, 44 0, L_0x1385d6df0; 1 drivers
v0x13845c550_2 .net v0x13845c550 2, 44 0, L_0x1385d7110; 1 drivers
v0x13845c550_3 .net v0x13845c550 3, 44 0, L_0x1385d74d0; 1 drivers
v0x13843f660_0 .net "clk", 0 0, v0x13843e760_0;  alias, 1 drivers
v0x13843f6f0_0 .net "counter", 2 0, L_0x1385d8610;  alias, 1 drivers
v0x13843eac0_0 .net "data_i", 44 0, L_0x1385d8ec0;  alias, 1 drivers
v0x13843eb50_0 .net "data_o", 44 0, L_0x1385d77d0;  alias, 1 drivers
v0x13843d920_0 .net "empty_o", 0 0, L_0x1385d7cf0;  alias, 1 drivers
v0x13843d9b0_0 .net "full_o", 0 0, L_0x1385d8240;  alias, 1 drivers
v0x138438ec0_0 .var "rd_addr", 2 0;
v0x138438f50_0 .net "rd_addr_inc", 2 0, L_0x1385d79c0;  1 drivers
v0x13843bc60_0 .net "rd_addr_map", 1 0, L_0x1385d7bd0;  1 drivers
v0x13843bcf0_0 .net "rd_valid_i", 0 0, L_0x1385d9310;  alias, 1 drivers
v0x13843b690_0 .net "rst_n", 0 0, v0x13843e800_0;  alias, 1 drivers
v0x13843b720_0 .var "wr_addr", 2 0;
v0x13843acd0_0 .net "wr_addr_inc", 2 0, L_0x1385d78c0;  1 drivers
v0x13843ad60_0 .net "wr_addr_map", 1 0, L_0x1385d7ac0;  1 drivers
v0x138518820_0 .net "wr_valid_i", 0 0, L_0x1385d9170;  alias, 1 drivers
L_0x1385d75b0 .array/port v0x13845c4c0, L_0x1385d7670;
L_0x1385d7670 .concat [ 2 2 0 0], L_0x1385d7bd0, L_0x13007c348;
L_0x1385d78c0 .arith/sum 3, v0x13843b720_0, L_0x13007c390;
L_0x1385d79c0 .arith/sum 3, v0x138438ec0_0, L_0x13007c3d8;
L_0x1385d7ac0 .part v0x13843b720_0, 0, 2;
L_0x1385d7bd0 .part v0x138438ec0_0, 0, 2;
L_0x1385d7cf0 .cmp/eq 3, v0x13843b720_0, v0x138438ec0_0;
L_0x1385d7e10 .cmp/eq 3, L_0x1385d79c0, v0x13843b720_0;
L_0x1385d7f70 .cmp/eq 2, L_0x1385d7ac0, L_0x1385d7bd0;
L_0x1385d8010 .part v0x13843b720_0, 2, 1;
L_0x1385d80b0 .part v0x138438ec0_0, 2, 1;
L_0x1385d8370 .arith/sum 2, L_0x1385d7ac0, L_0x13007c420;
L_0x1385d8470 .cmp/eq 2, L_0x1385d8370, L_0x1385d7bd0;
L_0x1385d8610 .arith/sub 3, v0x13843b720_0, v0x138438ec0_0;
S_0x13846b940 .scope generate, "BUF_LOAD[0]" "BUF_LOAD[0]" 13 64, 13 64 0, S_0x138440ae0;
 .timescale -9 -12;
P_0x138258110 .param/l "addr" 1 13 64, +C4<00>;
S_0x13846b240 .scope generate, "BUF_LOAD[1]" "BUF_LOAD[1]" 13 64, 13 64 0, S_0x138440ae0;
 .timescale -9 -12;
P_0x1382562c0 .param/l "addr" 1 13 64, +C4<01>;
S_0x13846ab20 .scope generate, "BUF_LOAD[2]" "BUF_LOAD[2]" 13 64, 13 64 0, S_0x138440ae0;
 .timescale -9 -12;
P_0x13825beb0 .param/l "addr" 1 13 64, +C4<010>;
S_0x138469d90 .scope generate, "BUF_LOAD[3]" "BUF_LOAD[3]" 13 64, 13 64 0, S_0x138440ae0;
 .timescale -9 -12;
P_0x13825a4f0 .param/l "addr" 1 13 64, +C4<011>;
S_0x138469680 .scope generate, "BUF_NXT_GEN[0]" "BUF_NXT_GEN[0]" 13 56, 13 56 0, S_0x138440ae0;
 .timescale -9 -12;
P_0x138258870 .param/l "addr" 1 13 56, +C4<00>;
v0x138406b10_0 .net *"_ivl_1", 2 0, L_0x1385d6910;  1 drivers
L_0x13007c108 .functor BUFT 1, C4<0>, C4<0>, C4<0>, C4<0>;
v0x138507400_0 .net *"_ivl_4", 0 0, L_0x13007c108;  1 drivers
L_0x13007c150 .functor BUFT 1, C4<000>, C4<0>, C4<0>, C4<0>;
v0x138507490_0 .net/2u *"_ivl_5", 2 0, L_0x13007c150;  1 drivers
v0x138538100_0 .net *"_ivl_7", 0 0, L_0x1385d69b0;  1 drivers
L_0x1385d6910 .concat [ 2 1 0 0], L_0x1385d7ac0, L_0x13007c108;
L_0x1385d69b0 .cmp/eq 3, L_0x1385d6910, L_0x13007c150;
v0x13845c4c0_0 .array/port v0x13845c4c0, 0;
L_0x1385d6a90 .functor MUXZ 45, v0x13845c4c0_0, L_0x1385d8ec0, L_0x1385d69b0, C4<>;
S_0x13846e870 .scope generate, "BUF_NXT_GEN[1]" "BUF_NXT_GEN[1]" 13 56, 13 56 0, S_0x138440ae0;
 .timescale -9 -12;
P_0x1382560a0 .param/l "addr" 1 13 56, +C4<01>;
v0x138538190_0 .net *"_ivl_1", 2 0, L_0x1385d6bb0;  1 drivers
L_0x13007c198 .functor BUFT 1, C4<0>, C4<0>, C4<0>, C4<0>;
v0x138535d90_0 .net *"_ivl_4", 0 0, L_0x13007c198;  1 drivers
L_0x13007c1e0 .functor BUFT 1, C4<001>, C4<0>, C4<0>, C4<0>;
v0x138535e20_0 .net/2u *"_ivl_5", 2 0, L_0x13007c1e0;  1 drivers
v0x138535970_0 .net *"_ivl_7", 0 0, L_0x1385d6cd0;  1 drivers
L_0x1385d6bb0 .concat [ 2 1 0 0], L_0x1385d7ac0, L_0x13007c198;
L_0x1385d6cd0 .cmp/eq 3, L_0x1385d6bb0, L_0x13007c1e0;
v0x13845c4c0_1 .array/port v0x13845c4c0, 1;
L_0x1385d6df0 .functor MUXZ 45, v0x13845c4c0_1, L_0x1385d8ec0, L_0x1385d6cd0, C4<>;
S_0x13846e160 .scope generate, "BUF_NXT_GEN[2]" "BUF_NXT_GEN[2]" 13 56, 13 56 0, S_0x138440ae0;
 .timescale -9 -12;
P_0x138255c70 .param/l "addr" 1 13 56, +C4<010>;
v0x138535a00_0 .net *"_ivl_1", 3 0, L_0x1385d6ed0;  1 drivers
L_0x13007c228 .functor BUFT 1, C4<00>, C4<0>, C4<0>, C4<0>;
v0x13836d260_0 .net *"_ivl_4", 1 0, L_0x13007c228;  1 drivers
L_0x13007c270 .functor BUFT 1, C4<0010>, C4<0>, C4<0>, C4<0>;
v0x13836d2f0_0 .net/2u *"_ivl_5", 3 0, L_0x13007c270;  1 drivers
v0x1383686c0_0 .net *"_ivl_7", 0 0, L_0x1385d6fd0;  1 drivers
L_0x1385d6ed0 .concat [ 2 2 0 0], L_0x1385d7ac0, L_0x13007c228;
L_0x1385d6fd0 .cmp/eq 4, L_0x1385d6ed0, L_0x13007c270;
v0x13845c4c0_2 .array/port v0x13845c4c0, 2;
L_0x1385d7110 .functor MUXZ 45, v0x13845c4c0_2, L_0x1385d8ec0, L_0x1385d6fd0, C4<>;
S_0x13845e9e0 .scope generate, "BUF_NXT_GEN[3]" "BUF_NXT_GEN[3]" 13 56, 13 56 0, S_0x138440ae0;
 .timescale -9 -12;
P_0x13825b690 .param/l "addr" 1 13 56, +C4<011>;
v0x138368750_0 .net *"_ivl_1", 3 0, L_0x1385d7270;  1 drivers
L_0x13007c2b8 .functor BUFT 1, C4<00>, C4<0>, C4<0>, C4<0>;
v0x138361e20_0 .net *"_ivl_4", 1 0, L_0x13007c2b8;  1 drivers
L_0x13007c300 .functor BUFT 1, C4<0011>, C4<0>, C4<0>, C4<0>;
v0x138361eb0_0 .net/2u *"_ivl_5", 3 0, L_0x13007c300;  1 drivers
v0x13846a790_0 .net *"_ivl_7", 0 0, L_0x1385d73b0;  1 drivers
L_0x1385d7270 .concat [ 2 2 0 0], L_0x1385d7ac0, L_0x13007c2b8;
L_0x1385d73b0 .cmp/eq 4, L_0x1385d7270, L_0x13007c300;
v0x13845c4c0_3 .array/port v0x13845c4c0, 3;
L_0x1385d74d0 .functor MUXZ 45, v0x13845c4c0_3, L_0x1385d8ec0, L_0x1385d73b0, C4<>;
S_0x13845e2c0 .scope module, "R_channel" "dsp_R_channel" 11 135, 14 1 0, S_0x13853a760;
 .timescale -9 -12;
    .port_info 0 /INPUT 1 "ACLK_i";
    .port_info 1 /INPUT 1 "ARESETn_i";
    .port_info 2 /INPUT 1 "m_RREADY_i";
    .port_info 3 /INPUT 10 "sa_RID_i";
    .port_info 4 /INPUT 64 "sa_RDATA_i";
    .port_info 5 /INPUT 4 "sa_RRESP_i";
    .port_info 6 /INPUT 2 "sa_RLAST_i";
    .port_info 7 /INPUT 2 "sa_RVALID_i";
    .port_info 8 /INPUT 1 "dsp_AR_slv_id_i";
    .port_info 9 /INPUT 1 "dsp_AR_disable_i";
    .port_info 10 /OUTPUT 5 "m_RID_o";
    .port_info 11 /OUTPUT 32 "m_RDATA_o";
    .port_info 12 /OUTPUT 2 "m_RRESP_o";
    .port_info 13 /OUTPUT 1 "m_RLAST_o";
    .port_info 14 /OUTPUT 1 "m_RVALID_o";
    .port_info 15 /OUTPUT 2 "sa_RREADY_o";
    .port_info 16 /OUTPUT 1 "dsp_RVALID_q1_o";
    .port_info 17 /OUTPUT 1 "dsp_RREADY_q1_o";
P_0x138419780 .param/l "DATA_INFO_W" 1 14 48, +C4<00000000000000000000000000000101000>;
P_0x1384197c0 .param/l "DATA_WIDTH" 0 14 6, +C4<00000000000000000000000000100000>;
P_0x138419800 .param/l "DSP_RDATA_DEPTH" 0 14 12, +C4<00000000000000000000000000010000>;
P_0x138419840 .param/l "SLV_AMT" 0 14 4, +C4<00000000000000000000000000000010>;
P_0x138419880 .param/l "SLV_ID_W" 0 14 10, +C4<00000000000000000000000000000001>;
P_0x1384198c0 .param/l "TRANS_MST_ID_W" 0 14 7, +C4<00000000000000000000000000000101>;
P_0x138419900 .param/l "TRANS_WR_RESP_W" 0 14 8, +C4<00000000000000000000000000000010>;
L_0x1385e7ba0 .functor AND 1, L_0x1385e8e10, L_0x1385e63a0, C4<1>, C4<1>;
L_0x1385e7950 .functor BUFZ 5, L_0x1385e8fd0, C4<00000>, C4<00000>, C4<00000>;
L_0x1385e7c90 .functor BUFZ 32, L_0x1385e9140, C4<00000000000000000000000000000000>, C4<00000000000000000000000000000000>, C4<00000000000000000000000000000000>;
L_0x1385e7d00 .functor BUFZ 2, L_0x1385e8b50, C4<00>, C4<00>, C4<00>;
L_0x1385e7d70 .functor BUFZ 1, L_0x1385e9300, C4<0>, C4<0>, C4<0>;
L_0x1385e7e30 .functor BUFZ 1, L_0x1385e6880, C4<0>, C4<0>, C4<0>;
L_0x1385e7ea0 .functor BUFZ 1, L_0x1385e8e10, C4<0>, C4<0>, C4<0>;
L_0x1385e7f90 .functor BUFZ 1, L_0x1385e63a0, C4<0>, C4<0>, C4<0>;
L_0x1385e8c90 .functor OR 1, L_0x1385e8ab0, L_0x1385da970, C4<0>, C4<0>;
L_0x1385e8e10 .functor NOT 1, L_0x1385e8c90, C4<0>, C4<0>, C4<0>;
L_0x1385e8e80 .functor BUFZ 1, L_0x1385aff20, C4<0>, C4<0>, C4<0>;
L_0x1385e93a0 .functor BUFZ 40, v0x13f7e7060_0, C4<0000000000000000000000000000000000000000>, C4<0000000000000000000000000000000000000000>, C4<0000000000000000000000000000000000000000>;
v0x13f7c8bd0_0 .net "ACLK_i", 0 0, v0x13843e760_0;  alias, 1 drivers
v0x13f7bf710_0 .net "ARESETn_i", 0 0, v0x13843e800_0;  alias, 1 drivers
v0x13f7bf8a0_0 .net *"_ivl_33", 4 0, L_0x1385e8080;  1 drivers
v0x13f778a60_0 .net *"_ivl_35", 2 0, L_0x1385e8120;  1 drivers
L_0x13007dc50 .functor BUFT 1, C4<00>, C4<0>, C4<0>, C4<0>;
v0x13f778af0_0 .net *"_ivl_38", 1 0, L_0x13007dc50;  1 drivers
v0x13f778b80_0 .net *"_ivl_39", 31 0, L_0x1385e8240;  1 drivers
v0x13f778c10_0 .net *"_ivl_41", 2 0, L_0x1385e82e0;  1 drivers
L_0x13007dc98 .functor BUFT 1, C4<00>, C4<0>, C4<0>, C4<0>;
v0x13f778ca0_0 .net *"_ivl_44", 1 0, L_0x13007dc98;  1 drivers
v0x13f74dca0_0 .net *"_ivl_45", 1 0, L_0x1385e84b0;  1 drivers
v0x13f74dd30_0 .net *"_ivl_47", 2 0, L_0x1385e8550;  1 drivers
L_0x13007dce0 .functor BUFT 1, C4<00>, C4<0>, C4<0>, C4<0>;
v0x13f74ddc0_0 .net *"_ivl_50", 1 0, L_0x13007dce0;  1 drivers
v0x13f74de50_0 .net *"_ivl_51", 0 0, L_0x1385e8790;  1 drivers
v0x13f74dee0_0 .net *"_ivl_53", 2 0, L_0x1385e8830;  1 drivers
L_0x13007dd28 .functor BUFT 1, C4<00>, C4<0>, C4<0>, C4<0>;
v0x13f73ee20_0 .net *"_ivl_56", 1 0, L_0x13007dd28;  1 drivers
v0x13f73eeb0_0 .net *"_ivl_59", 0 0, L_0x1385e8ab0;  1 drivers
v0x13f73ef40_0 .net *"_ivl_61", 2 0, L_0x1385e88d0;  1 drivers
L_0x13007dd70 .functor BUFT 1, C4<00>, C4<0>, C4<0>, C4<0>;
v0x13f73efd0_0 .net *"_ivl_64", 1 0, L_0x13007dd70;  1 drivers
v0x13f739e70_0 .net *"_ivl_65", 0 0, L_0x1385e8c90;  1 drivers
v0x13f739f00_0 .net *"_ivl_77", 39 0, L_0x1385e93a0;  1 drivers
v0x13f739f90 .array "data_info", 0 1;
v0x13f739f90_0 .net v0x13f739f90 0, 39 0, L_0x1385e3b80; 1 drivers
v0x13f739f90_1 .net v0x13f739f90 1, 39 0, L_0x1385e4780; 1 drivers
v0x13f73a020 .array "data_info_valid", 0 1;
v0x13f73a020_0 .net v0x13f73a020 0, 39 0, L_0x1385de2a0; 1 drivers
v0x13f73a020_1 .net v0x13f73a020 1, 39 0, L_0x1385e29b0; 1 drivers
v0x13f73a0b0_0 .net "dsp_AR_disable_i", 0 0, L_0x1385da970;  alias, 1 drivers
v0x13f733230_0 .net "dsp_AR_slv_id_i", 0 0, L_0x1385da520;  alias, 1 drivers
v0x13f7332c0_0 .net "dsp_RREADY_q1_o", 0 0, L_0x1385e7f90;  alias, 1 drivers
v0x13f733350_0 .net "dsp_RVALID_q1_o", 0 0, L_0x1385e7ea0;  alias, 1 drivers
v0x13f7333e0 .array "fifo_rdata_empty", 0 1;
v0x13f7333e0_0 .net v0x13f7333e0 0, 0 0, L_0x1385de7e0; 1 drivers
v0x13f7333e0_1 .net v0x13f7333e0 1, 0 0, L_0x1385e2ef0; 1 drivers
v0x13f733470 .array "fifo_rdata_full", 0 1;
v0x13f733470_0 .net v0x13f733470 0, 0 0, L_0x1385ded90; 1 drivers
v0x13f733470_1 .net v0x13f733470 1, 0 0, L_0x1385e34a0; 1 drivers
v0x13f718ab0 .array "fifo_rdata_rd_en", 0 1;
v0x13f718ab0_0 .net v0x13f718ab0 0, 0 0, L_0x1385e43d0; 1 drivers
v0x13f718ab0_1 .net v0x13f718ab0 1, 0 0, L_0x1385e4fd0; 1 drivers
v0x13f718b40 .array "fifo_rdata_wr_en", 0 1;
v0x13f718b40_0 .net v0x13f718b40 0, 0 0, L_0x1385e40c0; 1 drivers
v0x13f718b40_1 .net v0x13f718b40 1, 0 0, L_0x1385e4d00; 1 drivers
v0x13f718bd0_0 .net "m_RDATA_o", 31 0, L_0x1385e7c90;  alias, 1 drivers
v0x13f718c60_0 .net "m_RID_o", 4 0, L_0x1385e7950;  alias, 1 drivers
v0x13f718cf0_0 .net "m_RLAST_o", 0 0, L_0x1385e7d70;  alias, 1 drivers
v0x13f704bd0_0 .net "m_RREADY_i", 0 0, L_0x1385aff20;  alias, 1 drivers
v0x13f704e60_0 .net "m_RRESP_o", 1 0, L_0x1385e7d00;  alias, 1 drivers
v0x13f73f060_0 .net "m_RVALID_o", 0 0, L_0x1385e7e30;  alias, 1 drivers
v0x1382a2050_0 .net "m_handshake_occur", 0 0, L_0x1385e7ba0;  1 drivers
v0x1382a20e0_0 .net "msb_bwd_data", 39 0, L_0x1385e86f0;  1 drivers
v0x1382a2170_0 .net "msb_bwd_ready", 0 0, L_0x1385e63a0;  1 drivers
v0x1382a2200_0 .net "msb_bwd_valid", 0 0, L_0x1385e8e10;  1 drivers
v0x1382a2290_0 .net "msb_fwd_RDATA", 31 0, L_0x1385e9140;  1 drivers
v0x138293200_0 .net "msb_fwd_RID", 4 0, L_0x1385e8fd0;  1 drivers
v0x138293290_0 .net "msb_fwd_RLAST", 0 0, L_0x1385e9300;  1 drivers
v0x138293320_0 .net "msb_fwd_RRESP", 1 0, L_0x1385e8b50;  1 drivers
v0x1382933b0_0 .net "msb_fwd_data", 39 0, v0x13f7e7060_0;  1 drivers
v0x138293440_0 .net "msb_fwd_ready", 0 0, L_0x1385e8e80;  1 drivers
v0x1382702d0_0 .net "msb_fwd_valid", 0 0, L_0x1385e6880;  1 drivers
v0x138270360_0 .net "sa_RDATA_i", 63 0, L_0x1385b6400;  alias, 1 drivers
v0x1382703f0 .array "sa_RDATA_valid", 0 1;
v0x1382703f0_0 .net v0x1382703f0 0, 31 0, L_0x1385e3d80; 1 drivers
v0x1382703f0_1 .net v0x1382703f0 1, 31 0, L_0x1385e49c0; 1 drivers
v0x138270480_0 .net "sa_RID_i", 9 0, L_0x1385b6590;  alias, 1 drivers
v0x138270510 .array "sa_RID_valid", 0 1;
v0x138270510_0 .net v0x138270510 0, 4 0, L_0x1385e3ce0; 1 drivers
v0x138270510_1 .net v0x138270510 1, 4 0, L_0x1385e4920; 1 drivers
v0x138269cf0_0 .net "sa_RLAST_i", 1 0, L_0x1385b6750;  alias, 1 drivers
v0x138269d80 .array "sa_RLAST_valid", 0 1;
v0x138269d80_0 .net v0x138269d80 0, 0 0, L_0x1385e3f00; 1 drivers
v0x138269d80_1 .net v0x138269d80 1, 0 0, L_0x1385e4b40; 1 drivers
v0x138269e10_0 .net "sa_RREADY_o", 1 0, L_0x1385e5680;  alias, 1 drivers
v0x138269ea0_0 .net "sa_RRESP_i", 3 0, L_0x1385b6920;  alias, 1 drivers
v0x138269f30 .array "sa_RRESP_valid", 0 1;
v0x138269f30_0 .net v0x138269f30 0, 1 0, L_0x1385e3e60; 1 drivers
v0x138269f30_1 .net v0x138269f30 1, 1 0, L_0x1385e4aa0; 1 drivers
v0x1382541b0_0 .net "sa_RVALID_i", 1 0, L_0x1385b6cd0;  alias, 1 drivers
v0x138254240 .array "sa_handshake_occur", 0 1;
v0x138254240_0 .net v0x138254240 0, 0 0, L_0x1385e5290; 1 drivers
v0x138254240_1 .net v0x138254240 1, 0 0, L_0x1385e5520; 1 drivers
L_0x1385e3900 .part L_0x1385b6590, 0, 5;
L_0x1385e39a0 .part L_0x1385b6400, 0, 32;
L_0x1385e3a40 .part L_0x1385b6920, 0, 2;
L_0x1385e3ae0 .part L_0x1385b6750, 0, 1;
L_0x1385e44c0 .part L_0x1385b6590, 5, 5;
L_0x1385e4560 .part L_0x1385b6400, 32, 32;
L_0x1385e4600 .part L_0x1385b6920, 2, 2;
L_0x1385e46e0 .part L_0x1385b6750, 1, 1;
L_0x1385e5100 .part L_0x1385b6cd0, 0, 1;
L_0x1385e51f0 .part L_0x1385e5680, 0, 1;
L_0x1385e5380 .part L_0x1385b6cd0, 1, 1;
L_0x1385e5480 .part L_0x1385e5680, 1, 1;
L_0x1385e5680 .concat8 [ 1 1 0 0], L_0x1385e5610, L_0x1385e5860;
L_0x1385e8080 .array/port v0x138270510, L_0x1385e8120;
L_0x1385e8120 .concat [ 1 2 0 0], L_0x1385da520, L_0x13007dc50;
L_0x1385e8240 .array/port v0x1382703f0, L_0x1385e82e0;
L_0x1385e82e0 .concat [ 1 2 0 0], L_0x1385da520, L_0x13007dc98;
L_0x1385e84b0 .array/port v0x138269f30, L_0x1385e8550;
L_0x1385e8550 .concat [ 1 2 0 0], L_0x1385da520, L_0x13007dce0;
L_0x1385e8790 .array/port v0x138269d80, L_0x1385e8830;
L_0x1385e8830 .concat [ 1 2 0 0], L_0x1385da520, L_0x13007dd28;
L_0x1385e86f0 .concat [ 1 2 32 5], L_0x1385e8790, L_0x1385e84b0, L_0x1385e8240, L_0x1385e8080;
L_0x1385e8ab0 .array/port v0x13f7333e0, L_0x1385e88d0;
L_0x1385e88d0 .concat [ 1 2 0 0], L_0x1385da520, L_0x13007dd70;
L_0x1385e8fd0 .part L_0x1385e93a0, 35, 5;
L_0x1385e9140 .part L_0x1385e93a0, 3, 32;
L_0x1385e8b50 .part L_0x1385e93a0, 1, 2;
L_0x1385e9300 .part L_0x1385e93a0, 0, 1;
S_0x13845db90 .scope generate, "SLV_FIFO[0]" "SLV_FIFO[0]" 14 84, 14 84 0, S_0x13845e2c0;
 .timescale -9 -12;
P_0x13824d2b0 .param/l "slv_idx" 1 14 84, +C4<00>;
S_0x13845cdc0 .scope module, "fifo_rdata" "fifo" 14 89, 13 2 0, S_0x13845db90;
 .timescale -9 -12;
    .port_info 0 /INPUT 1 "clk";
    .port_info 1 /INPUT 40 "data_i";
    .port_info 2 /OUTPUT 40 "data_o";
    .port_info 3 /INPUT 1 "wr_valid_i";
    .port_info 4 /INPUT 1 "rd_valid_i";
    .port_info 5 /OUTPUT 1 "empty_o";
    .port_info 6 /OUTPUT 1 "full_o";
    .port_info 7 /OUTPUT 1 "almost_empty_o";
    .port_info 8 /OUTPUT 1 "almost_full_o";
    .port_info 9 /OUTPUT 5 "counter";
    .port_info 10 /INPUT 1 "rst_n";
P_0x13f7f8d50 .param/l "ADDR_WIDTH" 0 13 7, +C4<00000000000000000000000000000100>;
P_0x13f7f8d90 .param/l "DATA_WIDTH" 0 13 4, +C4<00000000000000000000000000000101000>;
P_0x13f7f8dd0 .param/l "FIFO_DEPTH" 0 13 5, +C4<00000000000000000000000000010000>;
L_0x1385de2a0 .functor BUFZ 40, L_0x1385de080, C4<0000000000000000000000000000000000000000>, C4<0000000000000000000000000000000000000000>, C4<0000000000000000000000000000000000000000>;
L_0x1385ded20 .functor XOR 1, L_0x1385deb00, L_0x1385deba0, C4<0>, C4<0>;
L_0x1385ded90 .functor AND 1, L_0x1385dea60, L_0x1385ded20, C4<1>, C4<1>;
v0x1384a0750_0 .net *"_ivl_0", 39 0, L_0x1385de080;  1 drivers
L_0x13007ced0 .functor BUFT 1, C4<00001>, C4<0>, C4<0>, C4<0>;
v0x138498f40_0 .net/2u *"_ivl_12", 4 0, L_0x13007ced0;  1 drivers
v0x138498fd0_0 .net *"_ivl_2", 5 0, L_0x1385de140;  1 drivers
v0x13848b6c0_0 .net *"_ivl_24", 0 0, L_0x1385dea60;  1 drivers
v0x13848b750_0 .net *"_ivl_27", 0 0, L_0x1385deb00;  1 drivers
v0x138518e00_0 .net *"_ivl_29", 0 0, L_0x1385deba0;  1 drivers
v0x138518e90_0 .net *"_ivl_30", 0 0, L_0x1385ded20;  1 drivers
L_0x13007cf18 .functor BUFT 1, C4<0001>, C4<0>, C4<0>, C4<0>;
v0x138509750_0 .net/2u *"_ivl_34", 3 0, L_0x13007cf18;  1 drivers
v0x1385097e0_0 .net *"_ivl_36", 3 0, L_0x1385dee80;  1 drivers
L_0x13007ce40 .functor BUFT 1, C4<00>, C4<0>, C4<0>, C4<0>;
v0x138537cc0_0 .net *"_ivl_5", 1 0, L_0x13007ce40;  1 drivers
L_0x13007ce88 .functor BUFT 1, C4<00001>, C4<0>, C4<0>, C4<0>;
v0x138537d50_0 .net/2u *"_ivl_8", 4 0, L_0x13007ce88;  1 drivers
v0x13846c660_0 .net "almost_empty_o", 0 0, L_0x1385de900;  1 drivers
v0x13846c6f0_0 .net "almost_full_o", 0 0, L_0x1385def80;  1 drivers
v0x138460b80 .array "buffer", 15 0, 39 0;
v0x138460c10 .array "buffer_nxt", 15 0;
v0x138460c10_0 .net v0x138460c10 0, 39 0, L_0x1385dad40; 1 drivers
v0x138460c10_1 .net v0x138460c10 1, 39 0, L_0x1385db060; 1 drivers
v0x138460c10_2 .net v0x138460c10 2, 39 0, L_0x1385db340; 1 drivers
v0x138460c10_3 .net v0x138460c10 3, 39 0, L_0x1385db6a0; 1 drivers
v0x138460c10_4 .net v0x138460c10 4, 39 0, L_0x1385db9e0; 1 drivers
v0x138460c10_5 .net v0x138460c10 5, 39 0, L_0x1385dbd00; 1 drivers
v0x138460c10_6 .net v0x138460c10 6, 39 0, L_0x1385dc020; 1 drivers
v0x138460c10_7 .net v0x138460c10 7, 39 0, L_0x1385dc460; 1 drivers
v0x138460c10_8 .net v0x138460c10 8, 39 0, L_0x1385dc780; 1 drivers
v0x138460c10_9 .net v0x138460c10 9, 39 0, L_0x1385dcaa0; 1 drivers
v0x138460c10_10 .net v0x138460c10 10, 39 0, L_0x1385dcde0; 1 drivers
v0x138460c10_11 .net v0x138460c10 11, 39 0, L_0x1385dd100; 1 drivers
v0x138460c10_12 .net v0x138460c10 12, 39 0, L_0x1385dd420; 1 drivers
v0x138460c10_13 .net v0x138460c10 13, 39 0, L_0x1385dd760; 1 drivers
v0x138460c10_14 .net v0x138460c10 14, 39 0, L_0x1385dda80; 1 drivers
v0x138460c10_15 .net v0x138460c10 15, 39 0, L_0x1385ddfa0; 1 drivers
v0x1384604c0_0 .net "clk", 0 0, v0x13843e760_0;  alias, 1 drivers
v0x138460550_0 .net "counter", 4 0, L_0x1385df150;  1 drivers
v0x13845ff00_0 .net "data_i", 39 0, L_0x1385e3b80;  alias, 1 drivers
v0x13845bf60_0 .net "data_o", 39 0, L_0x1385de2a0;  alias, 1 drivers
v0x13845bff0_0 .net "empty_o", 0 0, L_0x1385de7e0;  alias, 1 drivers
v0x13845b8a0_0 .net "full_o", 0 0, L_0x1385ded90;  alias, 1 drivers
v0x13845b930_0 .var "rd_addr", 4 0;
v0x13845b1e0_0 .net "rd_addr_inc", 4 0, L_0x1385de490;  1 drivers
v0x13845b270_0 .net "rd_addr_map", 3 0, L_0x1385de6c0;  1 drivers
v0x13843c490_0 .net "rd_valid_i", 0 0, L_0x1385e43d0;  alias, 1 drivers
v0x13843c520_0 .net "rst_n", 0 0, v0x13843e800_0;  alias, 1 drivers
v0x13843af20_0 .var "wr_addr", 4 0;
v0x13843afb0_0 .net "wr_addr_inc", 4 0, L_0x1385de390;  1 drivers
v0x1384ba8f0_0 .net "wr_addr_map", 3 0, L_0x1385de5b0;  1 drivers
v0x1384ba980_0 .net "wr_valid_i", 0 0, L_0x1385e40c0;  alias, 1 drivers
L_0x1385de080 .array/port v0x138460b80, L_0x1385de140;
L_0x1385de140 .concat [ 4 2 0 0], L_0x1385de6c0, L_0x13007ce40;
L_0x1385de390 .arith/sum 5, v0x13843af20_0, L_0x13007ce88;
L_0x1385de490 .arith/sum 5, v0x13845b930_0, L_0x13007ced0;
L_0x1385de5b0 .part v0x13843af20_0, 0, 4;
L_0x1385de6c0 .part v0x13845b930_0, 0, 4;
L_0x1385de7e0 .cmp/eq 5, v0x13843af20_0, v0x13845b930_0;
L_0x1385de900 .cmp/eq 5, L_0x1385de490, v0x13843af20_0;
L_0x1385dea60 .cmp/eq 4, L_0x1385de5b0, L_0x1385de6c0;
L_0x1385deb00 .part v0x13843af20_0, 4, 1;
L_0x1385deba0 .part v0x13845b930_0, 4, 1;
L_0x1385dee80 .arith/sum 4, L_0x1385de5b0, L_0x13007cf18;
L_0x1385def80 .cmp/eq 4, L_0x1385dee80, L_0x1385de6c0;
L_0x1385df150 .arith/sub 5, v0x13843af20_0, v0x13845b930_0;
S_0x13845c690 .scope generate, "BUF_LOAD[0]" "BUF_LOAD[0]" 13 64, 13 64 0, S_0x13845cdc0;
 .timescale -9 -12;
P_0x13824dc00 .param/l "addr" 1 13 64, +C4<00>;
S_0x138462100 .scope generate, "BUF_LOAD[1]" "BUF_LOAD[1]" 13 64, 13 64 0, S_0x13845cdc0;
 .timescale -9 -12;
P_0x13824cfe0 .param/l "addr" 1 13 64, +C4<01>;
S_0x1384619e0 .scope generate, "BUF_LOAD[2]" "BUF_LOAD[2]" 13 64, 13 64 0, S_0x13845cdc0;
 .timescale -9 -12;
P_0x138248650 .param/l "addr" 1 13 64, +C4<010>;
S_0x1384612b0 .scope generate, "BUF_LOAD[3]" "BUF_LOAD[3]" 13 64, 13 64 0, S_0x13845cdc0;
 .timescale -9 -12;
P_0x13824b640 .param/l "addr" 1 13 64, +C4<011>;
S_0x13843fea0 .scope generate, "BUF_LOAD[4]" "BUF_LOAD[4]" 13 64, 13 64 0, S_0x13845cdc0;
 .timescale -9 -12;
P_0x13824b300 .param/l "addr" 1 13 64, +C4<0100>;
S_0x1384392a0 .scope generate, "BUF_LOAD[5]" "BUF_LOAD[5]" 13 64, 13 64 0, S_0x13845cdc0;
 .timescale -9 -12;
P_0x1382477d0 .param/l "addr" 1 13 64, +C4<0101>;
S_0x13843dcc0 .scope generate, "BUF_LOAD[6]" "BUF_LOAD[6]" 13 64, 13 64 0, S_0x13845cdc0;
 .timescale -9 -12;
P_0x13824b900 .param/l "addr" 1 13 64, +C4<0110>;
S_0x13843d070 .scope generate, "BUF_LOAD[7]" "BUF_LOAD[7]" 13 64, 13 64 0, S_0x13845cdc0;
 .timescale -9 -12;
P_0x13824cca0 .param/l "addr" 1 13 64, +C4<0111>;
S_0x1384bd6f0 .scope generate, "BUF_LOAD[8]" "BUF_LOAD[8]" 13 64, 13 64 0, S_0x13845cdc0;
 .timescale -9 -12;
P_0x13824c520 .param/l "addr" 1 13 64, +C4<01000>;
S_0x1384bcfa0 .scope generate, "BUF_LOAD[9]" "BUF_LOAD[9]" 13 64, 13 64 0, S_0x13845cdc0;
 .timescale -9 -12;
P_0x1382469e0 .param/l "addr" 1 13 64, +C4<01001>;
S_0x1384bcc80 .scope generate, "BUF_LOAD[10]" "BUF_LOAD[10]" 13 64, 13 64 0, S_0x13845cdc0;
 .timescale -9 -12;
P_0x13824af90 .param/l "addr" 1 13 64, +C4<01010>;
S_0x1384b9880 .scope generate, "BUF_LOAD[11]" "BUF_LOAD[11]" 13 64, 13 64 0, S_0x13845cdc0;
 .timescale -9 -12;
P_0x138249060 .param/l "addr" 1 13 64, +C4<01011>;
S_0x1384b72d0 .scope generate, "BUF_LOAD[12]" "BUF_LOAD[12]" 13 64, 13 64 0, S_0x13845cdc0;
 .timescale -9 -12;
P_0x13824bf20 .param/l "addr" 1 13 64, +C4<01100>;
S_0x1384a4fe0 .scope generate, "BUF_LOAD[13]" "BUF_LOAD[13]" 13 64, 13 64 0, S_0x13845cdc0;
 .timescale -9 -12;
P_0x13823e090 .param/l "addr" 1 13 64, +C4<01101>;
S_0x1384a4cc0 .scope generate, "BUF_LOAD[14]" "BUF_LOAD[14]" 13 64, 13 64 0, S_0x13845cdc0;
 .timescale -9 -12;
P_0x1382401b0 .param/l "addr" 1 13 64, +C4<01110>;
S_0x1384a49a0 .scope generate, "BUF_LOAD[15]" "BUF_LOAD[15]" 13 64, 13 64 0, S_0x13845cdc0;
 .timescale -9 -12;
P_0x1382407c0 .param/l "addr" 1 13 64, +C4<01111>;
S_0x1384a4670 .scope generate, "BUF_NXT_GEN[0]" "BUF_NXT_GEN[0]" 13 56, 13 56 0, S_0x13845cdc0;
 .timescale -9 -12;
P_0x138426a20 .param/l "addr" 1 13 56, +C4<00>;
v0x1384edb20_0 .net *"_ivl_1", 4 0, L_0x1385dac00;  1 drivers
L_0x13007c540 .functor BUFT 1, C4<0>, C4<0>, C4<0>, C4<0>;
v0x1384171b0_0 .net *"_ivl_4", 0 0, L_0x13007c540;  1 drivers
L_0x13007c588 .functor BUFT 1, C4<00000>, C4<0>, C4<0>, C4<0>;
v0x138417240_0 .net/2u *"_ivl_5", 4 0, L_0x13007c588;  1 drivers
v0x138417970_0 .net *"_ivl_7", 0 0, L_0x1385daca0;  1 drivers
L_0x1385dac00 .concat [ 4 1 0 0], L_0x1385de5b0, L_0x13007c540;
L_0x1385daca0 .cmp/eq 5, L_0x1385dac00, L_0x13007c588;
v0x138460b80_0 .array/port v0x138460b80, 0;
L_0x1385dad40 .functor MUXZ 40, v0x138460b80_0, L_0x1385e3b80, L_0x1385daca0, C4<>;
S_0x1384a2e40 .scope generate, "BUF_NXT_GEN[1]" "BUF_NXT_GEN[1]" 13 56, 13 56 0, S_0x13845cdc0;
 .timescale -9 -12;
P_0x13823bcf0 .param/l "addr" 1 13 56, +C4<01>;
v0x138417a00_0 .net *"_ivl_1", 4 0, L_0x1385dae20;  1 drivers
L_0x13007c5d0 .functor BUFT 1, C4<0>, C4<0>, C4<0>, C4<0>;
v0x138417590_0 .net *"_ivl_4", 0 0, L_0x13007c5d0;  1 drivers
L_0x13007c618 .functor BUFT 1, C4<00001>, C4<0>, C4<0>, C4<0>;
v0x138417620_0 .net/2u *"_ivl_5", 4 0, L_0x13007c618;  1 drivers
v0x13841fa30_0 .net *"_ivl_7", 0 0, L_0x1385daf40;  1 drivers
L_0x1385dae20 .concat [ 4 1 0 0], L_0x1385de5b0, L_0x13007c5d0;
L_0x1385daf40 .cmp/eq 5, L_0x1385dae20, L_0x13007c618;
v0x138460b80_1 .array/port v0x138460b80, 1;
L_0x1385db060 .functor MUXZ 40, v0x138460b80_1, L_0x1385e3b80, L_0x1385daf40, C4<>;
S_0x13849cd10 .scope generate, "BUF_NXT_GEN[2]" "BUF_NXT_GEN[2]" 13 56, 13 56 0, S_0x13845cdc0;
 .timescale -9 -12;
P_0x13823da80 .param/l "addr" 1 13 56, +C4<010>;
v0x13841fac0_0 .net *"_ivl_1", 4 0, L_0x1385db140;  1 drivers
L_0x13007c660 .functor BUFT 1, C4<0>, C4<0>, C4<0>, C4<0>;
v0x1384201f0_0 .net *"_ivl_4", 0 0, L_0x13007c660;  1 drivers
L_0x13007c6a8 .functor BUFT 1, C4<00010>, C4<0>, C4<0>, C4<0>;
v0x138420280_0 .net/2u *"_ivl_5", 4 0, L_0x13007c6a8;  1 drivers
v0x13841fe10_0 .net *"_ivl_7", 0 0, L_0x1385db220;  1 drivers
L_0x1385db140 .concat [ 4 1 0 0], L_0x1385de5b0, L_0x13007c660;
L_0x1385db220 .cmp/eq 5, L_0x1385db140, L_0x13007c6a8;
v0x138460b80_2 .array/port v0x138460b80, 2;
L_0x1385db340 .functor MUXZ 40, v0x138460b80_2, L_0x1385e3b80, L_0x1385db220, C4<>;
S_0x13849a760 .scope generate, "BUF_NXT_GEN[3]" "BUF_NXT_GEN[3]" 13 56, 13 56 0, S_0x13845cdc0;
 .timescale -9 -12;
P_0x13823e1e0 .param/l "addr" 1 13 56, +C4<011>;
v0x13841fea0_0 .net *"_ivl_1", 4 0, L_0x1385db4a0;  1 drivers
L_0x13007c6f0 .functor BUFT 1, C4<0>, C4<0>, C4<0>, C4<0>;
v0x138412a30_0 .net *"_ivl_4", 0 0, L_0x13007c6f0;  1 drivers
L_0x13007c738 .functor BUFT 1, C4<00011>, C4<0>, C4<0>, C4<0>;
v0x138412ac0_0 .net/2u *"_ivl_5", 4 0, L_0x13007c738;  1 drivers
v0x1384122f0_0 .net *"_ivl_7", 0 0, L_0x1385db5c0;  1 drivers
L_0x1385db4a0 .concat [ 4 1 0 0], L_0x1385de5b0, L_0x13007c6f0;
L_0x1385db5c0 .cmp/eq 5, L_0x1385db4a0, L_0x13007c738;
v0x138460b80_3 .array/port v0x138460b80, 3;
L_0x1385db6a0 .functor MUXZ 40, v0x138460b80_3, L_0x1385e3b80, L_0x1385db5c0, C4<>;
S_0x138424380 .scope generate, "BUF_NXT_GEN[4]" "BUF_NXT_GEN[4]" 13 56, 13 56 0, S_0x13845cdc0;
 .timescale -9 -12;
P_0x13823f250 .param/l "addr" 1 13 56, +C4<0100>;
v0x138412380_0 .net *"_ivl_1", 4 0, L_0x1385db780;  1 drivers
L_0x13007c780 .functor BUFT 1, C4<0>, C4<0>, C4<0>, C4<0>;
v0x1384106d0_0 .net *"_ivl_4", 0 0, L_0x13007c780;  1 drivers
L_0x13007c7c8 .functor BUFT 1, C4<00100>, C4<0>, C4<0>, C4<0>;
v0x138410760_0 .net/2u *"_ivl_5", 4 0, L_0x13007c7c8;  1 drivers
v0x13840fcb0_0 .net *"_ivl_7", 0 0, L_0x1385db8a0;  1 drivers
L_0x1385db780 .concat [ 4 1 0 0], L_0x1385de5b0, L_0x13007c780;
L_0x1385db8a0 .cmp/eq 5, L_0x1385db780, L_0x13007c7c8;
v0x138460b80_4 .array/port v0x138460b80, 4;
L_0x1385db9e0 .functor MUXZ 40, v0x138460b80_4, L_0x1385e3b80, L_0x1385db8a0, C4<>;
S_0x1384291e0 .scope generate, "BUF_NXT_GEN[5]" "BUF_NXT_GEN[5]" 13 56, 13 56 0, S_0x13845cdc0;
 .timescale -9 -12;
P_0x13823d250 .param/l "addr" 1 13 56, +C4<0101>;
v0x13840fd40_0 .net *"_ivl_1", 4 0, L_0x1385dbac0;  1 drivers
L_0x13007c810 .functor BUFT 1, C4<0>, C4<0>, C4<0>, C4<0>;
v0x13841ada0_0 .net *"_ivl_4", 0 0, L_0x13007c810;  1 drivers
L_0x13007c858 .functor BUFT 1, C4<00101>, C4<0>, C4<0>, C4<0>;
v0x13841ae30_0 .net/2u *"_ivl_5", 4 0, L_0x13007c858;  1 drivers
v0x13841a9e0_0 .net *"_ivl_7", 0 0, L_0x1385dbbc0;  1 drivers
L_0x1385dbac0 .concat [ 4 1 0 0], L_0x1385de5b0, L_0x13007c810;
L_0x1385dbbc0 .cmp/eq 5, L_0x1385dbac0, L_0x13007c858;
v0x138460b80_5 .array/port v0x138460b80, 5;
L_0x1385dbd00 .functor MUXZ 40, v0x138460b80_5, L_0x1385e3b80, L_0x1385dbbc0, C4<>;
S_0x13841ed20 .scope generate, "BUF_NXT_GEN[6]" "BUF_NXT_GEN[6]" 13 56, 13 56 0, S_0x13845cdc0;
 .timescale -9 -12;
P_0x13823e630 .param/l "addr" 1 13 56, +C4<0110>;
v0x13841aa70_0 .net *"_ivl_1", 4 0, L_0x1385dbde0;  1 drivers
L_0x13007c8a0 .functor BUFT 1, C4<0>, C4<0>, C4<0>, C4<0>;
v0x13841a580_0 .net *"_ivl_4", 0 0, L_0x13007c8a0;  1 drivers
L_0x13007c8e8 .functor BUFT 1, C4<00110>, C4<0>, C4<0>, C4<0>;
v0x13841a610_0 .net/2u *"_ivl_5", 4 0, L_0x13007c8e8;  1 drivers
v0x138414da0_0 .net *"_ivl_7", 0 0, L_0x1385dbee0;  1 drivers
L_0x1385dbde0 .concat [ 4 1 0 0], L_0x1385de5b0, L_0x13007c8a0;
L_0x1385dbee0 .cmp/eq 5, L_0x1385dbde0, L_0x13007c8e8;
v0x138460b80_6 .array/port v0x138460b80, 6;
L_0x1385dc020 .functor MUXZ 40, v0x138460b80_6, L_0x1385e3b80, L_0x1385dbee0, C4<>;
S_0x138419f70 .scope generate, "BUF_NXT_GEN[7]" "BUF_NXT_GEN[7]" 13 56, 13 56 0, S_0x13845cdc0;
 .timescale -9 -12;
P_0x13823aab0 .param/l "addr" 1 13 56, +C4<0111>;
v0x138414e30_0 .net *"_ivl_1", 4 0, L_0x1385dc200;  1 drivers
L_0x13007c930 .functor BUFT 1, C4<0>, C4<0>, C4<0>, C4<0>;
v0x1384149e0_0 .net *"_ivl_4", 0 0, L_0x13007c930;  1 drivers
L_0x13007c978 .functor BUFT 1, C4<00111>, C4<0>, C4<0>, C4<0>;
v0x138414a70_0 .net/2u *"_ivl_5", 4 0, L_0x13007c978;  1 drivers
v0x138414580_0 .net *"_ivl_7", 0 0, L_0x1385dc3c0;  1 drivers
L_0x1385dc200 .concat [ 4 1 0 0], L_0x1385de5b0, L_0x13007c930;
L_0x1385dc3c0 .cmp/eq 5, L_0x1385dc200, L_0x13007c978;
v0x138460b80_7 .array/port v0x138460b80, 7;
L_0x1385dc460 .functor MUXZ 40, v0x138460b80_7, L_0x1385e3b80, L_0x1385dc3c0, C4<>;
S_0x13841c840 .scope generate, "BUF_NXT_GEN[8]" "BUF_NXT_GEN[8]" 13 56, 13 56 0, S_0x13845cdc0;
 .timescale -9 -12;
P_0x13823c2e0 .param/l "addr" 1 13 56, +C4<01000>;
v0x138414610_0 .net *"_ivl_1", 5 0, L_0x1385dc540;  1 drivers
L_0x13007c9c0 .functor BUFT 1, C4<00>, C4<0>, C4<0>, C4<0>;
v0x13841d660_0 .net *"_ivl_4", 1 0, L_0x13007c9c0;  1 drivers
L_0x13007ca08 .functor BUFT 1, C4<001000>, C4<0>, C4<0>, C4<0>;
v0x13841d6f0_0 .net/2u *"_ivl_5", 5 0, L_0x13007ca08;  1 drivers
v0x13841d2a0_0 .net *"_ivl_7", 0 0, L_0x1385dc640;  1 drivers
L_0x1385dc540 .concat [ 4 2 0 0], L_0x1385de5b0, L_0x13007c9c0;
L_0x1385dc640 .cmp/eq 6, L_0x1385dc540, L_0x13007ca08;
v0x138460b80_8 .array/port v0x138460b80, 8;
L_0x1385dc780 .functor MUXZ 40, v0x138460b80_8, L_0x1385e3b80, L_0x1385dc640, C4<>;
S_0x13851c430 .scope generate, "BUF_NXT_GEN[9]" "BUF_NXT_GEN[9]" 13 56, 13 56 0, S_0x13845cdc0;
 .timescale -9 -12;
P_0x13823ae90 .param/l "addr" 1 13 56, +C4<01001>;
v0x13841d330_0 .net *"_ivl_1", 5 0, L_0x1385dc860;  1 drivers
L_0x13007ca50 .functor BUFT 1, C4<00>, C4<0>, C4<0>, C4<0>;
v0x13841ce40_0 .net *"_ivl_4", 1 0, L_0x13007ca50;  1 drivers
L_0x13007ca98 .functor BUFT 1, C4<001001>, C4<0>, C4<0>, C4<0>;
v0x13841ced0_0 .net/2u *"_ivl_5", 5 0, L_0x13007ca98;  1 drivers
v0x138519090_0 .net *"_ivl_7", 0 0, L_0x1385dc960;  1 drivers
L_0x1385dc860 .concat [ 4 2 0 0], L_0x1385de5b0, L_0x13007ca50;
L_0x1385dc960 .cmp/eq 6, L_0x1385dc860, L_0x13007ca98;
v0x138460b80_9 .array/port v0x138460b80, 9;
L_0x1385dcaa0 .functor MUXZ 40, v0x138460b80_9, L_0x1385e3b80, L_0x1385dc960, C4<>;
S_0x138519af0 .scope generate, "BUF_NXT_GEN[10]" "BUF_NXT_GEN[10]" 13 56, 13 56 0, S_0x13845cdc0;
 .timescale -9 -12;
P_0x13823ac80 .param/l "addr" 1 13 56, +C4<01010>;
v0x138519120_0 .net *"_ivl_1", 5 0, L_0x1385dcb80;  1 drivers
L_0x13007cae0 .functor BUFT 1, C4<00>, C4<0>, C4<0>, C4<0>;
v0x138513730_0 .net *"_ivl_4", 1 0, L_0x13007cae0;  1 drivers
L_0x13007cb28 .functor BUFT 1, C4<001010>, C4<0>, C4<0>, C4<0>;
v0x1385137c0_0 .net/2u *"_ivl_5", 5 0, L_0x13007cb28;  1 drivers
v0x138513330_0 .net *"_ivl_7", 0 0, L_0x1385dcca0;  1 drivers
L_0x1385dcb80 .concat [ 4 2 0 0], L_0x1385de5b0, L_0x13007cae0;
L_0x1385dcca0 .cmp/eq 6, L_0x1385dcb80, L_0x13007cb28;
v0x138460b80_10 .array/port v0x138460b80, 10;
L_0x1385dcde0 .functor MUXZ 40, v0x138460b80_10, L_0x1385e3b80, L_0x1385dcca0, C4<>;
S_0x138519490 .scope generate, "BUF_NXT_GEN[11]" "BUF_NXT_GEN[11]" 13 56, 13 56 0, S_0x13845cdc0;
 .timescale -9 -12;
P_0x138225be0 .param/l "addr" 1 13 56, +C4<01011>;
v0x1385133c0_0 .net *"_ivl_1", 5 0, L_0x1385dcec0;  1 drivers
L_0x13007cb70 .functor BUFT 1, C4<00>, C4<0>, C4<0>, C4<0>;
v0x138511750_0 .net *"_ivl_4", 1 0, L_0x13007cb70;  1 drivers
L_0x13007cbb8 .functor BUFT 1, C4<001011>, C4<0>, C4<0>, C4<0>;
v0x1385117e0_0 .net/2u *"_ivl_5", 5 0, L_0x13007cbb8;  1 drivers
v0x138510360_0 .net *"_ivl_7", 0 0, L_0x1385dcfc0;  1 drivers
L_0x1385dcec0 .concat [ 4 2 0 0], L_0x1385de5b0, L_0x13007cb70;
L_0x1385dcfc0 .cmp/eq 6, L_0x1385dcec0, L_0x13007cbb8;
v0x138460b80_11 .array/port v0x138460b80, 11;
L_0x1385dd100 .functor MUXZ 40, v0x138460b80_11, L_0x1385e3b80, L_0x1385dcfc0, C4<>;
S_0x138514580 .scope generate, "BUF_NXT_GEN[12]" "BUF_NXT_GEN[12]" 13 56, 13 56 0, S_0x13845cdc0;
 .timescale -9 -12;
P_0x138217d60 .param/l "addr" 1 13 56, +C4<01100>;
v0x1385103f0_0 .net *"_ivl_1", 5 0, L_0x1385dd1e0;  1 drivers
L_0x13007cc00 .functor BUFT 1, C4<00>, C4<0>, C4<0>, C4<0>;
v0x13850ea00_0 .net *"_ivl_4", 1 0, L_0x13007cc00;  1 drivers
L_0x13007cc48 .functor BUFT 1, C4<001100>, C4<0>, C4<0>, C4<0>;
v0x13850ea90_0 .net/2u *"_ivl_5", 5 0, L_0x13007cc48;  1 drivers
v0x13850e620_0 .net *"_ivl_7", 0 0, L_0x1385dd2e0;  1 drivers
L_0x1385dd1e0 .concat [ 4 2 0 0], L_0x1385de5b0, L_0x13007cc00;
L_0x1385dd2e0 .cmp/eq 6, L_0x1385dd1e0, L_0x13007cc48;
v0x138460b80_12 .array/port v0x138460b80, 12;
L_0x1385dd420 .functor MUXZ 40, v0x138460b80_12, L_0x1385e3b80, L_0x1385dd2e0, C4<>;
S_0x138510680 .scope generate, "BUF_NXT_GEN[13]" "BUF_NXT_GEN[13]" 13 56, 13 56 0, S_0x13845cdc0;
 .timescale -9 -12;
P_0x138224fc0 .param/l "addr" 1 13 56, +C4<01101>;
v0x13850e6b0_0 .net *"_ivl_1", 5 0, L_0x1385dd500;  1 drivers
L_0x13007cc90 .functor BUFT 1, C4<00>, C4<0>, C4<0>, C4<0>;
v0x138506de0_0 .net *"_ivl_4", 1 0, L_0x13007cc90;  1 drivers
L_0x13007ccd8 .functor BUFT 1, C4<001101>, C4<0>, C4<0>, C4<0>;
v0x138506e70_0 .net/2u *"_ivl_5", 5 0, L_0x13007ccd8;  1 drivers
v0x138542bd0_0 .net *"_ivl_7", 0 0, L_0x1385dd620;  1 drivers
L_0x1385dd500 .concat [ 4 2 0 0], L_0x1385de5b0, L_0x13007cc90;
L_0x1385dd620 .cmp/eq 6, L_0x1385dd500, L_0x13007ccd8;
v0x138460b80_13 .array/port v0x138460b80, 13;
L_0x1385dd760 .functor MUXZ 40, v0x138460b80_13, L_0x1385e3b80, L_0x1385dd620, C4<>;
S_0x13f785110 .scope generate, "BUF_NXT_GEN[14]" "BUF_NXT_GEN[14]" 13 56, 13 56 0, S_0x13845cdc0;
 .timescale -9 -12;
P_0x1382284a0 .param/l "addr" 1 13 56, +C4<01110>;
v0x138542c60_0 .net *"_ivl_1", 5 0, L_0x1385dd840;  1 drivers
L_0x13007cd20 .functor BUFT 1, C4<00>, C4<0>, C4<0>, C4<0>;
v0x138535350_0 .net *"_ivl_4", 1 0, L_0x13007cd20;  1 drivers
L_0x13007cd68 .functor BUFT 1, C4<001110>, C4<0>, C4<0>, C4<0>;
v0x1385353e0_0 .net/2u *"_ivl_5", 5 0, L_0x13007cd68;  1 drivers
v0x1384e7bc0_0 .net *"_ivl_7", 0 0, L_0x1385dd940;  1 drivers
L_0x1385dd840 .concat [ 4 2 0 0], L_0x1385de5b0, L_0x13007cd20;
L_0x1385dd940 .cmp/eq 6, L_0x1385dd840, L_0x13007cd68;
v0x138460b80_14 .array/port v0x138460b80, 14;
L_0x1385dda80 .functor MUXZ 40, v0x138460b80_14, L_0x1385e3b80, L_0x1385dd940, C4<>;
S_0x13844a2d0 .scope generate, "BUF_NXT_GEN[15]" "BUF_NXT_GEN[15]" 13 56, 13 56 0, S_0x13845cdc0;
 .timescale -9 -12;
P_0x138225a80 .param/l "addr" 1 13 56, +C4<01111>;
v0x1384e7c50_0 .net *"_ivl_1", 5 0, L_0x1385dc100;  1 drivers
L_0x13007cdb0 .functor BUFT 1, C4<00>, C4<0>, C4<0>, C4<0>;
v0x1384d20b0_0 .net *"_ivl_4", 1 0, L_0x13007cdb0;  1 drivers
L_0x13007cdf8 .functor BUFT 1, C4<001111>, C4<0>, C4<0>, C4<0>;
v0x1384d2140_0 .net/2u *"_ivl_5", 5 0, L_0x13007cdf8;  1 drivers
v0x1384a06c0_0 .net *"_ivl_7", 0 0, L_0x1385dc2c0;  1 drivers
L_0x1385dc100 .concat [ 4 2 0 0], L_0x1385de5b0, L_0x13007cdb0;
L_0x1385dc2c0 .cmp/eq 6, L_0x1385dc100, L_0x13007cdf8;
v0x138460b80_15 .array/port v0x138460b80, 15;
L_0x1385ddfa0 .functor MUXZ 40, v0x138460b80_15, L_0x1385e3b80, L_0x1385dc2c0, C4<>;
S_0x13849dd80 .scope generate, "SLV_FIFO[1]" "SLV_FIFO[1]" 14 84, 14 84 0, S_0x13845e2c0;
 .timescale -9 -12;
P_0x138254590 .param/l "slv_idx" 1 14 84, +C4<01>;
S_0x138423ef0 .scope module, "fifo_rdata" "fifo" 14 89, 13 2 0, S_0x13849dd80;
 .timescale -9 -12;
    .port_info 0 /INPUT 1 "clk";
    .port_info 1 /INPUT 40 "data_i";
    .port_info 2 /OUTPUT 40 "data_o";
    .port_info 3 /INPUT 1 "wr_valid_i";
    .port_info 4 /INPUT 1 "rd_valid_i";
    .port_info 5 /OUTPUT 1 "empty_o";
    .port_info 6 /OUTPUT 1 "full_o";
    .port_info 7 /OUTPUT 1 "almost_empty_o";
    .port_info 8 /OUTPUT 1 "almost_full_o";
    .port_info 9 /OUTPUT 5 "counter";
    .port_info 10 /INPUT 1 "rst_n";
P_0x138423550 .param/l "ADDR_WIDTH" 0 13 7, +C4<00000000000000000000000000000100>;
P_0x138423590 .param/l "DATA_WIDTH" 0 13 4, +C4<00000000000000000000000000000101000>;
P_0x1384235d0 .param/l "FIFO_DEPTH" 0 13 5, +C4<00000000000000000000000000010000>;
L_0x1385e29b0 .functor BUFZ 40, L_0x1385e27b0, C4<0000000000000000000000000000000000000000>, C4<0000000000000000000000000000000000000000>, C4<0000000000000000000000000000000000000000>;
L_0x1385e3430 .functor XOR 1, L_0x1385e3210, L_0x1385e32b0, C4<0>, C4<0>;
L_0x1385e34a0 .functor AND 1, L_0x1385e3170, L_0x1385e3430, C4<1>, C4<1>;
v0x1384c1060_0 .net *"_ivl_0", 39 0, L_0x1385e27b0;  1 drivers
L_0x13007d8f0 .functor BUFT 1, C4<00001>, C4<0>, C4<0>, C4<0>;
v0x1384c10f0_0 .net/2u *"_ivl_12", 4 0, L_0x13007d8f0;  1 drivers
v0x1384bfb00_0 .net *"_ivl_2", 5 0, L_0x1385e2850;  1 drivers
v0x1384bfb90_0 .net *"_ivl_24", 0 0, L_0x1385e3170;  1 drivers
v0x138495280_0 .net *"_ivl_27", 0 0, L_0x1385e3210;  1 drivers
v0x138495310_0 .net *"_ivl_29", 0 0, L_0x1385e32b0;  1 drivers
v0x138491c10_0 .net *"_ivl_30", 0 0, L_0x1385e3430;  1 drivers
L_0x13007d938 .functor BUFT 1, C4<0001>, C4<0>, C4<0>, C4<0>;
v0x138491ca0_0 .net/2u *"_ivl_34", 3 0, L_0x13007d938;  1 drivers
v0x1384907e0_0 .net *"_ivl_36", 3 0, L_0x1385e3590;  1 drivers
L_0x13007d860 .functor BUFT 1, C4<00>, C4<0>, C4<0>, C4<0>;
v0x138490870_0 .net *"_ivl_5", 1 0, L_0x13007d860;  1 drivers
L_0x13007d8a8 .functor BUFT 1, C4<00001>, C4<0>, C4<0>, C4<0>;
v0x13848f3b0_0 .net/2u *"_ivl_8", 4 0, L_0x13007d8a8;  1 drivers
v0x13848f440_0 .net "almost_empty_o", 0 0, L_0x1385e3010;  1 drivers
v0x13848ded0_0 .net "almost_full_o", 0 0, L_0x1385e3690;  1 drivers
v0x13848df60 .array "buffer", 15 0, 39 0;
v0x138487a00 .array "buffer_nxt", 15 0;
v0x138487a00_0 .net v0x138487a00 0, 39 0, L_0x1385df370; 1 drivers
v0x138487a00_1 .net v0x138487a00 1, 39 0, L_0x1385df6d0; 1 drivers
v0x138487a00_2 .net v0x138487a00 2, 39 0, L_0x1385df9d0; 1 drivers
v0x138487a00_3 .net v0x138487a00 3, 39 0, L_0x1385dfd70; 1 drivers
v0x138487a00_4 .net v0x138487a00 4, 39 0, L_0x1385e00b0; 1 drivers
v0x138487a00_5 .net v0x138487a00 5, 39 0, L_0x1385e03d0; 1 drivers
v0x138487a00_6 .net v0x138487a00 6, 39 0, L_0x1385e06f0; 1 drivers
v0x138487a00_7 .net v0x138487a00 7, 39 0, L_0x1385e0b30; 1 drivers
v0x138487a00_8 .net v0x138487a00 8, 39 0, L_0x1385e0e50; 1 drivers
v0x138487a00_9 .net v0x138487a00 9, 39 0, L_0x1385e1170; 1 drivers
v0x138487a00_10 .net v0x138487a00 10, 39 0, L_0x1385e14b0; 1 drivers
v0x138487a00_11 .net v0x138487a00 11, 39 0, L_0x1385e17d0; 1 drivers
v0x138487a00_12 .net v0x138487a00 12, 39 0, L_0x1385e1b10; 1 drivers
v0x138487a00_13 .net v0x138487a00 13, 39 0, L_0x1385e1e50; 1 drivers
v0x138487a00_14 .net v0x138487a00 14, 39 0, L_0x1385e2170; 1 drivers
v0x138487a00_15 .net v0x138487a00 15, 39 0, L_0x1385e26d0; 1 drivers
v0x138487a90_0 .net "clk", 0 0, v0x13843e760_0;  alias, 1 drivers
v0x138482090_0 .net "counter", 4 0, L_0x1385e3860;  1 drivers
v0x138480c40_0 .net "data_i", 39 0, L_0x1385e4780;  alias, 1 drivers
v0x138480cd0_0 .net "data_o", 39 0, L_0x1385e29b0;  alias, 1 drivers
v0x13847f7f0_0 .net "empty_o", 0 0, L_0x1385e2ef0;  alias, 1 drivers
v0x13847f880_0 .net "full_o", 0 0, L_0x1385e34a0;  alias, 1 drivers
v0x13847e3a0_0 .var "rd_addr", 4 0;
v0x13847e430_0 .net "rd_addr_inc", 4 0, L_0x1385e2ba0;  1 drivers
v0x13847cf50_0 .net "rd_addr_map", 3 0, L_0x1385e2dd0;  1 drivers
v0x13847cfe0_0 .net "rd_valid_i", 0 0, L_0x1385e4fd0;  alias, 1 drivers
v0x13847bb20_0 .net "rst_n", 0 0, v0x13843e800_0;  alias, 1 drivers
v0x13847bbb0_0 .var "wr_addr", 4 0;
v0x13847a6f0_0 .net "wr_addr_inc", 4 0, L_0x1385e2aa0;  1 drivers
v0x13847a780_0 .net "wr_addr_map", 3 0, L_0x1385e2cc0;  1 drivers
v0x138479190_0 .net "wr_valid_i", 0 0, L_0x1385e4d00;  alias, 1 drivers
L_0x1385e27b0 .array/port v0x13848df60, L_0x1385e2850;
L_0x1385e2850 .concat [ 4 2 0 0], L_0x1385e2dd0, L_0x13007d860;
L_0x1385e2aa0 .arith/sum 5, v0x13847bbb0_0, L_0x13007d8a8;
L_0x1385e2ba0 .arith/sum 5, v0x13847e3a0_0, L_0x13007d8f0;
L_0x1385e2cc0 .part v0x13847bbb0_0, 0, 4;
L_0x1385e2dd0 .part v0x13847e3a0_0, 0, 4;
L_0x1385e2ef0 .cmp/eq 5, v0x13847bbb0_0, v0x13847e3a0_0;
L_0x1385e3010 .cmp/eq 5, L_0x1385e2ba0, v0x13847bbb0_0;
L_0x1385e3170 .cmp/eq 4, L_0x1385e2cc0, L_0x1385e2dd0;
L_0x1385e3210 .part v0x13847bbb0_0, 4, 1;
L_0x1385e32b0 .part v0x13847e3a0_0, 4, 1;
L_0x1385e3590 .arith/sum 4, L_0x1385e2cc0, L_0x13007d938;
L_0x1385e3690 .cmp/eq 4, L_0x1385e3590, L_0x1385e2dd0;
L_0x1385e3860 .arith/sub 5, v0x13847bbb0_0, v0x13847e3a0_0;
S_0x138428d50 .scope generate, "BUF_LOAD[0]" "BUF_LOAD[0]" 13 64, 13 64 0, S_0x138423ef0;
 .timescale -9 -12;
P_0x138518f20 .param/l "addr" 1 13 64, +C4<00>;
S_0x1384283b0 .scope generate, "BUF_LOAD[1]" "BUF_LOAD[1]" 13 64, 13 64 0, S_0x138423ef0;
 .timescale -9 -12;
P_0x138225740 .param/l "addr" 1 13 64, +C4<01>;
S_0x13841f050 .scope generate, "BUF_LOAD[2]" "BUF_LOAD[2]" 13 64, 13 64 0, S_0x138423ef0;
 .timescale -9 -12;
P_0x13821b800 .param/l "addr" 1 13 64, +C4<010>;
S_0x1385197c0 .scope generate, "BUF_LOAD[3]" "BUF_LOAD[3]" 13 64, 13 64 0, S_0x138423ef0;
 .timescale -9 -12;
P_0x13821a7c0 .param/l "addr" 1 13 64, +C4<011>;
S_0x13850e350 .scope generate, "BUF_LOAD[4]" "BUF_LOAD[4]" 13 64, 13 64 0, S_0x138423ef0;
 .timescale -9 -12;
P_0x138220d90 .param/l "addr" 1 13 64, +C4<0100>;
S_0x1383fd130 .scope generate, "BUF_LOAD[5]" "BUF_LOAD[5]" 13 64, 13 64 0, S_0x138423ef0;
 .timescale -9 -12;
P_0x1382223e0 .param/l "addr" 1 13 64, +C4<0101>;
S_0x1383f97f0 .scope generate, "BUF_LOAD[6]" "BUF_LOAD[6]" 13 64, 13 64 0, S_0x138423ef0;
 .timescale -9 -12;
P_0x1382238b0 .param/l "addr" 1 13 64, +C4<0110>;
S_0x138449e00 .scope generate, "BUF_LOAD[7]" "BUF_LOAD[7]" 13 64, 13 64 0, S_0x138423ef0;
 .timescale -9 -12;
P_0x138220a60 .param/l "addr" 1 13 64, +C4<0111>;
S_0x13846da20 .scope generate, "BUF_LOAD[8]" "BUF_LOAD[8]" 13 64, 13 64 0, S_0x138423ef0;
 .timescale -9 -12;
P_0x138222a30 .param/l "addr" 1 13 64, +C4<01000>;
S_0x13846d380 .scope generate, "BUF_LOAD[9]" "BUF_LOAD[9]" 13 64, 13 64 0, S_0x138423ef0;
 .timescale -9 -12;
P_0x138221710 .param/l "addr" 1 13 64, +C4<01001>;
S_0x13846cce0 .scope generate, "BUF_LOAD[10]" "BUF_LOAD[10]" 13 64, 13 64 0, S_0x138423ef0;
 .timescale -9 -12;
P_0x1382230e0 .param/l "addr" 1 13 64, +C4<01010>;
S_0x13846bf10 .scope generate, "BUF_LOAD[11]" "BUF_LOAD[11]" 13 64, 13 64 0, S_0x138423ef0;
 .timescale -9 -12;
P_0x138222db0 .param/l "addr" 1 13 64, +C4<01011>;
S_0x138468f40 .scope generate, "BUF_LOAD[12]" "BUF_LOAD[12]" 13 64, 13 64 0, S_0x138423ef0;
 .timescale -9 -12;
P_0x138216e50 .param/l "addr" 1 13 64, +C4<01100>;
S_0x1384688a0 .scope generate, "BUF_LOAD[13]" "BUF_LOAD[13]" 13 64, 13 64 0, S_0x138423ef0;
 .timescale -9 -12;
P_0x13821e680 .param/l "addr" 1 13 64, +C4<01101>;
S_0x138468200 .scope generate, "BUF_LOAD[14]" "BUF_LOAD[14]" 13 64, 13 64 0, S_0x138423ef0;
 .timescale -9 -12;
P_0x1382162c0 .param/l "addr" 1 13 64, +C4<01110>;
S_0x138467420 .scope generate, "BUF_LOAD[15]" "BUF_LOAD[15]" 13 64, 13 64 0, S_0x138423ef0;
 .timescale -9 -12;
P_0x138228000 .param/l "addr" 1 13 64, +C4<01111>;
S_0x13845f730 .scope generate, "BUF_NXT_GEN[0]" "BUF_NXT_GEN[0]" 13 56, 13 56 0, S_0x138423ef0;
 .timescale -9 -12;
P_0x13821f550 .param/l "addr" 1 13 56, +C4<00>;
v0x138423610_0 .net *"_ivl_1", 4 0, L_0x1385df1f0;  1 drivers
L_0x13007cf60 .functor BUFT 1, C4<0>, C4<0>, C4<0>, C4<0>;
v0x13845f170_0 .net *"_ivl_4", 0 0, L_0x13007cf60;  1 drivers
L_0x13007cfa8 .functor BUFT 1, C4<00000>, C4<0>, C4<0>, C4<0>;
v0x13845d3d0_0 .net/2u *"_ivl_5", 4 0, L_0x13007cfa8;  1 drivers
v0x13845d460_0 .net *"_ivl_7", 0 0, L_0x1385df290;  1 drivers
L_0x1385df1f0 .concat [ 4 1 0 0], L_0x1385e2cc0, L_0x13007cf60;
L_0x1385df290 .cmp/eq 5, L_0x1385df1f0, L_0x13007cfa8;
v0x13848df60_0 .array/port v0x13848df60, 0;
L_0x1385df370 .functor MUXZ 40, v0x13848df60_0, L_0x1385e4780, L_0x1385df290, C4<>;
S_0x13845ab10 .scope generate, "BUF_NXT_GEN[1]" "BUF_NXT_GEN[1]" 13 56, 13 56 0, S_0x138423ef0;
 .timescale -9 -12;
P_0x138220430 .param/l "addr" 1 13 56, +C4<01>;
v0x13845a450_0 .net *"_ivl_1", 4 0, L_0x1385df490;  1 drivers
L_0x13007cff0 .functor BUFT 1, C4<0>, C4<0>, C4<0>, C4<0>;
v0x13845a4e0_0 .net *"_ivl_4", 0 0, L_0x13007cff0;  1 drivers
L_0x13007d038 .functor BUFT 1, C4<00001>, C4<0>, C4<0>, C4<0>;
v0x138439d10_0 .net/2u *"_ivl_5", 4 0, L_0x13007d038;  1 drivers
v0x138439da0_0 .net *"_ivl_7", 0 0, L_0x1385df5b0;  1 drivers
L_0x1385df490 .concat [ 4 1 0 0], L_0x1385e2cc0, L_0x13007cff0;
L_0x1385df5b0 .cmp/eq 5, L_0x1385df490, L_0x13007d038;
v0x13848df60_1 .array/port v0x13848df60, 1;
L_0x1385df6d0 .functor MUXZ 40, v0x13848df60_1, L_0x1385e4780, L_0x1385df5b0, C4<>;
S_0x138440450 .scope generate, "BUF_NXT_GEN[2]" "BUF_NXT_GEN[2]" 13 56, 13 56 0, S_0x138423ef0;
 .timescale -9 -12;
P_0x13821eb70 .param/l "addr" 1 13 56, +C4<010>;
v0x13843f8b0_0 .net *"_ivl_1", 4 0, L_0x1385df7b0;  1 drivers
L_0x13007d080 .functor BUFT 1, C4<0>, C4<0>, C4<0>, C4<0>;
v0x13843f940_0 .net *"_ivl_4", 0 0, L_0x13007d080;  1 drivers
L_0x13007d0c8 .functor BUFT 1, C4<00010>, C4<0>, C4<0>, C4<0>;
v0x13843f2e0_0 .net/2u *"_ivl_5", 4 0, L_0x13007d0c8;  1 drivers
v0x13843f370_0 .net *"_ivl_7", 0 0, L_0x1385df890;  1 drivers
L_0x1385df7b0 .concat [ 4 1 0 0], L_0x1385e2cc0, L_0x13007d080;
L_0x1385df890 .cmp/eq 5, L_0x1385df7b0, L_0x13007d0c8;
v0x13848df60_2 .array/port v0x13848df60, 2;
L_0x1385df9d0 .functor MUXZ 40, v0x13848df60_2, L_0x1385e4780, L_0x1385df890, C4<>;
S_0x13843ed10 .scope generate, "BUF_NXT_GEN[3]" "BUF_NXT_GEN[3]" 13 56, 13 56 0, S_0x138423ef0;
 .timescale -9 -12;
P_0x138227110 .param/l "addr" 1 13 56, +C4<011>;
v0x13843e340_0 .net *"_ivl_1", 4 0, L_0x1385dfb30;  1 drivers
L_0x13007d110 .functor BUFT 1, C4<0>, C4<0>, C4<0>, C4<0>;
v0x13843e3d0_0 .net *"_ivl_4", 0 0, L_0x13007d110;  1 drivers
L_0x13007d158 .functor BUFT 1, C4<00011>, C4<0>, C4<0>, C4<0>;
v0x13843c8e0_0 .net/2u *"_ivl_5", 4 0, L_0x13007d158;  1 drivers
v0x13843c970_0 .net *"_ivl_7", 0 0, L_0x1385dfc50;  1 drivers
L_0x1385dfb30 .concat [ 4 1 0 0], L_0x1385e2cc0, L_0x13007d110;
L_0x1385dfc50 .cmp/eq 5, L_0x1385dfb30, L_0x13007d158;
v0x13848df60_3 .array/port v0x13848df60, 3;
L_0x1385dfd70 .functor MUXZ 40, v0x13848df60_3, L_0x1385e4780, L_0x1385dfc50, C4<>;
S_0x13843beb0 .scope generate, "BUF_NXT_GEN[4]" "BUF_NXT_GEN[4]" 13 56, 13 56 0, S_0x138423ef0;
 .timescale -9 -12;
P_0x13821ff40 .param/l "addr" 1 13 56, +C4<0100>;
v0x13843b8e0_0 .net *"_ivl_1", 4 0, L_0x1385dfe50;  1 drivers
L_0x13007d1a0 .functor BUFT 1, C4<0>, C4<0>, C4<0>, C4<0>;
v0x13843b970_0 .net *"_ivl_4", 0 0, L_0x13007d1a0;  1 drivers
L_0x13007d1e8 .functor BUFT 1, C4<00100>, C4<0>, C4<0>, C4<0>;
v0x13843a970_0 .net/2u *"_ivl_5", 4 0, L_0x13007d1e8;  1 drivers
v0x13843aa00_0 .net *"_ivl_7", 0 0, L_0x1385dff70;  1 drivers
L_0x1385dfe50 .concat [ 4 1 0 0], L_0x1385e2cc0, L_0x13007d1a0;
L_0x1385dff70 .cmp/eq 5, L_0x1385dfe50, L_0x13007d1e8;
v0x13848df60_4 .array/port v0x13848df60, 4;
L_0x1385e00b0 .functor MUXZ 40, v0x13848df60_4, L_0x1385e4780, L_0x1385dff70, C4<>;
S_0x13843a570 .scope generate, "BUF_NXT_GEN[5]" "BUF_NXT_GEN[5]" 13 56, 13 56 0, S_0x138423ef0;
 .timescale -9 -12;
P_0x13821e190 .param/l "addr" 1 13 56, +C4<0101>;
v0x138438650_0 .net *"_ivl_1", 4 0, L_0x1385e0190;  1 drivers
L_0x13007d230 .functor BUFT 1, C4<0>, C4<0>, C4<0>, C4<0>;
v0x1384386e0_0 .net *"_ivl_4", 0 0, L_0x13007d230;  1 drivers
L_0x13007d278 .functor BUFT 1, C4<00101>, C4<0>, C4<0>, C4<0>;
v0x1384b1df0_0 .net/2u *"_ivl_5", 4 0, L_0x13007d278;  1 drivers
v0x1384b1e80_0 .net *"_ivl_7", 0 0, L_0x1385e0290;  1 drivers
L_0x1385e0190 .concat [ 4 1 0 0], L_0x1385e2cc0, L_0x13007d230;
L_0x1385e0290 .cmp/eq 5, L_0x1385e0190, L_0x13007d278;
v0x13848df60_5 .array/port v0x13848df60, 5;
L_0x1385e03d0 .functor MUXZ 40, v0x13848df60_5, L_0x1385e4780, L_0x1385e0290, C4<>;
S_0x1384ae840 .scope generate, "BUF_NXT_GEN[6]" "BUF_NXT_GEN[6]" 13 56, 13 56 0, S_0x138423ef0;
 .timescale -9 -12;
P_0x13821d7b0 .param/l "addr" 1 13 56, +C4<0110>;
v0x1384ad410_0 .net *"_ivl_1", 4 0, L_0x1385e04b0;  1 drivers
L_0x13007d2c0 .functor BUFT 1, C4<0>, C4<0>, C4<0>, C4<0>;
v0x1384ad4a0_0 .net *"_ivl_4", 0 0, L_0x13007d2c0;  1 drivers
L_0x13007d308 .functor BUFT 1, C4<00110>, C4<0>, C4<0>, C4<0>;
v0x1384abfe0_0 .net/2u *"_ivl_5", 4 0, L_0x13007d308;  1 drivers
v0x1384ac070_0 .net *"_ivl_7", 0 0, L_0x1385e05b0;  1 drivers
L_0x1385e04b0 .concat [ 4 1 0 0], L_0x1385e2cc0, L_0x13007d2c0;
L_0x1385e05b0 .cmp/eq 5, L_0x1385e04b0, L_0x13007d308;
v0x13848df60_6 .array/port v0x13848df60, 6;
L_0x1385e06f0 .functor MUXZ 40, v0x13848df60_6, L_0x1385e4780, L_0x1385e05b0, C4<>;
S_0x1384aab00 .scope generate, "BUF_NXT_GEN[7]" "BUF_NXT_GEN[7]" 13 56, 13 56 0, S_0x138423ef0;
 .timescale -9 -12;
P_0x13820b530 .param/l "addr" 1 13 56, +C4<0111>;
v0x1384fc120_0 .net *"_ivl_1", 4 0, L_0x1385e08d0;  1 drivers
L_0x13007d350 .functor BUFT 1, C4<0>, C4<0>, C4<0>, C4<0>;
v0x1384fc1b0_0 .net *"_ivl_4", 0 0, L_0x13007d350;  1 drivers
L_0x13007d398 .functor BUFT 1, C4<00111>, C4<0>, C4<0>, C4<0>;
v0x1384facd0_0 .net/2u *"_ivl_5", 4 0, L_0x13007d398;  1 drivers
v0x1384fad60_0 .net *"_ivl_7", 0 0, L_0x1385e0a90;  1 drivers
L_0x1385e08d0 .concat [ 4 1 0 0], L_0x1385e2cc0, L_0x13007d350;
L_0x1385e0a90 .cmp/eq 5, L_0x1385e08d0, L_0x13007d398;
v0x13848df60_7 .array/port v0x13848df60, 7;
L_0x1385e0b30 .functor MUXZ 40, v0x13848df60_7, L_0x1385e4780, L_0x1385e0a90, C4<>;
S_0x1384f9880 .scope generate, "BUF_NXT_GEN[8]" "BUF_NXT_GEN[8]" 13 56, 13 56 0, S_0x138423ef0;
 .timescale -9 -12;
P_0x138208760 .param/l "addr" 1 13 56, +C4<01000>;
v0x1384f8430_0 .net *"_ivl_1", 5 0, L_0x1385e0c10;  1 drivers
L_0x13007d3e0 .functor BUFT 1, C4<00>, C4<0>, C4<0>, C4<0>;
v0x1384f84c0_0 .net *"_ivl_4", 1 0, L_0x13007d3e0;  1 drivers
L_0x13007d428 .functor BUFT 1, C4<001000>, C4<0>, C4<0>, C4<0>;
v0x1384f6fe0_0 .net/2u *"_ivl_5", 5 0, L_0x13007d428;  1 drivers
v0x1384f7070_0 .net *"_ivl_7", 0 0, L_0x1385e0d10;  1 drivers
L_0x1385e0c10 .concat [ 4 2 0 0], L_0x1385e2cc0, L_0x13007d3e0;
L_0x1385e0d10 .cmp/eq 6, L_0x1385e0c10, L_0x13007d428;
v0x13848df60_8 .array/port v0x13848df60, 8;
L_0x1385e0e50 .functor MUXZ 40, v0x13848df60_8, L_0x1385e4780, L_0x1385e0d10, C4<>;
S_0x1384f5bb0 .scope generate, "BUF_NXT_GEN[9]" "BUF_NXT_GEN[9]" 13 56, 13 56 0, S_0x138423ef0;
 .timescale -9 -12;
P_0x13820c300 .param/l "addr" 1 13 56, +C4<01001>;
v0x1384f4780_0 .net *"_ivl_1", 5 0, L_0x1385e0f30;  1 drivers
L_0x13007d470 .functor BUFT 1, C4<00>, C4<0>, C4<0>, C4<0>;
v0x1384f4810_0 .net *"_ivl_4", 1 0, L_0x13007d470;  1 drivers
L_0x13007d4b8 .functor BUFT 1, C4<001001>, C4<0>, C4<0>, C4<0>;
v0x1384f3220_0 .net/2u *"_ivl_5", 5 0, L_0x13007d4b8;  1 drivers
v0x1384f32b0_0 .net *"_ivl_7", 0 0, L_0x1385e1030;  1 drivers
L_0x1385e0f30 .concat [ 4 2 0 0], L_0x1385e2cc0, L_0x13007d470;
L_0x1385e1030 .cmp/eq 6, L_0x1385e0f30, L_0x13007d4b8;
v0x13848df60_9 .array/port v0x13848df60, 9;
L_0x1385e1170 .functor MUXZ 40, v0x13848df60_9, L_0x1385e4780, L_0x1385e1030, C4<>;
S_0x1384ed760 .scope generate, "BUF_NXT_GEN[10]" "BUF_NXT_GEN[10]" 13 56, 13 56 0, S_0x138423ef0;
 .timescale -9 -12;
P_0x138207d20 .param/l "addr" 1 13 56, +C4<01010>;
v0x1384eeaa0_0 .net *"_ivl_1", 5 0, L_0x1385e1250;  1 drivers
L_0x13007d500 .functor BUFT 1, C4<00>, C4<0>, C4<0>, C4<0>;
v0x1384eeb30_0 .net *"_ivl_4", 1 0, L_0x13007d500;  1 drivers
L_0x13007d548 .functor BUFT 1, C4<001010>, C4<0>, C4<0>, C4<0>;
v0x1384e3f00_0 .net/2u *"_ivl_5", 5 0, L_0x13007d548;  1 drivers
v0x1384e3f90_0 .net *"_ivl_7", 0 0, L_0x1385e1370;  1 drivers
L_0x1385e1250 .concat [ 4 2 0 0], L_0x1385e2cc0, L_0x13007d500;
L_0x1385e1370 .cmp/eq 6, L_0x1385e1250, L_0x13007d548;
v0x13848df60_10 .array/port v0x13848df60, 10;
L_0x1385e14b0 .functor MUXZ 40, v0x13848df60_10, L_0x1385e4780, L_0x1385e1370, C4<>;
S_0x1384de510 .scope generate, "BUF_NXT_GEN[11]" "BUF_NXT_GEN[11]" 13 56, 13 56 0, S_0x138423ef0;
 .timescale -9 -12;
P_0x13820c470 .param/l "addr" 1 13 56, +C4<01011>;
v0x1384dd0c0_0 .net *"_ivl_1", 5 0, L_0x1385e1590;  1 drivers
L_0x13007d590 .functor BUFT 1, C4<00>, C4<0>, C4<0>, C4<0>;
v0x1384dd150_0 .net *"_ivl_4", 1 0, L_0x13007d590;  1 drivers
L_0x13007d5d8 .functor BUFT 1, C4<001011>, C4<0>, C4<0>, C4<0>;
v0x1384dbc70_0 .net/2u *"_ivl_5", 5 0, L_0x13007d5d8;  1 drivers
v0x1384dbd00_0 .net *"_ivl_7", 0 0, L_0x1385e1690;  1 drivers
L_0x1385e1590 .concat [ 4 2 0 0], L_0x1385e2cc0, L_0x13007d590;
L_0x1385e1690 .cmp/eq 6, L_0x1385e1590, L_0x13007d5d8;
v0x13848df60_11 .array/port v0x13848df60, 11;
L_0x1385e17d0 .functor MUXZ 40, v0x13848df60_11, L_0x1385e4780, L_0x1385e1690, C4<>;
S_0x1384da820 .scope generate, "BUF_NXT_GEN[12]" "BUF_NXT_GEN[12]" 13 56, 13 56 0, S_0x138423ef0;
 .timescale -9 -12;
P_0x13820ad10 .param/l "addr" 1 13 56, +C4<01100>;
v0x1384d93d0_0 .net *"_ivl_1", 5 0, L_0x1385e18b0;  1 drivers
L_0x13007d620 .functor BUFT 1, C4<00>, C4<0>, C4<0>, C4<0>;
v0x1384d9460_0 .net *"_ivl_4", 1 0, L_0x13007d620;  1 drivers
L_0x13007d668 .functor BUFT 1, C4<001100>, C4<0>, C4<0>, C4<0>;
v0x1384d7fa0_0 .net/2u *"_ivl_5", 5 0, L_0x13007d668;  1 drivers
v0x1384d8030_0 .net *"_ivl_7", 0 0, L_0x1385e19d0;  1 drivers
L_0x1385e18b0 .concat [ 4 2 0 0], L_0x1385e2cc0, L_0x13007d620;
L_0x1385e19d0 .cmp/eq 6, L_0x1385e18b0, L_0x13007d668;
v0x13848df60_12 .array/port v0x13848df60, 12;
L_0x1385e1b10 .functor MUXZ 40, v0x13848df60_12, L_0x1385e4780, L_0x1385e19d0, C4<>;
S_0x1384d6b70 .scope generate, "BUF_NXT_GEN[13]" "BUF_NXT_GEN[13]" 13 56, 13 56 0, S_0x138423ef0;
 .timescale -9 -12;
P_0x1382099f0 .param/l "addr" 1 13 56, +C4<01101>;
v0x1384d5610_0 .net *"_ivl_1", 5 0, L_0x1385e1bf0;  1 drivers
L_0x13007d6b0 .functor BUFT 1, C4<00>, C4<0>, C4<0>, C4<0>;
v0x1384d56a0_0 .net *"_ivl_4", 1 0, L_0x13007d6b0;  1 drivers
L_0x13007d6f8 .functor BUFT 1, C4<001101>, C4<0>, C4<0>, C4<0>;
v0x1384ce3f0_0 .net/2u *"_ivl_5", 5 0, L_0x13007d6f8;  1 drivers
v0x1384ce480_0 .net *"_ivl_7", 0 0, L_0x1385e1d10;  1 drivers
L_0x1385e1bf0 .concat [ 4 2 0 0], L_0x1385e2cc0, L_0x13007d6b0;
L_0x1385e1d10 .cmp/eq 6, L_0x1385e1bf0, L_0x13007d6f8;
v0x13848df60_13 .array/port v0x13848df60, 13;
L_0x1385e1e50 .functor MUXZ 40, v0x13848df60_13, L_0x1385e4780, L_0x1385e1d10, C4<>;
S_0x1384c8a00 .scope generate, "BUF_NXT_GEN[14]" "BUF_NXT_GEN[14]" 13 56, 13 56 0, S_0x138423ef0;
 .timescale -9 -12;
P_0x13820aa10 .param/l "addr" 1 13 56, +C4<01110>;
v0x1384c75b0_0 .net *"_ivl_1", 5 0, L_0x1385e1f30;  1 drivers
L_0x13007d740 .functor BUFT 1, C4<00>, C4<0>, C4<0>, C4<0>;
v0x1384c7640_0 .net *"_ivl_4", 1 0, L_0x13007d740;  1 drivers
L_0x13007d788 .functor BUFT 1, C4<001110>, C4<0>, C4<0>, C4<0>;
v0x1384c6160_0 .net/2u *"_ivl_5", 5 0, L_0x13007d788;  1 drivers
v0x1384c61f0_0 .net *"_ivl_7", 0 0, L_0x1385e2030;  1 drivers
L_0x1385e1f30 .concat [ 4 2 0 0], L_0x1385e2cc0, L_0x13007d740;
L_0x1385e2030 .cmp/eq 6, L_0x1385e1f30, L_0x13007d788;
v0x13848df60_14 .array/port v0x13848df60, 14;
L_0x1385e2170 .functor MUXZ 40, v0x13848df60_14, L_0x1385e4780, L_0x1385e2030, C4<>;
S_0x1384c4d10 .scope generate, "BUF_NXT_GEN[15]" "BUF_NXT_GEN[15]" 13 56, 13 56 0, S_0x138423ef0;
 .timescale -9 -12;
P_0x138207130 .param/l "addr" 1 13 56, +C4<01111>;
v0x1384c38c0_0 .net *"_ivl_1", 5 0, L_0x1385e07d0;  1 drivers
L_0x13007d7d0 .functor BUFT 1, C4<00>, C4<0>, C4<0>, C4<0>;
v0x1384c3950_0 .net *"_ivl_4", 1 0, L_0x13007d7d0;  1 drivers
L_0x13007d818 .functor BUFT 1, C4<001111>, C4<0>, C4<0>, C4<0>;
v0x1384c2490_0 .net/2u *"_ivl_5", 5 0, L_0x13007d818;  1 drivers
v0x1384c2520_0 .net *"_ivl_7", 0 0, L_0x1385e09d0;  1 drivers
L_0x1385e07d0 .concat [ 4 2 0 0], L_0x1385e2cc0, L_0x13007d7d0;
L_0x1385e09d0 .cmp/eq 6, L_0x1385e07d0, L_0x13007d818;
v0x13848df60_15 .array/port v0x13848df60, 15;
L_0x1385e26d0 .functor MUXZ 40, v0x13848df60_15, L_0x1385e4780, L_0x1385e09d0, C4<>;
S_0x13842a090 .scope generate, "SLV_HSK[0]" "SLV_HSK[0]" 14 131, 14 131 0, S_0x13845e2c0;
 .timescale -9 -12;
P_0x138226090 .param/l "slv_idx" 1 14 131, +C4<00>;
L_0x1385e5290 .functor AND 1, L_0x1385e5100, L_0x1385e51f0, C4<1>, C4<1>;
v0x138479220_0 .net *"_ivl_1", 0 0, L_0x1385e5100;  1 drivers
v0x1384167c0_0 .net *"_ivl_2", 0 0, L_0x1385e51f0;  1 drivers
S_0x138416450 .scope generate, "SLV_HSK[1]" "SLV_HSK[1]" 14 131, 14 131 0, S_0x13845e2c0;
 .timescale -9 -12;
P_0x138209200 .param/l "slv_idx" 1 14 131, +C4<01>;
L_0x1385e5520 .functor AND 1, L_0x1385e5380, L_0x1385e5480, C4<1>, C4<1>;
v0x138416850_0 .net *"_ivl_1", 0 0, L_0x1385e5380;  1 drivers
v0x138413f30_0 .net *"_ivl_2", 0 0, L_0x1385e5480;  1 drivers
S_0x13850bc20 .scope generate, "SLV_LOGIC[0]" "SLV_LOGIC[0]" 14 122, 14 122 0, S_0x13845e2c0;
 .timescale -9 -12;
P_0x138452850 .param/l "slv_idx" 1 14 122, +C4<00>;
L_0x1385e4050 .functor BUFZ 40, L_0x1385de2a0, C4<0000000000000000000000000000000000000000>, C4<0000000000000000000000000000000000000000>, C4<0000000000000000000000000000000000000000>;
L_0x1385e40c0 .functor BUFZ 1, L_0x1385e5290, C4<0>, C4<0>, C4<0>;
L_0x1385e43d0 .functor AND 1, L_0x1385e7ba0, L_0x1385e4250, C4<1>, C4<1>;
v0x138413fc0_0 .net *"_ivl_1", 4 0, L_0x1385e3900;  1 drivers
v0x138505a90_0 .net *"_ivl_18", 39 0, L_0x1385e4050;  1 drivers
v0x138505b20_0 .net *"_ivl_2", 31 0, L_0x1385e39a0;  1 drivers
v0x138541880_0 .net *"_ivl_24", 2 0, L_0x1385e4130;  1 drivers
L_0x13007d980 .functor BUFT 1, C4<00>, C4<0>, C4<0>, C4<0>;
v0x138541910_0 .net *"_ivl_27", 1 0, L_0x13007d980;  1 drivers
L_0x13007d9c8 .functor BUFT 1, C4<000>, C4<0>, C4<0>, C4<0>;
v0x13853e210_0 .net/2u *"_ivl_28", 2 0, L_0x13007d9c8;  1 drivers
v0x13853e2a0_0 .net *"_ivl_3", 1 0, L_0x1385e3a40;  1 drivers
v0x13853cde0_0 .net *"_ivl_30", 0 0, L_0x1385e4250;  1 drivers
v0x13853ce70_0 .net *"_ivl_4", 0 0, L_0x1385e3ae0;  1 drivers
L_0x1385e3b80 .concat [ 1 2 32 5], L_0x1385e3ae0, L_0x1385e3a40, L_0x1385e39a0, L_0x1385e3900;
L_0x1385e3ce0 .part L_0x1385e4050, 35, 5;
L_0x1385e3d80 .part L_0x1385e4050, 3, 32;
L_0x1385e3e60 .part L_0x1385e4050, 1, 2;
L_0x1385e3f00 .part L_0x1385e4050, 0, 1;
L_0x1385e4130 .concat [ 1 2 0 0], L_0x1385da520, L_0x13007d980;
L_0x1385e4250 .cmp/eq 3, L_0x1385e4130, L_0x13007d9c8;
S_0x13853b9b0 .scope generate, "SLV_LOGIC[1]" "SLV_LOGIC[1]" 14 122, 14 122 0, S_0x13845e2c0;
 .timescale -9 -12;
P_0x13844ec10 .param/l "slv_idx" 1 14 122, +C4<01>;
L_0x1385e4c90 .functor BUFZ 40, L_0x1385e29b0, C4<0000000000000000000000000000000000000000>, C4<0000000000000000000000000000000000000000>, C4<0000000000000000000000000000000000000000>;
L_0x1385e4d00 .functor BUFZ 1, L_0x1385e5520, C4<0>, C4<0>, C4<0>;
L_0x1385e4fd0 .functor AND 1, L_0x1385e7ba0, L_0x1385e4e50, C4<1>, C4<1>;
v0x13853a4d0_0 .net *"_ivl_1", 4 0, L_0x1385e44c0;  1 drivers
v0x13853a560_0 .net *"_ivl_18", 39 0, L_0x1385e4c90;  1 drivers
v0x138534000_0 .net *"_ivl_2", 31 0, L_0x1385e4560;  1 drivers
v0x138534090_0 .net *"_ivl_24", 2 0, L_0x1385e4d70;  1 drivers
L_0x13007da10 .functor BUFT 1, C4<00>, C4<0>, C4<0>, C4<0>;
v0x13852e690_0 .net *"_ivl_27", 1 0, L_0x13007da10;  1 drivers
L_0x13007da58 .functor BUFT 1, C4<001>, C4<0>, C4<0>, C4<0>;
v0x13852e720_0 .net/2u *"_ivl_28", 2 0, L_0x13007da58;  1 drivers
v0x13852d240_0 .net *"_ivl_3", 1 0, L_0x1385e4600;  1 drivers
v0x13852d2d0_0 .net *"_ivl_30", 0 0, L_0x1385e4e50;  1 drivers
v0x13852bdf0_0 .net *"_ivl_4", 0 0, L_0x1385e46e0;  1 drivers
L_0x1385e4780 .concat [ 1 2 32 5], L_0x1385e46e0, L_0x1385e4600, L_0x1385e4560, L_0x1385e44c0;
L_0x1385e4920 .part L_0x1385e4c90, 35, 5;
L_0x1385e49c0 .part L_0x1385e4c90, 3, 32;
L_0x1385e4aa0 .part L_0x1385e4c90, 1, 2;
L_0x1385e4b40 .part L_0x1385e4c90, 0, 1;
L_0x1385e4d70 .concat [ 1 2 0 0], L_0x1385da520, L_0x13007da10;
L_0x1385e4e50 .cmp/eq 3, L_0x1385e4d70, L_0x13007da58;
S_0x13852a9a0 .scope generate, "SLV_OUT[0]" "SLV_OUT[0]" 14 145, 14 145 0, S_0x13845e2c0;
 .timescale -9 -12;
P_0x13846bc50 .param/l "slv_idx" 1 14 145, +C4<00>;
L_0x1385e5610 .functor NOT 1, L_0x1385ded90, C4<0>, C4<0>, C4<0>;
v0x13852be80_0 .net *"_ivl_1", 0 0, L_0x1385e5610;  1 drivers
S_0x138529550 .scope generate, "SLV_OUT[1]" "SLV_OUT[1]" 14 145, 14 145 0, S_0x13845e2c0;
 .timescale -9 -12;
P_0x138469850 .param/l "slv_idx" 1 14 145, +C4<01>;
L_0x1385e5860 .functor NOT 1, L_0x1385e34a0, C4<0>, C4<0>, C4<0>;
v0x138528120_0 .net *"_ivl_1", 0 0, L_0x1385e5860;  1 drivers
S_0x138526cf0 .scope module, "mst_skid_buffer" "skid_buffer" 14 108, 7 1 0, S_0x13845e2c0;
 .timescale -9 -12;
    .port_info 0 /INPUT 1 "clk";
    .port_info 1 /INPUT 1 "rst_n";
    .port_info 2 /INPUT 40 "bwd_data_i";
    .port_info 3 /INPUT 1 "bwd_valid_i";
    .port_info 4 /INPUT 1 "fwd_ready_i";
    .port_info 5 /OUTPUT 40 "fwd_data_o";
    .port_info 6 /OUTPUT 1 "bwd_ready_o";
    .port_info 7 /OUTPUT 1 "fwd_valid_o";
P_0x13f7c12e0 .param/l "DATA_WIDTH" 0 7 4, +C4<00000000000000000000000000000101000>;
P_0x13f7c1320 .param/l "SBUF_TYPE" 0 7 3, +C4<00000000000000000000000000000011>;
v0x13f7d59a0_0 .net "bwd_data_i", 39 0, L_0x1385e86f0;  alias, 1 drivers
v0x13f7d5a30_0 .net "bwd_ready_o", 0 0, L_0x1385e63a0;  alias, 1 drivers
v0x13f7e4ef0_0 .net "bwd_valid_i", 0 0, L_0x1385e8e10;  alias, 1 drivers
v0x13f7e4f80_0 .net "clk", 0 0, v0x13843e760_0;  alias, 1 drivers
v0x13f7c8990_0 .net "fwd_data_o", 39 0, v0x13f7e7060_0;  alias, 1 drivers
v0x13f7c8a20_0 .net "fwd_ready_i", 0 0, L_0x1385e8e80;  alias, 1 drivers
v0x13f7c8ab0_0 .net "fwd_valid_o", 0 0, L_0x1385e6880;  alias, 1 drivers
v0x13f7c8b40_0 .net "rst_n", 0 0, v0x13843e800_0;  alias, 1 drivers
S_0x138525790 .scope generate, "OPT_FWD_TIMING" "OPT_FWD_TIMING" 7 226, 7 226 0, S_0x138526cf0;
 .timescale -9 -12;
P_0x13f7bfb30 .param/l "ACTIVE_ST" 1 7 228, C4<0>;
P_0x13f7bfb70 .param/l "PASSIVE_ST" 1 7 229, C4<1>;
L_0x1385e6880 .functor BUFZ 1, v0x13f7e4dd0_0, C4<0>, C4<0>, C4<0>;
L_0x13007dae8 .functor BUFT 1, C4<1>, C4<0>, C4<0>, C4<0>;
L_0x1385e6930 .functor XNOR 1, v0x13843b3c0_0, L_0x13007dae8, C4<0>, C4<0>;
L_0x1385e6a20 .functor NOT 1, v0x13f7e70f0_0, C4<0>, C4<0>, C4<0>;
L_0x1385e6ab0 .functor AND 1, L_0x1385e6930, L_0x1385e6a20, C4<1>, C4<1>;
L_0x13007db30 .functor BUFT 1, C4<1>, C4<0>, C4<0>, C4<0>;
L_0x1385e6da0 .functor XNOR 1, v0x13843b3c0_0, L_0x13007db30, C4<0>, C4<0>;
L_0x1385e6e90 .functor AND 1, L_0x1385e6cc0, L_0x1385e6da0, C4<1>, C4<1>;
L_0x1385e6fc0 .functor NOT 1, L_0x1385e6e90, C4<0>, C4<0>, C4<0>;
L_0x1385e7190 .functor AND 1, L_0x1385e6fc0, L_0x1385e7070, C4<1>, C4<1>;
L_0x1385e72d0 .functor OR 1, L_0x1385e74e0, L_0x1385e8e80, C4<0>, C4<0>;
L_0x1385e7340 .functor OR 1, L_0x1385e7640, L_0x1385e8e80, C4<0>, C4<0>;
L_0x13007db78 .functor BUFT 1, C4<0>, C4<0>, C4<0>, C4<0>;
L_0x1385e7430 .functor XNOR 1, v0x13843b3c0_0, L_0x13007db78, C4<0>, C4<0>;
L_0x1385e74e0 .functor AND 1, L_0x1385e7430, L_0x1385e6540, C4<1>, C4<1>;
L_0x1385e7640 .functor BUFZ 1, L_0x1385e74e0, C4<0>, C4<0>, C4<0>;
L_0x13007dbc0 .functor BUFT 1, C4<0>, C4<0>, C4<0>, C4<0>;
L_0x1385e76f0 .functor XNOR 1, v0x13843b3c0_0, L_0x13007dbc0, C4<0>, C4<0>;
L_0x13007dc08 .functor BUFT 1, C4<1>, C4<0>, C4<0>, C4<0>;
L_0x1385e75d0 .functor XNOR 1, v0x13843b3c0_0, L_0x13007dc08, C4<0>, C4<0>;
L_0x1385e7860 .functor AND 1, L_0x1385e75d0, v0x13f7e70f0_0, C4<1>, C4<1>;
L_0x1385e79e0 .functor AND 1, L_0x1385e7860, v0x13f7e4dd0_0, C4<1>, C4<1>;
L_0x1385e7a50 .functor OR 1, L_0x1385e76f0, L_0x1385e79e0, C4<0>, C4<0>;
v0x1384255f0_0 .net *"_ivl_15", 0 0, L_0x1385e6cc0;  1 drivers
v0x138518ae0_0 .net/2u *"_ivl_16", 0 0, L_0x13007db30;  1 drivers
v0x138518b70_0 .net *"_ivl_18", 0 0, L_0x1385e6da0;  1 drivers
v0x138518c00_0 .net *"_ivl_20", 0 0, L_0x1385e6e90;  1 drivers
v0x138507160_0 .net *"_ivl_22", 0 0, L_0x1385e6fc0;  1 drivers
v0x1385071f0_0 .net *"_ivl_24", 0 0, L_0x1385e7070;  1 drivers
v0x138507280_0 .net/2u *"_ivl_32", 0 0, L_0x13007db78;  1 drivers
v0x1385356d0_0 .net *"_ivl_34", 0 0, L_0x1385e7430;  1 drivers
v0x138535760_0 .net/2u *"_ivl_4", 0 0, L_0x13007dae8;  1 drivers
v0x1385357f0_0 .net/2u *"_ivl_40", 0 0, L_0x13007dbc0;  1 drivers
v0x138430ea0_0 .net *"_ivl_42", 0 0, L_0x1385e76f0;  1 drivers
v0x138430f30_0 .net/2u *"_ivl_44", 0 0, L_0x13007dc08;  1 drivers
v0x138430fc0_0 .net *"_ivl_46", 0 0, L_0x1385e75d0;  1 drivers
v0x138430390_0 .net *"_ivl_48", 0 0, L_0x1385e7860;  1 drivers
v0x138430420_0 .net *"_ivl_50", 0 0, L_0x1385e79e0;  1 drivers
v0x1384304b0_0 .net *"_ivl_6", 0 0, L_0x1385e6930;  1 drivers
v0x13843b330_0 .net *"_ivl_8", 0 0, L_0x1385e6a20;  1 drivers
v0x138437ea0_0 .net "fifo_rd_data", 39 0, L_0x1385e5b70;  1 drivers
v0x138437f30_0 .net "fifo_rd_ready", 0 0, L_0x1385e6540;  1 drivers
v0x138437fc0_0 .net "fifo_rd_valid", 0 0, L_0x1385e7a50;  1 drivers
v0x13f7f2be0_0 .var "fwd_bckp_data_q", 39 0;
v0x13f7f2c70_0 .var "fwd_bckp_valid_q", 0 0;
v0x13f7f2d00_0 .net "fwd_data_d", 39 0, L_0x1385e6be0;  1 drivers
v0x13f7f2d90_0 .net "fwd_data_en", 0 0, L_0x1385e72d0;  1 drivers
v0x13f7f2e20_0 .net "fwd_data_ien", 0 0, L_0x1385e74e0;  1 drivers
v0x13f7e7060_0 .var "fwd_data_q", 39 0;
v0x13f7e70f0_0 .var "fwd_ready_q", 0 0;
v0x13f7e7180_0 .net "fwd_sel", 0 0, L_0x1385e6ab0;  1 drivers
v0x13f7e7210_0 .net "fwd_valid_d", 0 0, L_0x1385e7190;  1 drivers
v0x13f7e72a0_0 .net "fwd_valid_en", 0 0, L_0x1385e7340;  1 drivers
v0x13f7e4d40_0 .net "fwd_valid_ien", 0 0, L_0x1385e7640;  1 drivers
v0x13f7e4dd0_0 .var "fwd_valid_q", 0 0;
v0x13f7e4e60_0 .var "sb_state_d", 0 0;
v0x13843b3c0_0 .var "sb_state_q", 0 0;
E_0x13845dd80 .event anyedge, v0x13843b3c0_0, v0x1384969e0_0, v0x13f7e4dd0_0;
L_0x1385e6be0 .functor MUXZ 40, L_0x1385e5b70, v0x13f7f2be0_0, L_0x1385e6ab0, C4<>;
L_0x1385e6cc0 .reduce/nor v0x13f7e4dd0_0;
L_0x1385e7070 .functor MUXZ 1, L_0x1385e6540, v0x13f7f2c70_0, L_0x1385e6ab0, C4<>;
S_0x13844a7a0 .scope module, "fifo" "sb_fifo" 7 256, 15 1 0, S_0x138525790;
 .timescale -9 -12;
    .port_info 0 /INPUT 1 "clk";
    .port_info 1 /INPUT 40 "data_i";
    .port_info 2 /OUTPUT 40 "data_o";
    .port_info 3 /INPUT 1 "wr_valid_i";
    .port_info 4 /INPUT 1 "rd_valid_i";
    .port_info 5 /OUTPUT 1 "wr_ready_o";
    .port_info 6 /OUTPUT 1 "rd_ready_o";
    .port_info 7 /INPUT 1 "rst_n";
P_0x138439750 .param/l "ADDR_WIDTH" 0 15 7, +C4<00000000000000000000000000000001>;
P_0x138439790 .param/l "DATA_WIDTH" 0 15 4, +C4<00000000000000000000000000000101000>;
P_0x1384397d0 .param/l "FIFO_DEPTH" 0 15 5, +C4<00000000000000000000000000000010>;
L_0x1385e5b70 .functor BUFZ 40, L_0x1385e5910, C4<0000000000000000000000000000000000000000>, C4<0000000000000000000000000000000000000000>, C4<0000000000000000000000000000000000000000>;
L_0x1385e5e10 .functor XOR 1, L_0x1385e5c60, L_0x1385e5d40, C4<0>, C4<0>;
L_0x1385e60c0 .functor XOR 1, L_0x1385e5f00, L_0x1385e5fa0, C4<0>, C4<0>;
L_0x1385e62b0 .functor AND 1, L_0x1385e5e10, L_0x1385e61d0, C4<1>, C4<1>;
L_0x1385e63a0 .functor NOT 1, L_0x1385e62b0, C4<0>, C4<0>, C4<0>;
L_0x1385e6450 .functor XOR 2, v0x138496950_0, v0x1384891f0_0, C4<00>, C4<00>;
L_0x1385e6670 .functor AND 1, L_0x1385e7a50, L_0x1385e6540, C4<1>, C4<1>;
L_0x1385e6720 .functor AND 1, L_0x1385e8e10, L_0x1385e63a0, C4<1>, C4<1>;
v0x138439810_0 .net *"_ivl_0", 39 0, L_0x1385e5910;  1 drivers
v0x13843d660_0 .net *"_ivl_11", 0 0, L_0x1385e5c60;  1 drivers
v0x138438b00_0 .net *"_ivl_13", 0 0, L_0x1385e5d40;  1 drivers
v0x138438b90_0 .net *"_ivl_14", 0 0, L_0x1385e5e10;  1 drivers
v0x138438c20_0 .net *"_ivl_17", 0 0, L_0x1385e5f00;  1 drivers
v0x13843a160_0 .net *"_ivl_19", 0 0, L_0x1385e5fa0;  1 drivers
v0x13843a1f0_0 .net *"_ivl_20", 0 0, L_0x1385e60c0;  1 drivers
v0x13843a280_0 .net *"_ivl_23", 0 0, L_0x1385e61d0;  1 drivers
v0x1384b34c0_0 .net *"_ivl_24", 0 0, L_0x1385e62b0;  1 drivers
v0x1384b3550_0 .net *"_ivl_28", 1 0, L_0x1385e6450;  1 drivers
v0x1384b35e0_0 .net *"_ivl_3", 0 0, L_0x1385e59b0;  1 drivers
v0x1384ebc60_0 .net *"_ivl_4", 2 0, L_0x1385e5a50;  1 drivers
L_0x13007daa0 .functor BUFT 1, C4<00>, C4<0>, C4<0>, C4<0>;
v0x1384ebcf0_0 .net *"_ivl_7", 1 0, L_0x13007daa0;  1 drivers
v0x1384ebd80_0 .net "clk", 0 0, v0x13843e760_0;  alias, 1 drivers
v0x1384e55d0_0 .net "data_i", 39 0, L_0x1385e86f0;  alias, 1 drivers
v0x1384e5660_0 .net "data_o", 39 0, L_0x1385e5b70;  alias, 1 drivers
v0x1384e56f0 .array "mem", 0 1, 39 0;
v0x1384cfbc0_0 .net "rd_handshake", 0 0, L_0x1385e6670;  1 drivers
v0x138496950_0 .var "rd_ptr", 1 0;
v0x1384969e0_0 .net "rd_ready_o", 0 0, L_0x1385e6540;  alias, 1 drivers
v0x138496a70_0 .net "rd_valid_i", 0 0, L_0x1385e7a50;  alias, 1 drivers
v0x1384890d0_0 .net "rst_n", 0 0, v0x13843e800_0;  alias, 1 drivers
v0x138489160_0 .net "wr_handshake", 0 0, L_0x1385e6720;  1 drivers
v0x1384891f0_0 .var "wr_ptr", 1 0;
v0x1384254d0_0 .net "wr_ready_o", 0 0, L_0x1385e63a0;  alias, 1 drivers
v0x138425560_0 .net "wr_valid_i", 0 0, L_0x1385e8e10;  alias, 1 drivers
L_0x1385e5910 .array/port v0x1384e56f0, L_0x1385e5a50;
L_0x1385e59b0 .part v0x138496950_0, 0, 1;
L_0x1385e5a50 .concat [ 1 2 0 0], L_0x1385e59b0, L_0x13007daa0;
L_0x1385e5c60 .part v0x138496950_0, 1, 1;
L_0x1385e5d40 .part v0x1384891f0_0, 1, 1;
L_0x1385e5f00 .part v0x138496950_0, 0, 1;
L_0x1385e5fa0 .part v0x1384891f0_0, 0, 1;
L_0x1385e61d0 .reduce/nor L_0x1385e60c0;
L_0x1385e6540 .reduce/or L_0x1385e6450;
S_0x138254360 .scope generate, "SLV_LOGIC[0]" "SLV_LOGIC[0]" 11 85, 11 85 0, S_0x13853a760;
 .timescale -9 -12;
P_0x13843b450 .param/l "slv_idx" 1 11 85, +C4<00>;
v0x1384eda90_0 .net *"_ivl_0", 31 0, L_0x1385d2140;  1 drivers
L_0x13007b928 .functor BUFT 1, C4<0000000000000000000000000000>, C4<0>, C4<0>, C4<0>;
v0x1382462a0_0 .net *"_ivl_3", 27 0, L_0x13007b928;  1 drivers
L_0x13007b970 .functor BUFT 1, C4<00000000000000000000000000001000>, C4<0>, C4<0>, C4<0>;
v0x138246330_0 .net/2u *"_ivl_4", 31 0, L_0x13007b970;  1 drivers
v0x1382463c0_0 .net *"_ivl_6", 0 0, L_0x1385d21e0;  1 drivers
L_0x1385d2140 .concat [ 4 28 0 0], L_0x1385d6810, L_0x13007b928;
L_0x1385d21e0 .cmp/eq 32, L_0x1385d2140, L_0x13007b970;
S_0x138246450 .scope generate, "SLV_LOGIC[1]" "SLV_LOGIC[1]" 11 85, 11 85 0, S_0x13853a760;
 .timescale -9 -12;
P_0x13843c5b0 .param/l "slv_idx" 1 11 85, +C4<01>;
v0x138239e70_0 .net *"_ivl_0", 31 0, L_0x1385d23a0;  1 drivers
L_0x13007b9b8 .functor BUFT 1, C4<0000000000000000000000000000>, C4<0>, C4<0>, C4<0>;
v0x138239f00_0 .net *"_ivl_3", 27 0, L_0x13007b9b8;  1 drivers
L_0x13007ba00 .functor BUFT 1, C4<00000000000000000000000000001000>, C4<0>, C4<0>, C4<0>;
v0x138239f90_0 .net/2u *"_ivl_4", 31 0, L_0x13007ba00;  1 drivers
v0x13823a020_0 .net *"_ivl_6", 0 0, L_0x1385d24c0;  1 drivers
L_0x1385d23a0 .concat [ 4 28 0 0], L_0x1385d6810, L_0x13007b9b8;
L_0x1385d24c0 .cmp/eq 32, L_0x1385d23a0, L_0x13007ba00;
S_0x138543cf0 .scope module, "write_channel" "dsp_write_channel" 10 123, 16 1 0, S_0x13853bbb0;
 .timescale -9 -12;
    .port_info 0 /INPUT 1 "ACLK_i";
    .port_info 1 /INPUT 1 "ARESETn_i";
    .port_info 2 /INPUT 5 "m_AWID_i";
    .port_info 3 /INPUT 32 "m_AWADDR_i";
    .port_info 4 /INPUT 2 "m_AWBURST_i";
    .port_info 5 /INPUT 3 "m_AWLEN_i";
    .port_info 6 /INPUT 3 "m_AWSIZE_i";
    .port_info 7 /INPUT 1 "m_AWVALID_i";
    .port_info 8 /INPUT 32 "m_WDATA_i";
    .port_info 9 /INPUT 1 "m_WLAST_i";
    .port_info 10 /INPUT 1 "m_WVALID_i";
    .port_info 11 /INPUT 1 "m_BREADY_i";
    .port_info 12 /INPUT 2 "sa_AWREADY_i";
    .port_info 13 /INPUT 2 "sa_WREADY_i";
    .port_info 14 /INPUT 10 "sa_BID_i";
    .port_info 15 /INPUT 4 "sa_BRESP_i";
    .port_info 16 /INPUT 2 "sa_BVALID_i";
    .port_info 17 /OUTPUT 1 "m_AWREADY_o";
    .port_info 18 /OUTPUT 1 "m_WREADY_o";
    .port_info 19 /OUTPUT 5 "m_BID_o";
    .port_info 20 /OUTPUT 2 "m_BRESP_o";
    .port_info 21 /OUTPUT 1 "m_BVALID_o";
    .port_info 22 /OUTPUT 10 "sa_AWID_o";
    .port_info 23 /OUTPUT 64 "sa_AWADDR_o";
    .port_info 24 /OUTPUT 4 "sa_AWBURST_o";
    .port_info 25 /OUTPUT 6 "sa_AWLEN_o";
    .port_info 26 /OUTPUT 6 "sa_AWSIZE_o";
    .port_info 27 /OUTPUT 2 "sa_AWVALID_o";
    .port_info 28 /OUTPUT 2 "sa_AW_outst_full_o";
    .port_info 29 /OUTPUT 64 "sa_WDATA_o";
    .port_info 30 /OUTPUT 2 "sa_WLAST_o";
    .port_info 31 /OUTPUT 2 "sa_WVALID_o";
    .port_info 32 /OUTPUT 2 "sa_BREADY_o";
P_0x138543e60 .param/l "ADDR_WIDTH" 0 16 8, +C4<00000000000000000000000000100000>;
P_0x138543ea0 .param/l "DATA_WIDTH" 0 16 7, +C4<00000000000000000000000000100000>;
P_0x138543ee0 .param/l "OUTSTANDING_AMT" 0 16 5, +C4<00000000000000000000000000001000>;
P_0x138543f20 .param/l "OUTST_CTN_W" 1 16 74, +C4<000000000000000000000000000000100>;
P_0x138543f60 .param/l "SLV_AMT" 0 16 4, +C4<00000000000000000000000000000010>;
P_0x138543fa0 .param/l "SLV_ID_LSB_IDX" 0 16 17, +C4<000000000000000000000000000011111>;
P_0x138543fe0 .param/l "SLV_ID_MSB_IDX" 0 16 16, +C4<000000000000000000000000000011111>;
P_0x138544020 .param/l "SLV_ID_W" 0 16 15, +C4<00000000000000000000000000000001>;
P_0x138544060 .param/l "TRANS_BURST_W" 0 16 10, +C4<00000000000000000000000000000010>;
P_0x1385440a0 .param/l "TRANS_DATA_LEN_W" 0 16 11, +C4<00000000000000000000000000000011>;
P_0x1385440e0 .param/l "TRANS_DATA_SIZE_W" 0 16 12, +C4<00000000000000000000000000000011>;
P_0x138544120 .param/l "TRANS_MST_ID_W" 0 16 9, +C4<00000000000000000000000000000101>;
P_0x138544160 .param/l "TRANS_WR_RESP_W" 0 16 13, +C4<00000000000000000000000000000010>;
v0x138571810_0 .net "ACLK_i", 0 0, v0x13843e760_0;  alias, 1 drivers
v0x1385718b0_0 .net "ARESETn_i", 0 0, v0x13843e800_0;  alias, 1 drivers
v0x138571950_0 .net "AW_B_shift_en", 0 0, L_0x1385c0b20;  1 drivers
v0x1385719e0_0 .net "AW_B_slv_id", 0 0, L_0x1385c0ab0;  1 drivers
v0x138571ab0_0 .net "AW_W_disable", 0 0, L_0x1385c09e0;  1 drivers
v0x138571bc0_0 .net "AW_W_slv_id", 0 0, L_0x1385c0590;  1 drivers
v0x138571c90_0 .net "AW_outst_ctn", 3 0, L_0x1385bc930;  1 drivers
v0x138571d60_0 .net "B_outst_ctn", 3 0, L_0x1385cec30;  1 drivers
v0x138571e30_0 .net "W_AW_WREADY", 0 0, L_0x1385c4a10;  1 drivers
v0x138571f40_0 .net "W_AW_WVALID", 0 0, L_0x1385c4920;  1 drivers
v0x138572010_0 .net "m_AWADDR_i", 31 0, L_0x1385ae8a0;  alias, 1 drivers
v0x1385720a0_0 .net "m_AWBURST_i", 1 0, L_0x1385ae9c0;  alias, 1 drivers
v0x138572130_0 .net "m_AWID_i", 4 0, L_0x1385ae780;  alias, 1 drivers
v0x1385721c0_0 .net "m_AWLEN_i", 2 0, L_0x1385aeae0;  alias, 1 drivers
v0x138572250_0 .net "m_AWREADY_o", 0 0, L_0x1385c0c00;  alias, 1 drivers
v0x1385722e0_0 .net "m_AWSIZE_i", 2 0, L_0x1385aec00;  alias, 1 drivers
v0x138572370_0 .net "m_AWVALID_i", 0 0, L_0x1385aed20;  alias, 1 drivers
v0x138572500_0 .net "m_BID_o", 4 0, L_0x1385d1380;  alias, 1 drivers
v0x138572590_0 .net "m_BREADY_i", 0 0, L_0x1385af2f0;  alias, 1 drivers
v0x138572620_0 .net "m_BRESP_o", 1 0, L_0x1385d13f0;  alias, 1 drivers
v0x1385726b0_0 .net "m_BVALID_o", 0 0, L_0x1385d1460;  alias, 1 drivers
v0x138572740_0 .net "m_WDATA_i", 31 0, L_0x1385aef00;  alias, 1 drivers
v0x1385727d0_0 .net "m_WLAST_i", 0 0, L_0x1385af020;  alias, 1 drivers
v0x138572880_0 .net "m_WREADY_o", 0 0, L_0x1385c48b0;  alias, 1 drivers
v0x138572930_0 .net "m_WVALID_i", 0 0, L_0x1385af110;  alias, 1 drivers
v0x1385729c0_0 .net "sa_AWADDR_o", 63 0, L_0x1385b90c0;  alias, 1 drivers
v0x138572a70_0 .net "sa_AWBURST_o", 3 0, L_0x1385b9290;  alias, 1 drivers
v0x138572b20_0 .net "sa_AWID_o", 9 0, L_0x1385b8ef0;  alias, 1 drivers
v0x138572bd0_0 .net "sa_AWLEN_o", 5 0, L_0x1385b9460;  alias, 1 drivers
v0x138572c80_0 .net "sa_AWREADY_i", 1 0, L_0x1385b5b90;  alias, 1 drivers
v0x138572d30_0 .net "sa_AWSIZE_o", 5 0, L_0x1385b9630;  alias, 1 drivers
v0x138572de0_0 .net "sa_AWVALID_o", 1 0, L_0x1385b9830;  alias, 1 drivers
v0x138572e90_0 .net "sa_AW_outst_full_o", 1 0, L_0x1385b8040;  alias, 1 drivers
v0x138572400_0 .net "sa_BID_i", 9 0, L_0x1385b5e50;  alias, 1 drivers
v0x138573120_0 .net "sa_BREADY_o", 1 0, L_0x1385cbdc0;  alias, 1 drivers
v0x1385731b0_0 .net "sa_BRESP_i", 3 0, L_0x1385b5d50;  alias, 1 drivers
v0x138573240_0 .net "sa_BVALID_i", 1 0, L_0x1385b6240;  alias, 1 drivers
v0x1385732f0_0 .net "sa_WDATA_o", 63 0, L_0x1385c0e60;  alias, 1 drivers
v0x1385733a0_0 .net "sa_WLAST_o", 1 0, L_0x1385c0ff0;  alias, 1 drivers
v0x138573450_0 .net "sa_WREADY_i", 1 0, L_0x1385b3cf0;  alias, 1 drivers
v0x138573500_0 .net "sa_WVALID_o", 1 0, L_0x1385c11c0;  alias, 1 drivers
L_0x1385b8040 .concat8 [ 1 1 0 0], L_0x1385b7f60, L_0x1385b8500;
S_0x1385442b0 .scope module, "AW_channel" "dsp_Ax_channel" 16 112, 12 1 0, S_0x138543cf0;
 .timescale -9 -12;
    .port_info 0 /INPUT 1 "ACLK_i";
    .port_info 1 /INPUT 1 "ARESETn_i";
    .port_info 2 /INPUT 5 "m_AxID_i";
    .port_info 3 /INPUT 32 "m_AxADDR_i";
    .port_info 4 /INPUT 2 "m_AxBURST_i";
    .port_info 5 /INPUT 3 "m_AxLEN_i";
    .port_info 6 /INPUT 3 "m_AxSIZE_i";
    .port_info 7 /INPUT 1 "m_AxVALID_i";
    .port_info 8 /INPUT 1 "m_xVALID_i";
    .port_info 9 /INPUT 1 "m_xREADY_i";
    .port_info 10 /INPUT 2 "sa_AxREADY_i";
    .port_info 11 /OUTPUT 1 "m_AxREADY_o";
    .port_info 12 /OUTPUT 10 "sa_AxID_o";
    .port_info 13 /OUTPUT 64 "sa_AxADDR_o";
    .port_info 14 /OUTPUT 4 "sa_AxBURST_o";
    .port_info 15 /OUTPUT 6 "sa_AxLEN_o";
    .port_info 16 /OUTPUT 6 "sa_AxSIZE_o";
    .port_info 17 /OUTPUT 2 "sa_AxVALID_o";
    .port_info 18 /OUTPUT 4 "sa_Ax_outst_ctn_o";
    .port_info 19 /OUTPUT 1 "dsp_xDATA_slv_id_o";
    .port_info 20 /OUTPUT 1 "dsp_xDATA_disable_o";
    .port_info 21 /OUTPUT 1 "dsp_WRESP_slv_id_o";
    .port_info 22 /OUTPUT 1 "dsp_WRESP_shift_en_o";
P_0x138544420 .param/l "ADDR_INFO_W" 1 12 59, +C4<000000000000000000000000000000100>;
P_0x138544460 .param/l "ADDR_WIDTH" 0 12 9, +C4<00000000000000000000000000100000>;
P_0x1385444a0 .param/l "Ax_INFO_W" 1 12 60, +C4<000000000000000000000000000000101101>;
P_0x1385444e0 .param/l "DATA_WIDTH" 0 12 8, +C4<00000000000000000000000000100000>;
P_0x138544520 .param/l "OUTSTANDING_AMT" 0 12 5, +C4<00000000000000000000000000001000>;
P_0x138544560 .param/l "OUTST_CTN_W" 0 12 6, +C4<000000000000000000000000000000100>;
P_0x1385445a0 .param/l "SLV_AMT" 0 12 4, +C4<00000000000000000000000000000010>;
P_0x1385445e0 .param/l "SLV_ID_LSB_IDX" 0 12 17, +C4<000000000000000000000000000011111>;
P_0x138544620 .param/l "SLV_ID_MAP_W" 1 12 61, +C4<00000000000000000000000000000000001>;
P_0x138544660 .param/l "SLV_ID_MSB_IDX" 0 12 16, +C4<000000000000000000000000000011111>;
P_0x1385446a0 .param/l "SLV_ID_W" 0 12 15, +C4<00000000000000000000000000000001>;
P_0x1385446e0 .param/l "TRANS_BURST_W" 0 12 11, +C4<00000000000000000000000000000010>;
P_0x138544720 .param/l "TRANS_DATA_LEN_W" 0 12 12, +C4<00000000000000000000000000000011>;
P_0x138544760 .param/l "TRANS_DATA_SIZE_W" 0 12 13, +C4<00000000000000000000000000000011>;
P_0x1385447a0 .param/l "TRANS_MST_ID_W" 0 12 10, +C4<00000000000000000000000000000101>;
L_0x1385bf8f0 .functor BUFZ 4, L_0x1385bba80, C4<0000>, C4<0000>, C4<0000>;
L_0x1385bf960 .functor BUFZ 1, L_0x1385bfa80, C4<0>, C4<0>, C4<0>;
L_0x1385bf9d0 .functor AND 1, L_0x1385bfe60, L_0x1385bfb30, C4<1>, C4<1>;
L_0x1385bfa80 .functor AND 1, L_0x1385bee40, L_0x1385c02a0, C4<1>, C4<1>;
L_0x1385bfb30 .functor AND 1, L_0x1385c4920, L_0x1385c4a10, C4<1>, C4<1>;
L_0x1385c00d0 .functor BUFZ 1, L_0x1385aed20, C4<0>, C4<0>, C4<0>;
L_0x1385bff80 .functor NOT 1, L_0x1385bc570, C4<0>, C4<0>, C4<0>;
L_0x1385c02a0 .functor AND 1, L_0x1385c0140, L_0x1385bff80, C4<1>, C4<1>;
L_0x1385c0920 .functor BUFZ 45, L_0x1385bec70, C4<000000000000000000000000000000000000000000000>, C4<000000000000000000000000000000000000000000000>, C4<000000000000000000000000000000000000000000000>;
L_0x1385c0590 .functor BUFZ 1, L_0x1385bf760, C4<0>, C4<0>, C4<0>;
L_0x1385c09e0 .functor BUFZ 1, L_0x1385bbfc0, C4<0>, C4<0>, C4<0>;
L_0x1385c0ab0 .functor BUFZ 1, L_0x1385bf760, C4<0>, C4<0>, C4<0>;
L_0x1385c0b20 .functor BUFZ 1, L_0x1385bf9d0, C4<0>, C4<0>, C4<0>;
L_0x1385c0c00 .functor BUFZ 1, v0x13854cf70_0, C4<0>, C4<0>, C4<0>;
v0x13854db20_0 .net "ACLK_i", 0 0, v0x13843e760_0;  alias, 1 drivers
v0x13854dbb0_0 .net "ARESETn_i", 0 0, v0x13843e800_0;  alias, 1 drivers
v0x13854dc40_0 .net "AxLEN_valid", 2 0, L_0x1385bf850;  1 drivers
v0x13854dcd0_0 .net "Ax_handshake_occcur", 0 0, L_0x1385bfa80;  1 drivers
v0x13854dd60_0 .net *"_ivl_38", 3 0, L_0x1385bf8f0;  1 drivers
L_0x130079f48 .functor BUFT 1, C4<000>, C4<0>, C4<0>, C4<0>;
v0x13854ddf0_0 .net/2u *"_ivl_47", 2 0, L_0x130079f48;  1 drivers
L_0x130079f90 .functor BUFT 1, C4<001>, C4<0>, C4<0>, C4<0>;
v0x13854de80_0 .net/2u *"_ivl_51", 2 0, L_0x130079f90;  1 drivers
v0x13854df10_0 .net *"_ivl_62", 0 0, L_0x1385c0140;  1 drivers
v0x13854dfa0_0 .net *"_ivl_63", 0 0, L_0x1385bff80;  1 drivers
v0x13854e030_0 .net *"_ivl_74", 44 0, L_0x1385c0920;  1 drivers
v0x13854e0c0_0 .net "addr_info", 3 0, L_0x1385bf640;  1 drivers
v0x13854e150_0 .net "addr_info_valid", 3 0, L_0x1385bba80;  1 drivers
v0x13854e1e0_0 .net "addr_slv_mapping", 0 0, L_0x1385bf560;  1 drivers
v0x13854e270_0 .net "dsp_WRESP_shift_en_o", 0 0, L_0x1385c0b20;  alias, 1 drivers
v0x13854e300_0 .net "dsp_WRESP_slv_id_o", 0 0, L_0x1385c0ab0;  alias, 1 drivers
v0x13854e390_0 .net "dsp_xDATA_disable_o", 0 0, L_0x1385c09e0;  alias, 1 drivers
v0x13854e420_0 .net "dsp_xDATA_slv_id_o", 0 0, L_0x1385c0590;  alias, 1 drivers
v0x13854e5b0_0 .net "fifo_xa_order_empty", 0 0, L_0x1385bbfc0;  1 drivers
v0x13854e640_0 .net "fifo_xa_order_full", 0 0, L_0x1385bc570;  1 drivers
v0x13854e6d0_0 .net "fifo_xa_order_rd_en", 0 0, L_0x1385bf9d0;  1 drivers
v0x13854e760_0 .net "fifo_xa_order_wr_en", 0 0, L_0x1385bf960;  1 drivers
v0x13854e7f0_0 .net "m_AxADDR_i", 31 0, L_0x1385ae8a0;  alias, 1 drivers
v0x13854e880_0 .net "m_AxBURST_i", 1 0, L_0x1385ae9c0;  alias, 1 drivers
v0x13854e910_0 .net "m_AxID_i", 4 0, L_0x1385ae780;  alias, 1 drivers
v0x13854e9a0_0 .net "m_AxLEN_i", 2 0, L_0x1385aeae0;  alias, 1 drivers
v0x13854ea30_0 .net "m_AxREADY_o", 0 0, L_0x1385c0c00;  alias, 1 drivers
v0x13854eac0_0 .net "m_AxSIZE_i", 2 0, L_0x1385aec00;  alias, 1 drivers
v0x13854eb50_0 .net "m_AxVALID_i", 0 0, L_0x1385aed20;  alias, 1 drivers
v0x13854ebe0_0 .net "m_xREADY_i", 0 0, L_0x1385c4a10;  alias, 1 drivers
v0x13854ec70_0 .net "m_xVALID_i", 0 0, L_0x1385c4920;  alias, 1 drivers
v0x13854ed00_0 .net "msb_bwd_data", 44 0, L_0x1385bfff0;  1 drivers
v0x13854ed90_0 .net "msb_bwd_ready", 0 0, v0x13854cf70_0;  1 drivers
v0x13854ee20_0 .net "msb_bwd_valid", 0 0, L_0x1385c00d0;  1 drivers
v0x13854e4b0_0 .net "msb_fwd_AxADDR", 31 0, L_0x1385c0470;  1 drivers
v0x13854f0b0_0 .net "msb_fwd_AxBURST", 1 0, L_0x1385c0620;  1 drivers
v0x13854f140_0 .net "msb_fwd_AxID", 4 0, L_0x1385c03d0;  1 drivers
v0x13854f1d0_0 .net "msb_fwd_AxLEN", 2 0, L_0x1385c06c0;  1 drivers
v0x13854f260_0 .net "msb_fwd_AxSIZE", 2 0, L_0x1385c0880;  1 drivers
v0x13854f2f0_0 .net "msb_fwd_data", 44 0, L_0x1385bec70;  1 drivers
v0x13854f380_0 .net "msb_fwd_ready", 0 0, L_0x1385c02a0;  1 drivers
v0x13854f410_0 .net "msb_fwd_valid", 0 0, L_0x1385bee40;  1 drivers
v0x13854f4a0_0 .net "sa_AxADDR_o", 63 0, L_0x1385b90c0;  alias, 1 drivers
v0x13854f530_0 .net "sa_AxBURST_o", 3 0, L_0x1385b9290;  alias, 1 drivers
v0x13854f5c0_0 .net "sa_AxID_o", 9 0, L_0x1385b8ef0;  alias, 1 drivers
v0x13854f650_0 .net "sa_AxLEN_o", 5 0, L_0x1385b9460;  alias, 1 drivers
v0x13854f6e0_0 .net "sa_AxREADY_i", 1 0, L_0x1385b5b90;  alias, 1 drivers
v0x13854f770_0 .net "sa_AxSIZE_o", 5 0, L_0x1385b9630;  alias, 1 drivers
v0x13854f800_0 .net "sa_AxVALID_o", 1 0, L_0x1385b9830;  alias, 1 drivers
v0x13854f890_0 .net "sa_Ax_outst_ctn_o", 3 0, L_0x1385bc930;  alias, 1 drivers
v0x13854f920_0 .net "slv_id", 0 0, L_0x1385bf760;  1 drivers
v0x13854f9b0_0 .net "transfer_ctn_incr", 2 0, L_0x1385bfd20;  1 drivers
v0x13854fa40_0 .net "transfer_ctn_match", 0 0, L_0x1385bfe60;  1 drivers
v0x13854fad0_0 .net "transfer_ctn_nxt", 2 0, L_0x1385bfbe0;  1 drivers
v0x13854fb60_0 .var "transfer_ctn_r", 2 0;
v0x13854fbf0_0 .net "xDATA_handshake_occur", 0 0, L_0x1385bfb30;  1 drivers
L_0x1385b8ef0 .concat8 [ 5 5 0 0], L_0x1385b8660, L_0x1385b8fd0;
L_0x1385b90c0 .concat8 [ 32 32 0 0], L_0x1385b86d0, L_0x1385b91a0;
L_0x1385b9290 .concat8 [ 2 2 0 0], L_0x1385b8740, L_0x1385b9370;
L_0x1385b9460 .concat8 [ 3 3 0 0], L_0x1385b8810, L_0x1385b9540;
L_0x1385b9630 .concat8 [ 3 3 0 0], L_0x1385b88c0, L_0x1385b9710;
L_0x1385b9830 .concat8 [ 1 1 0 0], L_0x1385b8e00, L_0x1385b9c70;
L_0x1385bf560 .part L_0x1385c0470, 31, 1;
L_0x1385bf640 .concat [ 3 1 0 0], L_0x1385c06c0, L_0x1385bf560;
L_0x1385bf760 .part L_0x1385bf8f0, 3, 1;
L_0x1385bf850 .part L_0x1385bf8f0, 0, 3;
L_0x1385bfbe0 .functor MUXZ 3, L_0x1385bfd20, L_0x130079f48, L_0x1385bfe60, C4<>;
L_0x1385bfd20 .arith/sum 3, v0x13854fb60_0, L_0x130079f90;
L_0x1385bfe60 .cmp/eq 3, v0x13854fb60_0, L_0x1385bf850;
LS_0x1385bfff0_0_0 .concat [ 3 3 2 32], L_0x1385aec00, L_0x1385aeae0, L_0x1385ae9c0, L_0x1385ae8a0;
LS_0x1385bfff0_0_4 .concat [ 5 0 0 0], L_0x1385ae780;
L_0x1385bfff0 .concat [ 40 5 0 0], LS_0x1385bfff0_0_0, LS_0x1385bfff0_0_4;
L_0x1385c0140 .part/v L_0x1385b5b90, L_0x1385bf560, 1;
L_0x1385c03d0 .part L_0x1385c0920, 40, 5;
L_0x1385c0470 .part L_0x1385c0920, 8, 32;
L_0x1385c0620 .part L_0x1385c0920, 6, 2;
L_0x1385c06c0 .part L_0x1385c0920, 3, 3;
L_0x1385c0880 .part L_0x1385c0920, 0, 3;
S_0x138544b80 .scope generate, "SLV_LOGIC[0]" "SLV_LOGIC[0]" 12 151, 12 151 0, S_0x1385442b0;
 .timescale -9 -12;
P_0x1384c9550 .param/l "slv_idx" 1 12 151, +C4<00>;
L_0x1385b8660 .functor BUFZ 5, L_0x1385c03d0, C4<00000>, C4<00000>, C4<00000>;
L_0x1385b86d0 .functor BUFZ 32, L_0x1385c0470, C4<00000000000000000000000000000000>, C4<00000000000000000000000000000000>, C4<00000000000000000000000000000000>;
L_0x1385b8740 .functor BUFZ 2, L_0x1385c0620, C4<00>, C4<00>, C4<00>;
L_0x1385b8810 .functor BUFZ 3, L_0x1385c06c0, C4<000>, C4<000>, C4<000>;
L_0x1385b88c0 .functor BUFZ 3, L_0x1385c0880, C4<000>, C4<000>, C4<000>;
L_0x1385b8c20 .functor AND 1, L_0x1385bee40, L_0x1385b8ae0, C4<1>, C4<1>;
L_0x1385b8d10 .functor NOT 1, L_0x1385bc570, C4<0>, C4<0>, C4<0>;
L_0x1385b8e00 .functor AND 1, L_0x1385b8c20, L_0x1385b8d10, C4<1>, C4<1>;
v0x1384edcb0_0 .net *"_ivl_1", 4 0, L_0x1385b8660;  1 drivers
v0x138544cf0_0 .net *"_ivl_10", 2 0, L_0x1385b89a0;  1 drivers
L_0x1300794e0 .functor BUFT 1, C4<00>, C4<0>, C4<0>, C4<0>;
v0x138544d80_0 .net *"_ivl_13", 1 0, L_0x1300794e0;  1 drivers
L_0x130079528 .functor BUFT 1, C4<000>, C4<0>, C4<0>, C4<0>;
v0x138544e10_0 .net/2u *"_ivl_14", 2 0, L_0x130079528;  1 drivers
v0x138544ea0_0 .net *"_ivl_16", 0 0, L_0x1385b8ae0;  1 drivers
v0x138544f30_0 .net *"_ivl_18", 0 0, L_0x1385b8c20;  1 drivers
v0x138544fc0_0 .net *"_ivl_20", 0 0, L_0x1385b8d10;  1 drivers
v0x138545050_0 .net *"_ivl_22", 0 0, L_0x1385b8e00;  1 drivers
v0x1385450e0_0 .net *"_ivl_3", 31 0, L_0x1385b86d0;  1 drivers
v0x138545170_0 .net *"_ivl_5", 1 0, L_0x1385b8740;  1 drivers
v0x138545200_0 .net *"_ivl_7", 2 0, L_0x1385b8810;  1 drivers
v0x138545290_0 .net *"_ivl_9", 2 0, L_0x1385b88c0;  1 drivers
L_0x1385b89a0 .concat [ 1 2 0 0], L_0x1385bf560, L_0x1300794e0;
L_0x1385b8ae0 .cmp/eq 3, L_0x1385b89a0, L_0x130079528;
S_0x138545320 .scope generate, "SLV_LOGIC[1]" "SLV_LOGIC[1]" 12 151, 12 151 0, S_0x1385442b0;
 .timescale -9 -12;
P_0x13849e970 .param/l "slv_idx" 1 12 151, +C4<01>;
L_0x1385b8fd0 .functor BUFZ 5, L_0x1385c03d0, C4<00000>, C4<00000>, C4<00000>;
L_0x1385b91a0 .functor BUFZ 32, L_0x1385c0470, C4<00000000000000000000000000000000>, C4<00000000000000000000000000000000>, C4<00000000000000000000000000000000>;
L_0x1385b9370 .functor BUFZ 2, L_0x1385c0620, C4<00>, C4<00>, C4<00>;
L_0x1385b9540 .functor BUFZ 3, L_0x1385c06c0, C4<000>, C4<000>, C4<000>;
L_0x1385b9710 .functor BUFZ 3, L_0x1385c0880, C4<000>, C4<000>, C4<000>;
L_0x1385b9b10 .functor AND 1, L_0x1385bee40, L_0x1385b99f0, C4<1>, C4<1>;
L_0x1385b9bc0 .functor NOT 1, L_0x1385bc570, C4<0>, C4<0>, C4<0>;
L_0x1385b9c70 .functor AND 1, L_0x1385b9b10, L_0x1385b9bc0, C4<1>, C4<1>;
v0x138545490_0 .net *"_ivl_1", 4 0, L_0x1385b8fd0;  1 drivers
v0x138545520_0 .net *"_ivl_10", 2 0, L_0x1385b98d0;  1 drivers
L_0x130079570 .functor BUFT 1, C4<00>, C4<0>, C4<0>, C4<0>;
v0x1385455b0_0 .net *"_ivl_13", 1 0, L_0x130079570;  1 drivers
L_0x1300795b8 .functor BUFT 1, C4<001>, C4<0>, C4<0>, C4<0>;
v0x138545640_0 .net/2u *"_ivl_14", 2 0, L_0x1300795b8;  1 drivers
v0x1385456d0_0 .net *"_ivl_16", 0 0, L_0x1385b99f0;  1 drivers
v0x138545760_0 .net *"_ivl_18", 0 0, L_0x1385b9b10;  1 drivers
v0x1385457f0_0 .net *"_ivl_20", 0 0, L_0x1385b9bc0;  1 drivers
v0x138545880_0 .net *"_ivl_22", 0 0, L_0x1385b9c70;  1 drivers
v0x138545910_0 .net *"_ivl_3", 31 0, L_0x1385b91a0;  1 drivers
v0x1385459a0_0 .net *"_ivl_5", 1 0, L_0x1385b9370;  1 drivers
v0x138545a30_0 .net *"_ivl_7", 2 0, L_0x1385b9540;  1 drivers
v0x138545ac0_0 .net *"_ivl_9", 2 0, L_0x1385b9710;  1 drivers
L_0x1385b98d0 .concat [ 1 2 0 0], L_0x1385bf560, L_0x130079570;
L_0x1385b99f0 .cmp/eq 3, L_0x1385b98d0, L_0x1300795b8;
S_0x138545b50 .scope module, "fifo_xaddr_order" "fifo" 12 106, 13 2 0, S_0x1385442b0;
 .timescale -9 -12;
    .port_info 0 /INPUT 1 "clk";
    .port_info 1 /INPUT 4 "data_i";
    .port_info 2 /OUTPUT 4 "data_o";
    .port_info 3 /INPUT 1 "wr_valid_i";
    .port_info 4 /INPUT 1 "rd_valid_i";
    .port_info 5 /OUTPUT 1 "empty_o";
    .port_info 6 /OUTPUT 1 "full_o";
    .port_info 7 /OUTPUT 1 "almost_empty_o";
    .port_info 8 /OUTPUT 1 "almost_full_o";
    .port_info 9 /OUTPUT 4 "counter";
    .port_info 10 /INPUT 1 "rst_n";
P_0x138545cc0 .param/l "ADDR_WIDTH" 0 13 7, +C4<00000000000000000000000000000011>;
P_0x138545d00 .param/l "DATA_WIDTH" 0 13 4, +C4<000000000000000000000000000000100>;
P_0x138545d40 .param/l "FIFO_DEPTH" 0 13 5, +C4<00000000000000000000000000001000>;
L_0x1385bba80 .functor BUFZ 4, L_0x1385bb880, C4<0000>, C4<0000>, C4<0000>;
L_0x1385bc500 .functor XOR 1, L_0x1385bc2e0, L_0x1385bc380, C4<0>, C4<0>;
L_0x1385bc570 .functor AND 1, L_0x1385bc240, L_0x1385bc500, C4<1>, C4<1>;
v0x1385487e0_0 .net *"_ivl_0", 3 0, L_0x1385bb880;  1 drivers
L_0x130079b10 .functor BUFT 1, C4<0001>, C4<0>, C4<0>, C4<0>;
v0x138548870_0 .net/2u *"_ivl_12", 3 0, L_0x130079b10;  1 drivers
v0x138548900_0 .net *"_ivl_2", 4 0, L_0x1385bb920;  1 drivers
v0x138548990_0 .net *"_ivl_24", 0 0, L_0x1385bc240;  1 drivers
v0x138548a20_0 .net *"_ivl_27", 0 0, L_0x1385bc2e0;  1 drivers
v0x138548ab0_0 .net *"_ivl_29", 0 0, L_0x1385bc380;  1 drivers
v0x138548b40_0 .net *"_ivl_30", 0 0, L_0x1385bc500;  1 drivers
L_0x130079b58 .functor BUFT 1, C4<001>, C4<0>, C4<0>, C4<0>;
v0x138548bd0_0 .net/2u *"_ivl_34", 2 0, L_0x130079b58;  1 drivers
v0x138548c60_0 .net *"_ivl_36", 2 0, L_0x1385bc660;  1 drivers
L_0x130079a80 .functor BUFT 1, C4<00>, C4<0>, C4<0>, C4<0>;
v0x138548cf0_0 .net *"_ivl_5", 1 0, L_0x130079a80;  1 drivers
L_0x130079ac8 .functor BUFT 1, C4<0001>, C4<0>, C4<0>, C4<0>;
v0x138548d80_0 .net/2u *"_ivl_8", 3 0, L_0x130079ac8;  1 drivers
v0x138548e10_0 .net "almost_empty_o", 0 0, L_0x1385bc0e0;  1 drivers
v0x138548ea0_0 .net "almost_full_o", 0 0, L_0x1385bc760;  1 drivers
v0x138548f30 .array "buffer", 7 0, 3 0;
v0x138548fc0 .array "buffer_nxt", 7 0;
v0x138548fc0_0 .net v0x138548fc0 0, 3 0, L_0x1385b9fa0; 1 drivers
v0x138548fc0_1 .net v0x138548fc0 1, 3 0, L_0x1385ba320; 1 drivers
v0x138548fc0_2 .net v0x138548fc0 2, 3 0, L_0x1385ba660; 1 drivers
v0x138548fc0_3 .net v0x138548fc0 3, 3 0, L_0x1385baa00; 1 drivers
v0x138548fc0_4 .net v0x138548fc0 4, 3 0, L_0x1385bad20; 1 drivers
v0x138548fc0_5 .net v0x138548fc0 5, 3 0, L_0x1385bb060; 1 drivers
v0x138548fc0_6 .net v0x138548fc0 6, 3 0, L_0x1385bb360; 1 drivers
v0x138548fc0_7 .net v0x138548fc0 7, 3 0, L_0x1385bb7a0; 1 drivers
v0x138549050_0 .net "clk", 0 0, v0x13843e760_0;  alias, 1 drivers
v0x1385490e0_0 .net "counter", 3 0, L_0x1385bc930;  alias, 1 drivers
v0x138549270_0 .net "data_i", 3 0, L_0x1385bf640;  alias, 1 drivers
v0x138549300_0 .net "data_o", 3 0, L_0x1385bba80;  alias, 1 drivers
v0x138549390_0 .net "empty_o", 0 0, L_0x1385bbfc0;  alias, 1 drivers
v0x138549420_0 .net "full_o", 0 0, L_0x1385bc570;  alias, 1 drivers
v0x1385494b0_0 .var "rd_addr", 3 0;
v0x138549540_0 .net "rd_addr_inc", 3 0, L_0x1385bbc70;  1 drivers
v0x1385495d0_0 .net "rd_addr_map", 2 0, L_0x1385bbea0;  1 drivers
v0x138549660_0 .net "rd_valid_i", 0 0, L_0x1385bf9d0;  alias, 1 drivers
v0x1385496f0_0 .net "rst_n", 0 0, v0x13843e800_0;  alias, 1 drivers
v0x138549780_0 .var "wr_addr", 3 0;
v0x138549810_0 .net "wr_addr_inc", 3 0, L_0x1385bbb70;  1 drivers
v0x1385498a0_0 .net "wr_addr_map", 2 0, L_0x1385bbd90;  1 drivers
v0x138549930_0 .net "wr_valid_i", 0 0, L_0x1385bf960;  alias, 1 drivers
L_0x1385bb880 .array/port v0x138548f30, L_0x1385bb920;
L_0x1385bb920 .concat [ 3 2 0 0], L_0x1385bbea0, L_0x130079a80;
L_0x1385bbb70 .arith/sum 4, v0x138549780_0, L_0x130079ac8;
L_0x1385bbc70 .arith/sum 4, v0x1385494b0_0, L_0x130079b10;
L_0x1385bbd90 .part v0x138549780_0, 0, 3;
L_0x1385bbea0 .part v0x1385494b0_0, 0, 3;
L_0x1385bbfc0 .cmp/eq 4, v0x138549780_0, v0x1385494b0_0;
L_0x1385bc0e0 .cmp/eq 4, L_0x1385bbc70, v0x138549780_0;
L_0x1385bc240 .cmp/eq 3, L_0x1385bbd90, L_0x1385bbea0;
L_0x1385bc2e0 .part v0x138549780_0, 3, 1;
L_0x1385bc380 .part v0x1385494b0_0, 3, 1;
L_0x1385bc660 .arith/sum 3, L_0x1385bbd90, L_0x130079b58;
L_0x1385bc760 .cmp/eq 3, L_0x1385bc660, L_0x1385bbea0;
L_0x1385bc930 .arith/sub 4, v0x138549780_0, v0x1385494b0_0;
S_0x138545f70 .scope generate, "BUF_LOAD[0]" "BUF_LOAD[0]" 13 64, 13 64 0, S_0x138545b50;
 .timescale -9 -12;
P_0x138486e10 .param/l "addr" 1 13 64, +C4<00>;
S_0x1385460e0 .scope generate, "BUF_LOAD[1]" "BUF_LOAD[1]" 13 64, 13 64 0, S_0x138545b50;
 .timescale -9 -12;
P_0x1384851c0 .param/l "addr" 1 13 64, +C4<01>;
S_0x138546250 .scope generate, "BUF_LOAD[2]" "BUF_LOAD[2]" 13 64, 13 64 0, S_0x138545b50;
 .timescale -9 -12;
P_0x138483570 .param/l "addr" 1 13 64, +C4<010>;
S_0x1385463c0 .scope generate, "BUF_LOAD[3]" "BUF_LOAD[3]" 13 64, 13 64 0, S_0x138545b50;
 .timescale -9 -12;
P_0x138437b90 .param/l "addr" 1 13 64, +C4<011>;
S_0x138546530 .scope generate, "BUF_LOAD[4]" "BUF_LOAD[4]" 13 64, 13 64 0, S_0x138545b50;
 .timescale -9 -12;
P_0x1384192e0 .param/l "addr" 1 13 64, +C4<0100>;
S_0x1385466a0 .scope generate, "BUF_LOAD[5]" "BUF_LOAD[5]" 13 64, 13 64 0, S_0x138545b50;
 .timescale -9 -12;
P_0x138421480 .param/l "addr" 1 13 64, +C4<0101>;
S_0x138546810 .scope generate, "BUF_LOAD[6]" "BUF_LOAD[6]" 13 64, 13 64 0, S_0x138545b50;
 .timescale -9 -12;
P_0x13841bf80 .param/l "addr" 1 13 64, +C4<0110>;
S_0x138546980 .scope generate, "BUF_LOAD[7]" "BUF_LOAD[7]" 13 64, 13 64 0, S_0x138545b50;
 .timescale -9 -12;
P_0x138415f80 .param/l "addr" 1 13 64, +C4<0111>;
S_0x138546af0 .scope generate, "BUF_NXT_GEN[0]" "BUF_NXT_GEN[0]" 13 56, 13 56 0, S_0x138545b50;
 .timescale -9 -12;
P_0x138418c00 .param/l "addr" 1 13 56, +C4<00>;
v0x138545d80_0 .net *"_ivl_1", 3 0, L_0x1385b9da0;  1 drivers
L_0x130079600 .functor BUFT 1, C4<0>, C4<0>, C4<0>, C4<0>;
v0x138546c60_0 .net *"_ivl_4", 0 0, L_0x130079600;  1 drivers
L_0x130079648 .functor BUFT 1, C4<0000>, C4<0>, C4<0>, C4<0>;
v0x138546cf0_0 .net/2u *"_ivl_5", 3 0, L_0x130079648;  1 drivers
v0x138546d80_0 .net *"_ivl_7", 0 0, L_0x1385b9e80;  1 drivers
L_0x1385b9da0 .concat [ 3 1 0 0], L_0x1385bbd90, L_0x130079600;
L_0x1385b9e80 .cmp/eq 4, L_0x1385b9da0, L_0x130079648;
v0x138548f30_0 .array/port v0x138548f30, 0;
L_0x1385b9fa0 .functor MUXZ 4, v0x138548f30_0, L_0x1385bf640, L_0x1385b9e80, C4<>;
S_0x138546e10 .scope generate, "BUF_NXT_GEN[1]" "BUF_NXT_GEN[1]" 13 56, 13 56 0, S_0x138545b50;
 .timescale -9 -12;
P_0x1384054c0 .param/l "addr" 1 13 56, +C4<01>;
v0x138546f80_0 .net *"_ivl_1", 3 0, L_0x1385ba0c0;  1 drivers
L_0x130079690 .functor BUFT 1, C4<0>, C4<0>, C4<0>, C4<0>;
v0x138547010_0 .net *"_ivl_4", 0 0, L_0x130079690;  1 drivers
L_0x1300796d8 .functor BUFT 1, C4<0001>, C4<0>, C4<0>, C4<0>;
v0x1385470a0_0 .net/2u *"_ivl_5", 3 0, L_0x1300796d8;  1 drivers
v0x138547130_0 .net *"_ivl_7", 0 0, L_0x1385ba1e0;  1 drivers
L_0x1385ba0c0 .concat [ 3 1 0 0], L_0x1385bbd90, L_0x130079690;
L_0x1385ba1e0 .cmp/eq 4, L_0x1385ba0c0, L_0x1300796d8;
v0x138548f30_1 .array/port v0x138548f30, 1;
L_0x1385ba320 .functor MUXZ 4, v0x138548f30_1, L_0x1385bf640, L_0x1385ba1e0, C4<>;
S_0x1385471c0 .scope generate, "BUF_NXT_GEN[2]" "BUF_NXT_GEN[2]" 13 56, 13 56 0, S_0x138545b50;
 .timescale -9 -12;
P_0x138516f90 .param/l "addr" 1 13 56, +C4<010>;
v0x138547330_0 .net *"_ivl_1", 3 0, L_0x1385ba400;  1 drivers
L_0x130079720 .functor BUFT 1, C4<0>, C4<0>, C4<0>, C4<0>;
v0x1385473c0_0 .net *"_ivl_4", 0 0, L_0x130079720;  1 drivers
L_0x130079768 .functor BUFT 1, C4<0010>, C4<0>, C4<0>, C4<0>;
v0x138547450_0 .net/2u *"_ivl_5", 3 0, L_0x130079768;  1 drivers
v0x1385474e0_0 .net *"_ivl_7", 0 0, L_0x1385ba520;  1 drivers
L_0x1385ba400 .concat [ 3 1 0 0], L_0x1385bbd90, L_0x130079720;
L_0x1385ba520 .cmp/eq 4, L_0x1385ba400, L_0x130079768;
v0x138548f30_2 .array/port v0x138548f30, 2;
L_0x1385ba660 .functor MUXZ 4, v0x138548f30_2, L_0x1385bf640, L_0x1385ba520, C4<>;
S_0x138547570 .scope generate, "BUF_NXT_GEN[3]" "BUF_NXT_GEN[3]" 13 56, 13 56 0, S_0x138545b50;
 .timescale -9 -12;
P_0x138517e50 .param/l "addr" 1 13 56, +C4<011>;
v0x1385476e0_0 .net *"_ivl_1", 3 0, L_0x1385ba7c0;  1 drivers
L_0x1300797b0 .functor BUFT 1, C4<0>, C4<0>, C4<0>, C4<0>;
v0x138547770_0 .net *"_ivl_4", 0 0, L_0x1300797b0;  1 drivers
L_0x1300797f8 .functor BUFT 1, C4<0011>, C4<0>, C4<0>, C4<0>;
v0x138547800_0 .net/2u *"_ivl_5", 3 0, L_0x1300797f8;  1 drivers
v0x138547890_0 .net *"_ivl_7", 0 0, L_0x1385ba8e0;  1 drivers
L_0x1385ba7c0 .concat [ 3 1 0 0], L_0x1385bbd90, L_0x1300797b0;
L_0x1385ba8e0 .cmp/eq 4, L_0x1385ba7c0, L_0x1300797f8;
v0x138548f30_3 .array/port v0x138548f30, 3;
L_0x1385baa00 .functor MUXZ 4, v0x138548f30_3, L_0x1385bf640, L_0x1385ba8e0, C4<>;
S_0x138547920 .scope generate, "BUF_NXT_GEN[4]" "BUF_NXT_GEN[4]" 13 56, 13 56 0, S_0x138545b50;
 .timescale -9 -12;
P_0x13850f5e0 .param/l "addr" 1 13 56, +C4<0100>;
v0x138547a90_0 .net *"_ivl_1", 4 0, L_0x1385baae0;  1 drivers
L_0x130079840 .functor BUFT 1, C4<00>, C4<0>, C4<0>, C4<0>;
v0x138547b20_0 .net *"_ivl_4", 1 0, L_0x130079840;  1 drivers
L_0x130079888 .functor BUFT 1, C4<00100>, C4<0>, C4<0>, C4<0>;
v0x138547bb0_0 .net/2u *"_ivl_5", 4 0, L_0x130079888;  1 drivers
v0x138547c40_0 .net *"_ivl_7", 0 0, L_0x1385babe0;  1 drivers
L_0x1385baae0 .concat [ 3 2 0 0], L_0x1385bbd90, L_0x130079840;
L_0x1385babe0 .cmp/eq 5, L_0x1385baae0, L_0x130079888;
v0x138548f30_4 .array/port v0x138548f30, 4;
L_0x1385bad20 .functor MUXZ 4, v0x138548f30_4, L_0x1385bf640, L_0x1385babe0, C4<>;
S_0x138547cd0 .scope generate, "BUF_NXT_GEN[5]" "BUF_NXT_GEN[5]" 13 56, 13 56 0, S_0x138545b50;
 .timescale -9 -12;
P_0x13850aa20 .param/l "addr" 1 13 56, +C4<0101>;
v0x138547e40_0 .net *"_ivl_1", 4 0, L_0x1385bae00;  1 drivers
L_0x1300798d0 .functor BUFT 1, C4<00>, C4<0>, C4<0>, C4<0>;
v0x138547ed0_0 .net *"_ivl_4", 1 0, L_0x1300798d0;  1 drivers
L_0x130079918 .functor BUFT 1, C4<00101>, C4<0>, C4<0>, C4<0>;
v0x138547f60_0 .net/2u *"_ivl_5", 4 0, L_0x130079918;  1 drivers
v0x138547ff0_0 .net *"_ivl_7", 0 0, L_0x1385baf20;  1 drivers
L_0x1385bae00 .concat [ 3 2 0 0], L_0x1385bbd90, L_0x1300798d0;
L_0x1385baf20 .cmp/eq 5, L_0x1385bae00, L_0x130079918;
v0x138548f30_5 .array/port v0x138548f30, 5;
L_0x1385bb060 .functor MUXZ 4, v0x138548f30_5, L_0x1385bf640, L_0x1385baf20, C4<>;
S_0x138548080 .scope generate, "BUF_NXT_GEN[6]" "BUF_NXT_GEN[6]" 13 56, 13 56 0, S_0x138545b50;
 .timescale -9 -12;
P_0x138540c80 .param/l "addr" 1 13 56, +C4<0110>;
v0x1385481f0_0 .net *"_ivl_1", 4 0, L_0x1385bb140;  1 drivers
L_0x130079960 .functor BUFT 1, C4<00>, C4<0>, C4<0>, C4<0>;
v0x138548280_0 .net *"_ivl_4", 1 0, L_0x130079960;  1 drivers
L_0x1300799a8 .functor BUFT 1, C4<00110>, C4<0>, C4<0>, C4<0>;
v0x138548310_0 .net/2u *"_ivl_5", 4 0, L_0x1300799a8;  1 drivers
v0x1385483a0_0 .net *"_ivl_7", 0 0, L_0x1385bb220;  1 drivers
L_0x1385bb140 .concat [ 3 2 0 0], L_0x1385bbd90, L_0x130079960;
L_0x1385bb220 .cmp/eq 5, L_0x1385bb140, L_0x1300799a8;
v0x138548f30_6 .array/port v0x138548f30, 6;
L_0x1385bb360 .functor MUXZ 4, v0x138548f30_6, L_0x1385bf640, L_0x1385bb220, C4<>;
S_0x138548430 .scope generate, "BUF_NXT_GEN[7]" "BUF_NXT_GEN[7]" 13 56, 13 56 0, S_0x138545b50;
 .timescale -9 -12;
P_0x13853ee50 .param/l "addr" 1 13 56, +C4<0111>;
v0x1385485a0_0 .net *"_ivl_1", 4 0, L_0x1385bb540;  1 drivers
L_0x1300799f0 .functor BUFT 1, C4<00>, C4<0>, C4<0>, C4<0>;
v0x138548630_0 .net *"_ivl_4", 1 0, L_0x1300799f0;  1 drivers
L_0x130079a38 .functor BUFT 1, C4<00111>, C4<0>, C4<0>, C4<0>;
v0x1385486c0_0 .net/2u *"_ivl_5", 4 0, L_0x130079a38;  1 drivers
v0x138548750_0 .net *"_ivl_7", 0 0, L_0x1385bb700;  1 drivers
L_0x1385bb540 .concat [ 3 2 0 0], L_0x1385bbd90, L_0x1300799f0;
L_0x1385bb700 .cmp/eq 5, L_0x1385bb540, L_0x130079a38;
v0x138548f30_7 .array/port v0x138548f30, 7;
L_0x1385bb7a0 .functor MUXZ 4, v0x138548f30_7, L_0x1385bf640, L_0x1385bb700, C4<>;
S_0x1385499c0 .scope module, "mst_skid_buffer" "skid_buffer" 12 123, 7 1 0, S_0x1385442b0;
 .timescale -9 -12;
    .port_info 0 /INPUT 1 "clk";
    .port_info 1 /INPUT 1 "rst_n";
    .port_info 2 /INPUT 45 "bwd_data_i";
    .port_info 3 /INPUT 1 "bwd_valid_i";
    .port_info 4 /INPUT 1 "fwd_ready_i";
    .port_info 5 /OUTPUT 45 "fwd_data_o";
    .port_info 6 /OUTPUT 1 "bwd_ready_o";
    .port_info 7 /OUTPUT 1 "fwd_valid_o";
P_0x13f7c0870 .param/l "DATA_WIDTH" 0 7 4, +C4<000000000000000000000000000000101101>;
P_0x13f7c08b0 .param/l "SBUF_TYPE" 0 7 3, +C4<00000000000000000000000000000001>;
v0x13854d6a0_0 .net "bwd_data_i", 44 0, L_0x1385bfff0;  alias, 1 drivers
v0x13854d730_0 .net "bwd_ready_o", 0 0, v0x13854cf70_0;  alias, 1 drivers
v0x13854d7c0_0 .net "bwd_valid_i", 0 0, L_0x1385c00d0;  alias, 1 drivers
v0x13854d850_0 .net "clk", 0 0, v0x13843e760_0;  alias, 1 drivers
v0x13854d8e0_0 .net "fwd_data_o", 44 0, L_0x1385bec70;  alias, 1 drivers
v0x13854d970_0 .net "fwd_ready_i", 0 0, L_0x1385c02a0;  alias, 1 drivers
v0x13854da00_0 .net "fwd_valid_o", 0 0, L_0x1385bee40;  alias, 1 drivers
v0x13854da90_0 .net "rst_n", 0 0, v0x13843e800_0;  alias, 1 drivers
S_0x138549cc0 .scope generate, "OPT_BWD_TIMING" "OPT_BWD_TIMING" 7 94, 7 94 0, S_0x1385499c0;
 .timescale -9 -12;
L_0x1385be900 .functor NOT 1, L_0x1385be820, C4<0>, C4<0>, C4<0>;
L_0x1385be9b0 .functor NOT 1, L_0x1385be510, C4<0>, C4<0>, C4<0>;
L_0x1385bea20 .functor AND 1, L_0x1385be900, L_0x1385be9b0, C4<1>, C4<1>;
L_0x1385beb10 .functor NOT 1, L_0x1385be2e0, C4<0>, C4<0>, C4<0>;
L_0x1385beb80 .functor AND 1, L_0x1385bea20, L_0x1385beb10, C4<1>, C4<1>;
L_0x1385bed50 .functor NOT 1, L_0x1385bdd90, C4<0>, C4<0>, C4<0>;
L_0x1385bee40 .functor OR 1, L_0x1385bf430, L_0x1385bed50, C4<0>, C4<0>;
L_0x1385bef30 .functor BUFZ 45, v0x13854cd30_0, C4<000000000000000000000000000000000000000000000>, C4<000000000000000000000000000000000000000000000>, C4<000000000000000000000000000000000000000000000>;
L_0x1385bf030 .functor NOT 1, L_0x1385bdd90, C4<0>, C4<0>, C4<0>;
L_0x1385bf0a0 .functor NOT 1, L_0x1385bf310, C4<0>, C4<0>, C4<0>;
L_0x1385bf170 .functor OR 1, L_0x1385bf030, L_0x1385bf0a0, C4<0>, C4<0>;
L_0x1385bf1e0 .functor AND 1, L_0x1385bf430, L_0x1385bf170, C4<1>, C4<1>;
L_0x1385bf380 .functor BUFZ 1, L_0x1385bf310, C4<0>, C4<0>, C4<0>;
L_0x1385bf430 .functor AND 1, v0x13854cee0_0, v0x13854d000_0, C4<1>, C4<1>;
L_0x1385bf310 .functor AND 1, L_0x1385c02a0, L_0x1385bee40, C4<1>, C4<1>;
v0x13854c790_0 .net *"_ivl_10", 0 0, L_0x1385bea20;  1 drivers
v0x13854c820_0 .net *"_ivl_12", 0 0, L_0x1385beb10;  1 drivers
v0x13854c8b0_0 .net *"_ivl_18", 0 0, L_0x1385bed50;  1 drivers
L_0x130079f00 .functor BUFT 1, C4<010>, C4<0>, C4<0>, C4<0>;
v0x13854c940_0 .net/2u *"_ivl_2", 2 0, L_0x130079f00;  1 drivers
v0x13854c9d0_0 .net *"_ivl_24", 0 0, L_0x1385bf030;  1 drivers
v0x13854ca60_0 .net *"_ivl_26", 0 0, L_0x1385bf0a0;  1 drivers
v0x13854caf0_0 .net *"_ivl_28", 0 0, L_0x1385bf170;  1 drivers
v0x13854cb80_0 .net *"_ivl_4", 0 0, L_0x1385be820;  1 drivers
v0x13854cc10_0 .net *"_ivl_6", 0 0, L_0x1385be900;  1 drivers
v0x13854cca0_0 .net *"_ivl_8", 0 0, L_0x1385be9b0;  1 drivers
v0x13854cd30_0 .var "bwd_data_q", 44 0;
v0x13854cdc0_0 .net "bwd_handshake", 0 0, L_0x1385bf430;  1 drivers
v0x13854ce50_0 .net "bwd_ready_d", 0 0, L_0x1385beb80;  1 drivers
v0x13854cee0_0 .var "bwd_ready_prev_q", 0 0;
v0x13854cf70_0 .var "bwd_ready_q", 0 0;
v0x13854d000_0 .var "bwd_valid_q", 0 0;
v0x13854d090_0 .net "fwd_handshake", 0 0, L_0x1385bf310;  1 drivers
v0x13854d220_0 .net "inter_fifo_almost_full", 0 0, L_0x1385be510;  1 drivers
v0x13854d2b0_0 .net "inter_fifo_counter", 2 0, L_0x1385be6b0;  1 drivers
v0x13854d340_0 .net "inter_fifo_data_i", 44 0, L_0x1385bef30;  1 drivers
v0x13854d3d0_0 .net "inter_fifo_data_o", 44 0, L_0x1385bd870;  1 drivers
v0x13854d460_0 .net "inter_fifo_empty", 0 0, L_0x1385bdd90;  1 drivers
v0x13854d4f0_0 .net "inter_fifo_full", 0 0, L_0x1385be2e0;  1 drivers
v0x13854d580_0 .net "inter_fifo_rd_en", 0 0, L_0x1385bf380;  1 drivers
v0x13854d610_0 .net "inter_fifo_wr_en", 0 0, L_0x1385bf1e0;  1 drivers
L_0x1385be820 .cmp/eq 3, L_0x1385be6b0, L_0x130079f00;
L_0x1385bec70 .functor MUXZ 45, L_0x1385bd870, v0x13854cd30_0, L_0x1385bdd90, C4<>;
S_0x138549e30 .scope module, "fifo" "fifo" 7 122, 13 2 0, S_0x138549cc0;
 .timescale -9 -12;
    .port_info 0 /INPUT 1 "clk";
    .port_info 1 /INPUT 45 "data_i";
    .port_info 2 /OUTPUT 45 "data_o";
    .port_info 3 /INPUT 1 "wr_valid_i";
    .port_info 4 /INPUT 1 "rd_valid_i";
    .port_info 5 /OUTPUT 1 "empty_o";
    .port_info 6 /OUTPUT 1 "full_o";
    .port_info 7 /OUTPUT 1 "almost_empty_o";
    .port_info 8 /OUTPUT 1 "almost_full_o";
    .port_info 9 /OUTPUT 3 "counter";
    .port_info 10 /INPUT 1 "rst_n";
P_0x138549fa0 .param/l "ADDR_WIDTH" 0 13 7, +C4<00000000000000000000000000000010>;
P_0x138549fe0 .param/l "DATA_WIDTH" 0 13 4, +C4<000000000000000000000000000000101101>;
P_0x13854a020 .param/l "FIFO_DEPTH" 0 13 5, +C4<00000000000000000000000000000100>;
L_0x1385bd870 .functor BUFZ 45, L_0x1385bd650, C4<000000000000000000000000000000000000000000000>, C4<000000000000000000000000000000000000000000000>, C4<000000000000000000000000000000000000000000000>;
L_0x1385be270 .functor XOR 1, L_0x1385be0b0, L_0x1385be150, C4<0>, C4<0>;
L_0x1385be2e0 .functor AND 1, L_0x1385be010, L_0x1385be270, C4<1>, C4<1>;
v0x13854b5b0_0 .net *"_ivl_0", 44 0, L_0x1385bd650;  1 drivers
L_0x130079e70 .functor BUFT 1, C4<001>, C4<0>, C4<0>, C4<0>;
v0x13854b640_0 .net/2u *"_ivl_12", 2 0, L_0x130079e70;  1 drivers
v0x13854b6d0_0 .net *"_ivl_2", 3 0, L_0x1385bd710;  1 drivers
v0x13854b760_0 .net *"_ivl_24", 0 0, L_0x1385be010;  1 drivers
v0x13854b7f0_0 .net *"_ivl_27", 0 0, L_0x1385be0b0;  1 drivers
v0x13854b880_0 .net *"_ivl_29", 0 0, L_0x1385be150;  1 drivers
v0x13854b910_0 .net *"_ivl_30", 0 0, L_0x1385be270;  1 drivers
L_0x130079eb8 .functor BUFT 1, C4<01>, C4<0>, C4<0>, C4<0>;
v0x13854b9a0_0 .net/2u *"_ivl_34", 1 0, L_0x130079eb8;  1 drivers
v0x13854ba30_0 .net *"_ivl_36", 1 0, L_0x1385be410;  1 drivers
L_0x130079de0 .functor BUFT 1, C4<00>, C4<0>, C4<0>, C4<0>;
v0x13854bac0_0 .net *"_ivl_5", 1 0, L_0x130079de0;  1 drivers
L_0x130079e28 .functor BUFT 1, C4<001>, C4<0>, C4<0>, C4<0>;
v0x13854bb50_0 .net/2u *"_ivl_8", 2 0, L_0x130079e28;  1 drivers
v0x13854bbe0_0 .net "almost_empty_o", 0 0, L_0x1385bdeb0;  1 drivers
v0x13854bc70_0 .net "almost_full_o", 0 0, L_0x1385be510;  alias, 1 drivers
v0x13854bd00 .array "buffer", 3 0, 44 0;
v0x13854bd90 .array "buffer_nxt", 3 0;
v0x13854bd90_0 .net v0x13854bd90 0, 44 0, L_0x1385bcb50; 1 drivers
v0x13854bd90_1 .net v0x13854bd90 1, 44 0, L_0x1385bceb0; 1 drivers
v0x13854bd90_2 .net v0x13854bd90 2, 44 0, L_0x1385bd1b0; 1 drivers
v0x13854bd90_3 .net v0x13854bd90 3, 44 0, L_0x1385bd570; 1 drivers
v0x13854be20_0 .net "clk", 0 0, v0x13843e760_0;  alias, 1 drivers
v0x13854beb0_0 .net "counter", 2 0, L_0x1385be6b0;  alias, 1 drivers
v0x13854c040_0 .net "data_i", 44 0, L_0x1385bef30;  alias, 1 drivers
v0x13854c0d0_0 .net "data_o", 44 0, L_0x1385bd870;  alias, 1 drivers
v0x13854c160_0 .net "empty_o", 0 0, L_0x1385bdd90;  alias, 1 drivers
v0x13854c1f0_0 .net "full_o", 0 0, L_0x1385be2e0;  alias, 1 drivers
v0x13854c280_0 .var "rd_addr", 2 0;
v0x13854c310_0 .net "rd_addr_inc", 2 0, L_0x1385bda60;  1 drivers
v0x13854c3a0_0 .net "rd_addr_map", 1 0, L_0x1385bdc70;  1 drivers
v0x13854c430_0 .net "rd_valid_i", 0 0, L_0x1385bf380;  alias, 1 drivers
v0x13854c4c0_0 .net "rst_n", 0 0, v0x13843e800_0;  alias, 1 drivers
v0x13854c550_0 .var "wr_addr", 2 0;
v0x13854c5e0_0 .net "wr_addr_inc", 2 0, L_0x1385bd960;  1 drivers
v0x13854c670_0 .net "wr_addr_map", 1 0, L_0x1385bdb60;  1 drivers
v0x13854c700_0 .net "wr_valid_i", 0 0, L_0x1385bf1e0;  alias, 1 drivers
L_0x1385bd650 .array/port v0x13854bd00, L_0x1385bd710;
L_0x1385bd710 .concat [ 2 2 0 0], L_0x1385bdc70, L_0x130079de0;
L_0x1385bd960 .arith/sum 3, v0x13854c550_0, L_0x130079e28;
L_0x1385bda60 .arith/sum 3, v0x13854c280_0, L_0x130079e70;
L_0x1385bdb60 .part v0x13854c550_0, 0, 2;
L_0x1385bdc70 .part v0x13854c280_0, 0, 2;
L_0x1385bdd90 .cmp/eq 3, v0x13854c550_0, v0x13854c280_0;
L_0x1385bdeb0 .cmp/eq 3, L_0x1385bda60, v0x13854c550_0;
L_0x1385be010 .cmp/eq 2, L_0x1385bdb60, L_0x1385bdc70;
L_0x1385be0b0 .part v0x13854c550_0, 2, 1;
L_0x1385be150 .part v0x13854c280_0, 2, 1;
L_0x1385be410 .arith/sum 2, L_0x1385bdb60, L_0x130079eb8;
L_0x1385be510 .cmp/eq 2, L_0x1385be410, L_0x1385bdc70;
L_0x1385be6b0 .arith/sub 3, v0x13854c550_0, v0x13854c280_0;
S_0x13854a1c0 .scope generate, "BUF_LOAD[0]" "BUF_LOAD[0]" 13 64, 13 64 0, S_0x138549e30;
 .timescale -9 -12;
P_0x13f779970 .param/l "addr" 1 13 64, +C4<00>;
S_0x13854a330 .scope generate, "BUF_LOAD[1]" "BUF_LOAD[1]" 13 64, 13 64 0, S_0x138549e30;
 .timescale -9 -12;
P_0x13f77b9d0 .param/l "addr" 1 13 64, +C4<01>;
S_0x13854a4a0 .scope generate, "BUF_LOAD[2]" "BUF_LOAD[2]" 13 64, 13 64 0, S_0x138549e30;
 .timescale -9 -12;
P_0x13f779160 .param/l "addr" 1 13 64, +C4<010>;
S_0x13854a610 .scope generate, "BUF_LOAD[3]" "BUF_LOAD[3]" 13 64, 13 64 0, S_0x138549e30;
 .timescale -9 -12;
P_0x13f779270 .param/l "addr" 1 13 64, +C4<011>;
S_0x13854a780 .scope generate, "BUF_NXT_GEN[0]" "BUF_NXT_GEN[0]" 13 56, 13 56 0, S_0x138549e30;
 .timescale -9 -12;
P_0x13f74e0c0 .param/l "addr" 1 13 56, +C4<00>;
v0x138549b30_0 .net *"_ivl_1", 2 0, L_0x1385bc9d0;  1 drivers
L_0x130079ba0 .functor BUFT 1, C4<0>, C4<0>, C4<0>, C4<0>;
v0x13854a8f0_0 .net *"_ivl_4", 0 0, L_0x130079ba0;  1 drivers
L_0x130079be8 .functor BUFT 1, C4<000>, C4<0>, C4<0>, C4<0>;
v0x13854a980_0 .net/2u *"_ivl_5", 2 0, L_0x130079be8;  1 drivers
v0x13854aa10_0 .net *"_ivl_7", 0 0, L_0x1385bca70;  1 drivers
L_0x1385bc9d0 .concat [ 2 1 0 0], L_0x1385bdb60, L_0x130079ba0;
L_0x1385bca70 .cmp/eq 3, L_0x1385bc9d0, L_0x130079be8;
v0x13854bd00_0 .array/port v0x13854bd00, 0;
L_0x1385bcb50 .functor MUXZ 45, v0x13854bd00_0, L_0x1385bef30, L_0x1385bca70, C4<>;
S_0x13854aaa0 .scope generate, "BUF_NXT_GEN[1]" "BUF_NXT_GEN[1]" 13 56, 13 56 0, S_0x138549e30;
 .timescale -9 -12;
P_0x13f73b260 .param/l "addr" 1 13 56, +C4<01>;
v0x13854ac10_0 .net *"_ivl_1", 2 0, L_0x1385bcc70;  1 drivers
L_0x130079c30 .functor BUFT 1, C4<0>, C4<0>, C4<0>, C4<0>;
v0x13854aca0_0 .net *"_ivl_4", 0 0, L_0x130079c30;  1 drivers
L_0x130079c78 .functor BUFT 1, C4<001>, C4<0>, C4<0>, C4<0>;
v0x13854ad30_0 .net/2u *"_ivl_5", 2 0, L_0x130079c78;  1 drivers
v0x13854adc0_0 .net *"_ivl_7", 0 0, L_0x1385bcd90;  1 drivers
L_0x1385bcc70 .concat [ 2 1 0 0], L_0x1385bdb60, L_0x130079c30;
L_0x1385bcd90 .cmp/eq 3, L_0x1385bcc70, L_0x130079c78;
v0x13854bd00_1 .array/port v0x13854bd00, 1;
L_0x1385bceb0 .functor MUXZ 45, v0x13854bd00_1, L_0x1385bef30, L_0x1385bcd90, C4<>;
S_0x13854ae50 .scope generate, "BUF_NXT_GEN[2]" "BUF_NXT_GEN[2]" 13 56, 13 56 0, S_0x138549e30;
 .timescale -9 -12;
P_0x13f71a2c0 .param/l "addr" 1 13 56, +C4<010>;
v0x13854afc0_0 .net *"_ivl_1", 3 0, L_0x1385bcf90;  1 drivers
L_0x130079cc0 .functor BUFT 1, C4<00>, C4<0>, C4<0>, C4<0>;
v0x13854b050_0 .net *"_ivl_4", 1 0, L_0x130079cc0;  1 drivers
L_0x130079d08 .functor BUFT 1, C4<0010>, C4<0>, C4<0>, C4<0>;
v0x13854b0e0_0 .net/2u *"_ivl_5", 3 0, L_0x130079d08;  1 drivers
v0x13854b170_0 .net *"_ivl_7", 0 0, L_0x1385bd070;  1 drivers
L_0x1385bcf90 .concat [ 2 2 0 0], L_0x1385bdb60, L_0x130079cc0;
L_0x1385bd070 .cmp/eq 4, L_0x1385bcf90, L_0x130079d08;
v0x13854bd00_2 .array/port v0x13854bd00, 2;
L_0x1385bd1b0 .functor MUXZ 45, v0x13854bd00_2, L_0x1385bef30, L_0x1385bd070, C4<>;
S_0x13854b200 .scope generate, "BUF_NXT_GEN[3]" "BUF_NXT_GEN[3]" 13 56, 13 56 0, S_0x138549e30;
 .timescale -9 -12;
P_0x13f71a4d0 .param/l "addr" 1 13 56, +C4<011>;
v0x13854b370_0 .net *"_ivl_1", 3 0, L_0x1385bd310;  1 drivers
L_0x130079d50 .functor BUFT 1, C4<00>, C4<0>, C4<0>, C4<0>;
v0x13854b400_0 .net *"_ivl_4", 1 0, L_0x130079d50;  1 drivers
L_0x130079d98 .functor BUFT 1, C4<0011>, C4<0>, C4<0>, C4<0>;
v0x13854b490_0 .net/2u *"_ivl_5", 3 0, L_0x130079d98;  1 drivers
v0x13854b520_0 .net *"_ivl_7", 0 0, L_0x1385bd450;  1 drivers
L_0x1385bd310 .concat [ 2 2 0 0], L_0x1385bdb60, L_0x130079d50;
L_0x1385bd450 .cmp/eq 4, L_0x1385bd310, L_0x130079d98;
v0x13854bd00_3 .array/port v0x13854bd00, 3;
L_0x1385bd570 .functor MUXZ 45, v0x13854bd00_3, L_0x1385bef30, L_0x1385bd450, C4<>;
S_0x13854fd40 .scope module, "B_channel" "dsp_B_channel" 16 174, 17 1 0, S_0x138543cf0;
 .timescale -9 -12;
    .port_info 0 /INPUT 1 "ACLK_i";
    .port_info 1 /INPUT 1 "ARESETn_i";
    .port_info 2 /INPUT 1 "m_BREADY_i";
    .port_info 3 /INPUT 10 "sa_BID_i";
    .port_info 4 /INPUT 4 "sa_BRESP_i";
    .port_info 5 /INPUT 2 "sa_BVALID_i";
    .port_info 6 /INPUT 1 "dsp_AW_slv_id_i";
    .port_info 7 /INPUT 1 "dsp_AW_shift_en_i";
    .port_info 8 /OUTPUT 5 "m_BID_o";
    .port_info 9 /OUTPUT 2 "m_BRESP_o";
    .port_info 10 /OUTPUT 1 "m_BVALID_o";
    .port_info 11 /OUTPUT 4 "sa_B_outst_ctn_o";
    .port_info 12 /OUTPUT 2 "sa_BREADY_o";
P_0x13854feb0 .param/l "ADDR_WIDTH" 0 17 9, +C4<00000000000000000000000000100000>;
P_0x13854fef0 .param/l "DATA_WIDTH" 0 17 8, +C4<00000000000000000000000000100000>;
P_0x13854ff30 .param/l "OUTSTANDING_AMT" 0 17 5, +C4<00000000000000000000000000001000>;
P_0x13854ff70 .param/l "OUTST_CTN_W" 0 17 6, +C4<000000000000000000000000000000100>;
P_0x13854ffb0 .param/l "RESP_INFO_W" 1 17 50, +C4<000000000000000000000000000000111>;
P_0x13854fff0 .param/l "SLV_AMT" 0 17 4, +C4<00000000000000000000000000000010>;
P_0x138550030 .param/l "SLV_ID_LSB_IDX" 0 17 18, +C4<000000000000000000000000000011111>;
P_0x138550070 .param/l "SLV_ID_MSB_IDX" 0 17 17, +C4<000000000000000000000000000011111>;
P_0x1385500b0 .param/l "SLV_ID_W" 0 17 16, +C4<00000000000000000000000000000001>;
P_0x1385500f0 .param/l "SLV_INFO_W" 1 17 49, +C4<00000000000000000000000000000001>;
P_0x138550130 .param/l "TRANS_BURST_W" 0 17 11, +C4<00000000000000000000000000000010>;
P_0x138550170 .param/l "TRANS_DATA_LEN_W" 0 17 12, +C4<00000000000000000000000000000011>;
P_0x1385501b0 .param/l "TRANS_DATA_SIZE_W" 0 17 13, +C4<00000000000000000000000000000011>;
P_0x1385501f0 .param/l "TRANS_MST_ID_W" 0 17 10, +C4<00000000000000000000000000000101>;
P_0x138550230 .param/l "TRANS_WR_RESP_W" 0 17 14, +C4<00000000000000000000000000000010>;
L_0x1385d1030 .functor BUFZ 1, L_0x1385c0ab0, C4<0>, C4<0>, C4<0>;
L_0x1385d0de0 .functor BUFZ 1, L_0x1385c0b20, C4<0>, C4<0>, C4<0>;
L_0x1385d11a0 .functor BUFZ 1, L_0x1385d1210, C4<0>, C4<0>, C4<0>;
L_0x1385d1210 .functor AND 1, L_0x1385d1cb0, L_0x1385cf740, C4<1>, C4<1>;
L_0x1385d1380 .functor BUFZ 5, L_0x1385d1ea0, C4<00000>, C4<00000>, C4<00000>;
L_0x1385d13f0 .functor BUFZ 2, L_0x1385d1fd0, C4<00>, C4<00>, C4<00>;
L_0x1385d1460 .functor BUFZ 1, L_0x1385cfc50, C4<0>, C4<0>, C4<0>;
L_0x1385d1c00 .functor OR 1, L_0x1385ce330, L_0x1385d1a00, C4<0>, C4<0>;
L_0x1385d1cb0 .functor NOT 1, L_0x1385d1c00, C4<0>, C4<0>, C4<0>;
L_0x1385d1db0 .functor BUFZ 1, L_0x1385af2f0, C4<0>, C4<0>, C4<0>;
L_0x1385d2070 .functor BUFZ 7, v0x138564b80_0, C4<0000000>, C4<0000000>, C4<0000000>;
v0x138565840_0 .net "ACLK_i", 0 0, v0x13843e760_0;  alias, 1 drivers
v0x1385658d0_0 .net "ARESETn_i", 0 0, v0x13843e800_0;  alias, 1 drivers
v0x138565960_0 .net *"_ivl_27", 4 0, L_0x1385d14d0;  1 drivers
v0x1385659f0_0 .net *"_ivl_29", 2 0, L_0x1385d1570;  1 drivers
L_0x13007b850 .functor BUFT 1, C4<00>, C4<0>, C4<0>, C4<0>;
v0x138565a80_0 .net *"_ivl_32", 1 0, L_0x13007b850;  1 drivers
v0x138565b70_0 .net *"_ivl_33", 1 0, L_0x1385d16f0;  1 drivers
v0x138565c20_0 .net *"_ivl_35", 2 0, L_0x1385d1790;  1 drivers
L_0x13007b898 .functor BUFT 1, C4<00>, C4<0>, C4<0>, C4<0>;
v0x138565cd0_0 .net *"_ivl_38", 1 0, L_0x13007b898;  1 drivers
v0x138565d80_0 .net *"_ivl_41", 0 0, L_0x1385d1a00;  1 drivers
v0x138565e90_0 .net *"_ivl_43", 2 0, L_0x1385d1b20;  1 drivers
L_0x13007b8e0 .functor BUFT 1, C4<00>, C4<0>, C4<0>, C4<0>;
v0x138565f40_0 .net *"_ivl_46", 1 0, L_0x13007b8e0;  1 drivers
v0x138565ff0_0 .net *"_ivl_47", 0 0, L_0x1385d1c00;  1 drivers
v0x1385660a0_0 .net *"_ivl_57", 6 0, L_0x1385d2070;  1 drivers
v0x138566150_0 .net "dsp_AW_shift_en_i", 0 0, L_0x1385c0b20;  alias, 1 drivers
v0x138566200_0 .net "dsp_AW_slv_id_i", 0 0, L_0x1385c0ab0;  alias, 1 drivers
v0x138566290_0 .net "fifo_slv_ord_empty", 0 0, L_0x1385ce330;  1 drivers
v0x138566320_0 .net "fifo_slv_ord_rd_en", 0 0, L_0x1385d11a0;  1 drivers
v0x1385664d0_0 .net "fifo_slv_ord_wr_en", 0 0, L_0x1385d0de0;  1 drivers
v0x138566560 .array "fifo_wresp_empty", 0 1;
v0x138566560_0 .net v0x138566560 0, 0 0, L_0x1385c71a0; 1 drivers
v0x138566560_1 .net v0x138566560 1, 0 0, L_0x1385c9db0; 1 drivers
v0x1385665f0 .array "fifo_wresp_full", 0 1;
v0x1385665f0_0 .net v0x1385665f0 0, 0 0, L_0x1385c7750; 1 drivers
v0x1385665f0_1 .net v0x1385665f0 1, 0 0, L_0x1385c9c20; 1 drivers
v0x1385666a0 .array "fifo_wresp_rd_en", 0 1;
v0x1385666a0_0 .net v0x1385666a0 0, 0 0, L_0x1385caec0; 1 drivers
v0x1385666a0_1 .net v0x1385666a0 1, 0 0, L_0x1385cb740; 1 drivers
v0x138566770 .array "fifo_wresp_wr_en", 0 1;
v0x138566770_0 .net v0x138566770 0, 0 0, L_0x1385cab60; 1 drivers
v0x138566770_1 .net v0x138566770 1, 0 0, L_0x1385cb420; 1 drivers
v0x138566840_0 .net "m_BID_o", 4 0, L_0x1385d1380;  alias, 1 drivers
v0x1385668d0_0 .net "m_BREADY_i", 0 0, L_0x1385af2f0;  alias, 1 drivers
v0x138566960_0 .net "m_BRESP_o", 1 0, L_0x1385d13f0;  alias, 1 drivers
v0x1385669f0_0 .net "m_BVALID_o", 0 0, L_0x1385d1460;  alias, 1 drivers
v0x138566a80_0 .net "m_handshake_occur", 0 0, L_0x1385d1210;  1 drivers
v0x138566b10_0 .net "msb_bwd_data", 6 0, L_0x1385d1920;  1 drivers
v0x138566be0_0 .net "msb_bwd_ready", 0 0, L_0x1385cf740;  1 drivers
v0x138566cb0_0 .net "msb_bwd_valid", 0 0, L_0x1385d1cb0;  1 drivers
v0x138566d80_0 .net "msb_fwd_BID", 4 0, L_0x1385d1ea0;  1 drivers
v0x138566e10_0 .net "msb_fwd_BRESP", 1 0, L_0x1385d1fd0;  1 drivers
v0x138566ea0_0 .net "msb_fwd_data", 6 0, v0x138564b80_0;  1 drivers
v0x1385663c0_0 .net "msb_fwd_ready", 0 0, L_0x1385d1db0;  1 drivers
v0x138567130_0 .net "msb_fwd_valid", 0 0, L_0x1385cfc50;  1 drivers
v0x1385671c0 .array "resp_info", 0 1;
v0x1385671c0_0 .net v0x1385671c0 0, 6 0, L_0x1385ca8d0; 1 drivers
v0x1385671c0_1 .net v0x1385671c0 1, 6 0, L_0x1385cb0f0; 1 drivers
v0x138567270 .array "resp_info_valid", 0 1;
v0x138567270_0 .net v0x138567270 0, 6 0, L_0x1385c6c80; 1 drivers
v0x138567270_1 .net v0x138567270 1, 6 0, L_0x1385c9890; 1 drivers
v0x138567340_0 .net "sa_BID_i", 9 0, L_0x1385b5e50;  alias, 1 drivers
v0x1385673d0 .array "sa_BID_valid", 0 1;
v0x1385673d0_0 .net v0x1385673d0 0, 4 0, L_0x1385ca970; 1 drivers
v0x1385673d0_1 .net v0x1385673d0 1, 4 0, L_0x1385cb230; 1 drivers
v0x138567490_0 .net "sa_BREADY_o", 1 0, L_0x1385cbdc0;  alias, 1 drivers
v0x138567540_0 .net "sa_BRESP_i", 3 0, L_0x1385b5d50;  alias, 1 drivers
v0x1385675f0 .array "sa_BRESP_valid", 0 1;
v0x1385675f0_0 .net v0x1385675f0 0, 1 0, L_0x1385caa10; 1 drivers
v0x1385675f0_1 .net v0x1385675f0 1, 1 0, L_0x1385cb2d0; 1 drivers
v0x1385676c0_0 .net "sa_BVALID_i", 1 0, L_0x1385b6240;  alias, 1 drivers
v0x138567770_0 .net "sa_B_outst_ctn_o", 3 0, L_0x1385cec30;  alias, 1 drivers
v0x138567830 .array "sa_handshake_occur", 0 1;
v0x138567830_0 .net v0x138567830 0, 0 0, L_0x1385cb9b0; 1 drivers
v0x138567830_1 .net v0x138567830 1, 0 0, L_0x1385cbc20; 1 drivers
v0x1385678e0_0 .net "slv_info", 0 0, L_0x1385d1030;  1 drivers
v0x1385679a0_0 .net "slv_info_valid", 0 0, L_0x1385cddf0;  1 drivers
L_0x1385ca790 .part L_0x1385b5e50, 0, 5;
L_0x1385ca830 .part L_0x1385b5d50, 0, 2;
L_0x1385cafb0 .part L_0x1385b5e50, 5, 5;
L_0x1385cb050 .part L_0x1385b5d50, 2, 2;
L_0x1385cb870 .part L_0x1385b6240, 0, 1;
L_0x1385cb910 .part L_0x1385cbdc0, 0, 1;
L_0x1385cbae0 .part L_0x1385b6240, 1, 1;
L_0x1385cbb80 .part L_0x1385cbdc0, 1, 1;
L_0x1385cbdc0 .concat8 [ 1 1 0 0], L_0x1385cbd50, L_0x1385cbfa0;
L_0x1385d14d0 .array/port v0x1385673d0, L_0x1385d1570;
L_0x1385d1570 .concat [ 1 2 0 0], L_0x1385cddf0, L_0x13007b850;
L_0x1385d16f0 .array/port v0x1385675f0, L_0x1385d1790;
L_0x1385d1790 .concat [ 1 2 0 0], L_0x1385cddf0, L_0x13007b898;
L_0x1385d1920 .concat [ 2 5 0 0], L_0x1385d16f0, L_0x1385d14d0;
L_0x1385d1a00 .array/port v0x138566560, L_0x1385d1b20;
L_0x1385d1b20 .concat [ 1 2 0 0], L_0x1385cddf0, L_0x13007b8e0;
L_0x1385d1ea0 .part L_0x1385d2070, 2, 5;
L_0x1385d1fd0 .part L_0x1385d2070, 0, 2;
S_0x138550410 .scope generate, "SLV_FIFO[0]" "SLV_FIFO[0]" 17 103, 17 103 0, S_0x13854fd40;
 .timescale -9 -12;
P_0x13848e030 .param/l "slv_idx" 1 17 103, +C4<00>;
S_0x138550580 .scope module, "fifo_WRESP_slv" "fifo" 17 107, 13 2 0, S_0x138550410;
 .timescale -9 -12;
    .port_info 0 /INPUT 1 "clk";
    .port_info 1 /INPUT 7 "data_i";
    .port_info 2 /OUTPUT 7 "data_o";
    .port_info 3 /INPUT 1 "wr_valid_i";
    .port_info 4 /INPUT 1 "rd_valid_i";
    .port_info 5 /OUTPUT 1 "empty_o";
    .port_info 6 /OUTPUT 1 "full_o";
    .port_info 7 /OUTPUT 1 "almost_empty_o";
    .port_info 8 /OUTPUT 1 "almost_full_o";
    .port_info 9 /OUTPUT 4 "counter";
    .port_info 10 /INPUT 1 "rst_n";
P_0x1385506f0 .param/l "ADDR_WIDTH" 0 13 7, +C4<00000000000000000000000000000011>;
P_0x138550730 .param/l "DATA_WIDTH" 0 13 4, +C4<000000000000000000000000000000111>;
P_0x138550770 .param/l "FIFO_DEPTH" 0 13 5, +C4<00000000000000000000000000001000>;
L_0x1385c6c80 .functor BUFZ 7, L_0x1385c6a80, C4<0000000>, C4<0000000>, C4<0000000>;
L_0x1385c76e0 .functor XOR 1, L_0x1385c74c0, L_0x1385c7560, C4<0>, C4<0>;
L_0x1385c7750 .functor AND 1, L_0x1385c7420, L_0x1385c76e0, C4<1>, C4<1>;
v0x138553180_0 .net *"_ivl_0", 6 0, L_0x1385c6a80;  1 drivers
L_0x13007a9b0 .functor BUFT 1, C4<0001>, C4<0>, C4<0>, C4<0>;
v0x138553210_0 .net/2u *"_ivl_12", 3 0, L_0x13007a9b0;  1 drivers
v0x1385532a0_0 .net *"_ivl_2", 4 0, L_0x1385c6b20;  1 drivers
v0x138553330_0 .net *"_ivl_24", 0 0, L_0x1385c7420;  1 drivers
v0x1385533c0_0 .net *"_ivl_27", 0 0, L_0x1385c74c0;  1 drivers
v0x138553450_0 .net *"_ivl_29", 0 0, L_0x1385c7560;  1 drivers
v0x1385534e0_0 .net *"_ivl_30", 0 0, L_0x1385c76e0;  1 drivers
L_0x13007a9f8 .functor BUFT 1, C4<001>, C4<0>, C4<0>, C4<0>;
v0x138553570_0 .net/2u *"_ivl_34", 2 0, L_0x13007a9f8;  1 drivers
v0x138553600_0 .net *"_ivl_36", 2 0, L_0x1385c7840;  1 drivers
L_0x13007a920 .functor BUFT 1, C4<00>, C4<0>, C4<0>, C4<0>;
v0x138553690_0 .net *"_ivl_5", 1 0, L_0x13007a920;  1 drivers
L_0x13007a968 .functor BUFT 1, C4<0001>, C4<0>, C4<0>, C4<0>;
v0x138553720_0 .net/2u *"_ivl_8", 3 0, L_0x13007a968;  1 drivers
v0x1385537b0_0 .net "almost_empty_o", 0 0, L_0x1385c72c0;  1 drivers
v0x138553840_0 .net "almost_full_o", 0 0, L_0x1385c7940;  1 drivers
v0x1385538d0 .array "buffer", 7 0, 6 0;
v0x1385539f0 .array "buffer_nxt", 7 0;
v0x1385539f0_0 .net v0x1385539f0 0, 6 0, L_0x1385c5220; 1 drivers
v0x1385539f0_1 .net v0x1385539f0 1, 6 0, L_0x1385c5580; 1 drivers
v0x1385539f0_2 .net v0x1385539f0 2, 6 0, L_0x1385c5860; 1 drivers
v0x1385539f0_3 .net v0x1385539f0 3, 6 0, L_0x1385c5c20; 1 drivers
v0x1385539f0_4 .net v0x1385539f0 4, 6 0, L_0x1385c5f20; 1 drivers
v0x1385539f0_5 .net v0x1385539f0 5, 6 0, L_0x1385c6260; 1 drivers
v0x1385539f0_6 .net v0x1385539f0 6, 6 0, L_0x1385c6560; 1 drivers
v0x1385539f0_7 .net v0x1385539f0 7, 6 0, L_0x1385c69a0; 1 drivers
v0x138553b50_0 .net "clk", 0 0, v0x13843e760_0;  alias, 1 drivers
v0x138553be0_0 .net "counter", 3 0, L_0x1385c7b10;  1 drivers
v0x138553d90_0 .net "data_i", 6 0, L_0x1385ca8d0;  alias, 1 drivers
v0x138553e40_0 .net "data_o", 6 0, L_0x1385c6c80;  alias, 1 drivers
v0x138553ef0_0 .net "empty_o", 0 0, L_0x1385c71a0;  alias, 1 drivers
v0x138553f90_0 .net "full_o", 0 0, L_0x1385c7750;  alias, 1 drivers
v0x138554030_0 .var "rd_addr", 3 0;
v0x1385540e0_0 .net "rd_addr_inc", 3 0, L_0x1385c6e70;  1 drivers
v0x138554190_0 .net "rd_addr_map", 2 0, L_0x1385c7080;  1 drivers
v0x138554240_0 .net "rd_valid_i", 0 0, L_0x1385caec0;  alias, 1 drivers
v0x1385542e0_0 .net "rst_n", 0 0, v0x13843e800_0;  alias, 1 drivers
v0x138554370_0 .var "wr_addr", 3 0;
v0x138554420_0 .net "wr_addr_inc", 3 0, L_0x1385c6d70;  1 drivers
v0x1385544d0_0 .net "wr_addr_map", 2 0, L_0x1385c6f70;  1 drivers
v0x138554580_0 .net "wr_valid_i", 0 0, L_0x1385cab60;  alias, 1 drivers
L_0x1385c6a80 .array/port v0x1385538d0, L_0x1385c6b20;
L_0x1385c6b20 .concat [ 3 2 0 0], L_0x1385c7080, L_0x13007a920;
L_0x1385c6d70 .arith/sum 4, v0x138554370_0, L_0x13007a968;
L_0x1385c6e70 .arith/sum 4, v0x138554030_0, L_0x13007a9b0;
L_0x1385c6f70 .part v0x138554370_0, 0, 3;
L_0x1385c7080 .part v0x138554030_0, 0, 3;
L_0x1385c71a0 .cmp/eq 4, v0x138554370_0, v0x138554030_0;
L_0x1385c72c0 .cmp/eq 4, L_0x1385c6e70, v0x138554370_0;
L_0x1385c7420 .cmp/eq 3, L_0x1385c6f70, L_0x1385c7080;
L_0x1385c74c0 .part v0x138554370_0, 3, 1;
L_0x1385c7560 .part v0x138554030_0, 3, 1;
L_0x1385c7840 .arith/sum 3, L_0x1385c6f70, L_0x13007a9f8;
L_0x1385c7940 .cmp/eq 3, L_0x1385c7840, L_0x1385c7080;
L_0x1385c7b10 .arith/sub 4, v0x138554370_0, v0x138554030_0;
S_0x138550910 .scope generate, "BUF_LOAD[0]" "BUF_LOAD[0]" 13 64, 13 64 0, S_0x138550580;
 .timescale -9 -12;
P_0x1384c39e0 .param/l "addr" 1 13 64, +C4<00>;
S_0x138550a80 .scope generate, "BUF_LOAD[1]" "BUF_LOAD[1]" 13 64, 13 64 0, S_0x138550580;
 .timescale -9 -12;
P_0x1384c6280 .param/l "addr" 1 13 64, +C4<01>;
S_0x138550bf0 .scope generate, "BUF_LOAD[2]" "BUF_LOAD[2]" 13 64, 13 64 0, S_0x138550580;
 .timescale -9 -12;
P_0x1384ce510 .param/l "addr" 1 13 64, +C4<010>;
S_0x138550d60 .scope generate, "BUF_LOAD[3]" "BUF_LOAD[3]" 13 64, 13 64 0, S_0x138550580;
 .timescale -9 -12;
P_0x1384d80c0 .param/l "addr" 1 13 64, +C4<011>;
S_0x138550ed0 .scope generate, "BUF_LOAD[4]" "BUF_LOAD[4]" 13 64, 13 64 0, S_0x138550580;
 .timescale -9 -12;
P_0x1384dbdd0 .param/l "addr" 1 13 64, +C4<0100>;
S_0x138551040 .scope generate, "BUF_LOAD[5]" "BUF_LOAD[5]" 13 64, 13 64 0, S_0x138550580;
 .timescale -9 -12;
P_0x1384dd220 .param/l "addr" 1 13 64, +C4<0101>;
S_0x1385511b0 .scope generate, "BUF_LOAD[6]" "BUF_LOAD[6]" 13 64, 13 64 0, S_0x138550580;
 .timescale -9 -12;
P_0x1384eec00 .param/l "addr" 1 13 64, +C4<0110>;
S_0x138551320 .scope generate, "BUF_LOAD[7]" "BUF_LOAD[7]" 13 64, 13 64 0, S_0x138550580;
 .timescale -9 -12;
P_0x1384f48e0 .param/l "addr" 1 13 64, +C4<0111>;
S_0x138551490 .scope generate, "BUF_NXT_GEN[0]" "BUF_NXT_GEN[0]" 13 56, 13 56 0, S_0x138550580;
 .timescale -9 -12;
P_0x1384dbd90 .param/l "addr" 1 13 56, +C4<00>;
v0x1385447e0_0 .net *"_ivl_1", 3 0, L_0x1385c5020;  1 drivers
L_0x13007a4a0 .functor BUFT 1, C4<0>, C4<0>, C4<0>, C4<0>;
v0x138551600_0 .net *"_ivl_4", 0 0, L_0x13007a4a0;  1 drivers
L_0x13007a4e8 .functor BUFT 1, C4<0000>, C4<0>, C4<0>, C4<0>;
v0x138551690_0 .net/2u *"_ivl_5", 3 0, L_0x13007a4e8;  1 drivers
v0x138551720_0 .net *"_ivl_7", 0 0, L_0x1385c5100;  1 drivers
L_0x1385c5020 .concat [ 3 1 0 0], L_0x1385c6f70, L_0x13007a4a0;
L_0x1385c5100 .cmp/eq 4, L_0x1385c5020, L_0x13007a4e8;
v0x1385538d0_0 .array/port v0x1385538d0, 0;
L_0x1385c5220 .functor MUXZ 7, v0x1385538d0_0, L_0x1385ca8d0, L_0x1385c5100, C4<>;
S_0x1385517b0 .scope generate, "BUF_NXT_GEN[1]" "BUF_NXT_GEN[1]" 13 56, 13 56 0, S_0x138550580;
 .timescale -9 -12;
P_0x1384ad530 .param/l "addr" 1 13 56, +C4<01>;
v0x138551920_0 .net *"_ivl_1", 3 0, L_0x1385c5340;  1 drivers
L_0x13007a530 .functor BUFT 1, C4<0>, C4<0>, C4<0>, C4<0>;
v0x1385519b0_0 .net *"_ivl_4", 0 0, L_0x13007a530;  1 drivers
L_0x13007a578 .functor BUFT 1, C4<0001>, C4<0>, C4<0>, C4<0>;
v0x138551a40_0 .net/2u *"_ivl_5", 3 0, L_0x13007a578;  1 drivers
v0x138551ad0_0 .net *"_ivl_7", 0 0, L_0x1385c5460;  1 drivers
L_0x1385c5340 .concat [ 3 1 0 0], L_0x1385c6f70, L_0x13007a530;
L_0x1385c5460 .cmp/eq 4, L_0x1385c5340, L_0x13007a578;
v0x1385538d0_1 .array/port v0x1385538d0, 1;
L_0x1385c5580 .functor MUXZ 7, v0x1385538d0_1, L_0x1385ca8d0, L_0x1385c5460, C4<>;
S_0x138551b60 .scope generate, "BUF_NXT_GEN[2]" "BUF_NXT_GEN[2]" 13 56, 13 56 0, S_0x138550580;
 .timescale -9 -12;
P_0x13843aa90 .param/l "addr" 1 13 56, +C4<010>;
v0x138551cd0_0 .net *"_ivl_1", 3 0, L_0x1385c5660;  1 drivers
L_0x13007a5c0 .functor BUFT 1, C4<0>, C4<0>, C4<0>, C4<0>;
v0x138551d60_0 .net *"_ivl_4", 0 0, L_0x13007a5c0;  1 drivers
L_0x13007a608 .functor BUFT 1, C4<0010>, C4<0>, C4<0>, C4<0>;
v0x138551df0_0 .net/2u *"_ivl_5", 3 0, L_0x13007a608;  1 drivers
v0x138551e80_0 .net *"_ivl_7", 0 0, L_0x1385c5740;  1 drivers
L_0x1385c5660 .concat [ 3 1 0 0], L_0x1385c6f70, L_0x13007a5c0;
L_0x1385c5740 .cmp/eq 4, L_0x1385c5660, L_0x13007a608;
v0x1385538d0_2 .array/port v0x1385538d0, 2;
L_0x1385c5860 .functor MUXZ 7, v0x1385538d0_2, L_0x1385ca8d0, L_0x1385c5740, C4<>;
S_0x138551f10 .scope generate, "BUF_NXT_GEN[3]" "BUF_NXT_GEN[3]" 13 56, 13 56 0, S_0x138550580;
 .timescale -9 -12;
P_0x13843e460 .param/l "addr" 1 13 56, +C4<011>;
v0x138552080_0 .net *"_ivl_1", 3 0, L_0x1385c59c0;  1 drivers
L_0x13007a650 .functor BUFT 1, C4<0>, C4<0>, C4<0>, C4<0>;
v0x138552110_0 .net *"_ivl_4", 0 0, L_0x13007a650;  1 drivers
L_0x13007a698 .functor BUFT 1, C4<0011>, C4<0>, C4<0>, C4<0>;
v0x1385521a0_0 .net/2u *"_ivl_5", 3 0, L_0x13007a698;  1 drivers
v0x138552230_0 .net *"_ivl_7", 0 0, L_0x1385c5b00;  1 drivers
L_0x1385c59c0 .concat [ 3 1 0 0], L_0x1385c6f70, L_0x13007a650;
L_0x1385c5b00 .cmp/eq 4, L_0x1385c59c0, L_0x13007a698;
v0x1385538d0_3 .array/port v0x1385538d0, 3;
L_0x1385c5c20 .functor MUXZ 7, v0x1385538d0_3, L_0x1385ca8d0, L_0x1385c5b00, C4<>;
S_0x1385522c0 .scope generate, "BUF_NXT_GEN[4]" "BUF_NXT_GEN[4]" 13 56, 13 56 0, S_0x138550580;
 .timescale -9 -12;
P_0x138439e30 .param/l "addr" 1 13 56, +C4<0100>;
v0x138552430_0 .net *"_ivl_1", 4 0, L_0x1385c5d00;  1 drivers
L_0x13007a6e0 .functor BUFT 1, C4<00>, C4<0>, C4<0>, C4<0>;
v0x1385524c0_0 .net *"_ivl_4", 1 0, L_0x13007a6e0;  1 drivers
L_0x13007a728 .functor BUFT 1, C4<00100>, C4<0>, C4<0>, C4<0>;
v0x138552550_0 .net/2u *"_ivl_5", 4 0, L_0x13007a728;  1 drivers
v0x1385525e0_0 .net *"_ivl_7", 0 0, L_0x1385c5de0;  1 drivers
L_0x1385c5d00 .concat [ 3 2 0 0], L_0x1385c6f70, L_0x13007a6e0;
L_0x1385c5de0 .cmp/eq 5, L_0x1385c5d00, L_0x13007a728;
v0x1385538d0_4 .array/port v0x1385538d0, 4;
L_0x1385c5f20 .functor MUXZ 7, v0x1385538d0_4, L_0x1385ca8d0, L_0x1385c5de0, C4<>;
S_0x138552670 .scope generate, "BUF_NXT_GEN[5]" "BUF_NXT_GEN[5]" 13 56, 13 56 0, S_0x138550580;
 .timescale -9 -12;
P_0x13845f390 .param/l "addr" 1 13 56, +C4<0101>;
v0x1385527e0_0 .net *"_ivl_1", 4 0, L_0x1385c6000;  1 drivers
L_0x13007a770 .functor BUFT 1, C4<00>, C4<0>, C4<0>, C4<0>;
v0x138552870_0 .net *"_ivl_4", 1 0, L_0x13007a770;  1 drivers
L_0x13007a7b8 .functor BUFT 1, C4<00101>, C4<0>, C4<0>, C4<0>;
v0x138552900_0 .net/2u *"_ivl_5", 4 0, L_0x13007a7b8;  1 drivers
v0x138552990_0 .net *"_ivl_7", 0 0, L_0x1385c6120;  1 drivers
L_0x1385c6000 .concat [ 3 2 0 0], L_0x1385c6f70, L_0x13007a770;
L_0x1385c6120 .cmp/eq 5, L_0x1385c6000, L_0x13007a7b8;
v0x1385538d0_5 .array/port v0x1385538d0, 5;
L_0x1385c6260 .functor MUXZ 7, v0x1385538d0_5, L_0x1385ca8d0, L_0x1385c6120, C4<>;
S_0x138552a20 .scope generate, "BUF_NXT_GEN[6]" "BUF_NXT_GEN[6]" 13 56, 13 56 0, S_0x138550580;
 .timescale -9 -12;
P_0x13852bf10 .param/l "addr" 1 13 56, +C4<0110>;
v0x138552b90_0 .net *"_ivl_1", 4 0, L_0x1385c6340;  1 drivers
L_0x13007a800 .functor BUFT 1, C4<00>, C4<0>, C4<0>, C4<0>;
v0x138552c20_0 .net *"_ivl_4", 1 0, L_0x13007a800;  1 drivers
L_0x13007a848 .functor BUFT 1, C4<00110>, C4<0>, C4<0>, C4<0>;
v0x138552cb0_0 .net/2u *"_ivl_5", 4 0, L_0x13007a848;  1 drivers
v0x138552d40_0 .net *"_ivl_7", 0 0, L_0x1385c6420;  1 drivers
L_0x1385c6340 .concat [ 3 2 0 0], L_0x1385c6f70, L_0x13007a800;
L_0x1385c6420 .cmp/eq 5, L_0x1385c6340, L_0x13007a848;
v0x1385538d0_6 .array/port v0x1385538d0, 6;
L_0x1385c6560 .functor MUXZ 7, v0x1385538d0_6, L_0x1385ca8d0, L_0x1385c6420, C4<>;
S_0x138552dd0 .scope generate, "BUF_NXT_GEN[7]" "BUF_NXT_GEN[7]" 13 56, 13 56 0, S_0x138550580;
 .timescale -9 -12;
P_0x138534120 .param/l "addr" 1 13 56, +C4<0111>;
v0x138552f40_0 .net *"_ivl_1", 4 0, L_0x1385c6740;  1 drivers
L_0x13007a890 .functor BUFT 1, C4<00>, C4<0>, C4<0>, C4<0>;
v0x138552fd0_0 .net *"_ivl_4", 1 0, L_0x13007a890;  1 drivers
L_0x13007a8d8 .functor BUFT 1, C4<00111>, C4<0>, C4<0>, C4<0>;
v0x138553060_0 .net/2u *"_ivl_5", 4 0, L_0x13007a8d8;  1 drivers
v0x1385530f0_0 .net *"_ivl_7", 0 0, L_0x1385c6900;  1 drivers
L_0x1385c6740 .concat [ 3 2 0 0], L_0x1385c6f70, L_0x13007a890;
L_0x1385c6900 .cmp/eq 5, L_0x1385c6740, L_0x13007a8d8;
v0x1385538d0_7 .array/port v0x1385538d0, 7;
L_0x1385c69a0 .functor MUXZ 7, v0x1385538d0_7, L_0x1385ca8d0, L_0x1385c6900, C4<>;
S_0x138554730 .scope generate, "SLV_FIFO[1]" "SLV_FIFO[1]" 17 103, 17 103 0, S_0x13854fd40;
 .timescale -9 -12;
P_0x1384c11a0 .param/l "slv_idx" 1 17 103, +C4<01>;
S_0x1385548e0 .scope module, "fifo_WRESP_slv" "fifo" 17 107, 13 2 0, S_0x138554730;
 .timescale -9 -12;
    .port_info 0 /INPUT 1 "clk";
    .port_info 1 /INPUT 7 "data_i";
    .port_info 2 /OUTPUT 7 "data_o";
    .port_info 3 /INPUT 1 "wr_valid_i";
    .port_info 4 /INPUT 1 "rd_valid_i";
    .port_info 5 /OUTPUT 1 "empty_o";
    .port_info 6 /OUTPUT 1 "full_o";
    .port_info 7 /OUTPUT 1 "almost_empty_o";
    .port_info 8 /OUTPUT 1 "almost_full_o";
    .port_info 9 /OUTPUT 4 "counter";
    .port_info 10 /INPUT 1 "rst_n";
P_0x138554aa0 .param/l "ADDR_WIDTH" 0 13 7, +C4<00000000000000000000000000000011>;
P_0x138554ae0 .param/l "DATA_WIDTH" 0 13 4, +C4<000000000000000000000000000000111>;
P_0x138554b20 .param/l "FIFO_DEPTH" 0 13 5, +C4<00000000000000000000000000001000>;
L_0x1385c9890 .functor BUFZ 7, L_0x1385c9670, C4<0000000>, C4<0000000>, C4<0000000>;
L_0x1385ca2f0 .functor XOR 1, L_0x1385ca0d0, L_0x1385ca170, C4<0>, C4<0>;
L_0x1385c9c20 .functor AND 1, L_0x1385ca030, L_0x1385ca2f0, C4<1>, C4<1>;
v0x138558b30_0 .net *"_ivl_0", 6 0, L_0x1385c9670;  1 drivers
L_0x13007af50 .functor BUFT 1, C4<0001>, C4<0>, C4<0>, C4<0>;
v0x138558bf0_0 .net/2u *"_ivl_12", 3 0, L_0x13007af50;  1 drivers
v0x138558ca0_0 .net *"_ivl_2", 4 0, L_0x1385c9730;  1 drivers
v0x138558d60_0 .net *"_ivl_24", 0 0, L_0x1385ca030;  1 drivers
v0x138558e00_0 .net *"_ivl_27", 0 0, L_0x1385ca0d0;  1 drivers
v0x138558ef0_0 .net *"_ivl_29", 0 0, L_0x1385ca170;  1 drivers
v0x138558fa0_0 .net *"_ivl_30", 0 0, L_0x1385ca2f0;  1 drivers
L_0x13007af98 .functor BUFT 1, C4<001>, C4<0>, C4<0>, C4<0>;
v0x138559050_0 .net/2u *"_ivl_34", 2 0, L_0x13007af98;  1 drivers
v0x138559100_0 .net *"_ivl_36", 2 0, L_0x1385ca420;  1 drivers
L_0x13007aec0 .functor BUFT 1, C4<00>, C4<0>, C4<0>, C4<0>;
v0x138559210_0 .net *"_ivl_5", 1 0, L_0x13007aec0;  1 drivers
L_0x13007af08 .functor BUFT 1, C4<0001>, C4<0>, C4<0>, C4<0>;
v0x1385592c0_0 .net/2u *"_ivl_8", 3 0, L_0x13007af08;  1 drivers
v0x138559370_0 .net "almost_empty_o", 0 0, L_0x1385c9ed0;  1 drivers
v0x138559410_0 .net "almost_full_o", 0 0, L_0x1385ca520;  1 drivers
v0x1385594b0 .array "buffer", 7 0, 6 0;
v0x1385595d0 .array "buffer_nxt", 7 0;
v0x1385595d0_0 .net v0x1385595d0 0, 6 0, L_0x1385c7d30; 1 drivers
v0x1385595d0_1 .net v0x1385595d0 1, 6 0, L_0x1385c8090; 1 drivers
v0x1385595d0_2 .net v0x1385595d0 2, 6 0, L_0x1385c83b0; 1 drivers
v0x1385595d0_3 .net v0x1385595d0 3, 6 0, L_0x1385c8790; 1 drivers
v0x1385595d0_4 .net v0x1385595d0 4, 6 0, L_0x1385c8ab0; 1 drivers
v0x1385595d0_5 .net v0x1385595d0 5, 6 0, L_0x1385c8e10; 1 drivers
v0x1385595d0_6 .net v0x1385595d0 6, 6 0, L_0x1385c9130; 1 drivers
v0x1385595d0_7 .net v0x1385595d0 7, 6 0, L_0x1385c9590; 1 drivers
v0x138559730_0 .net "clk", 0 0, v0x13843e760_0;  alias, 1 drivers
v0x1385597c0_0 .net "counter", 3 0, L_0x1385ca6f0;  1 drivers
v0x138559970_0 .net "data_i", 6 0, L_0x1385cb0f0;  alias, 1 drivers
v0x138559a20_0 .net "data_o", 6 0, L_0x1385c9890;  alias, 1 drivers
v0x138559ad0_0 .net "empty_o", 0 0, L_0x1385c9db0;  alias, 1 drivers
v0x138559b70_0 .net "full_o", 0 0, L_0x1385c9c20;  alias, 1 drivers
v0x138559c10_0 .var "rd_addr", 3 0;
v0x138559cc0_0 .net "rd_addr_inc", 3 0, L_0x1385c9a80;  1 drivers
v0x138559d70_0 .net "rd_addr_map", 2 0, L_0x1385c9c90;  1 drivers
v0x138559e20_0 .net "rd_valid_i", 0 0, L_0x1385cb740;  alias, 1 drivers
v0x138559ec0_0 .net "rst_n", 0 0, v0x13843e800_0;  alias, 1 drivers
v0x138559f50_0 .var "wr_addr", 3 0;
v0x13855a000_0 .net "wr_addr_inc", 3 0, L_0x1385c9980;  1 drivers
v0x13855a0b0_0 .net "wr_addr_map", 2 0, L_0x1385c9b80;  1 drivers
v0x13855a160_0 .net "wr_valid_i", 0 0, L_0x1385cb420;  alias, 1 drivers
L_0x1385c9670 .array/port v0x1385594b0, L_0x1385c9730;
L_0x1385c9730 .concat [ 3 2 0 0], L_0x1385c9c90, L_0x13007aec0;
L_0x1385c9980 .arith/sum 4, v0x138559f50_0, L_0x13007af08;
L_0x1385c9a80 .arith/sum 4, v0x138559c10_0, L_0x13007af50;
L_0x1385c9b80 .part v0x138559f50_0, 0, 3;
L_0x1385c9c90 .part v0x138559c10_0, 0, 3;
L_0x1385c9db0 .cmp/eq 4, v0x138559f50_0, v0x138559c10_0;
L_0x1385c9ed0 .cmp/eq 4, L_0x1385c9a80, v0x138559f50_0;
L_0x1385ca030 .cmp/eq 3, L_0x1385c9b80, L_0x1385c9c90;
L_0x1385ca0d0 .part v0x138559f50_0, 3, 1;
L_0x1385ca170 .part v0x138559c10_0, 3, 1;
L_0x1385ca420 .arith/sum 3, L_0x1385c9b80, L_0x13007af98;
L_0x1385ca520 .cmp/eq 3, L_0x1385ca420, L_0x1385c9c90;
L_0x1385ca6f0 .arith/sub 4, v0x138559f50_0, v0x138559c10_0;
S_0x138554f00 .scope generate, "BUF_LOAD[0]" "BUF_LOAD[0]" 13 64, 13 64 0, S_0x1385548e0;
 .timescale -9 -12;
P_0x1385550c0 .param/l "addr" 1 13 64, +C4<00>;
S_0x138555140 .scope generate, "BUF_LOAD[1]" "BUF_LOAD[1]" 13 64, 13 64 0, S_0x1385548e0;
 .timescale -9 -12;
P_0x1385552b0 .param/l "addr" 1 13 64, +C4<01>;
S_0x138555330 .scope generate, "BUF_LOAD[2]" "BUF_LOAD[2]" 13 64, 13 64 0, S_0x1385548e0;
 .timescale -9 -12;
P_0x1385554f0 .param/l "addr" 1 13 64, +C4<010>;
S_0x138555580 .scope generate, "BUF_LOAD[3]" "BUF_LOAD[3]" 13 64, 13 64 0, S_0x1385548e0;
 .timescale -9 -12;
P_0x138555740 .param/l "addr" 1 13 64, +C4<011>;
S_0x1385557e0 .scope generate, "BUF_LOAD[4]" "BUF_LOAD[4]" 13 64, 13 64 0, S_0x1385548e0;
 .timescale -9 -12;
P_0x1385559e0 .param/l "addr" 1 13 64, +C4<0100>;
S_0x138555a80 .scope generate, "BUF_LOAD[5]" "BUF_LOAD[5]" 13 64, 13 64 0, S_0x1385548e0;
 .timescale -9 -12;
P_0x138555c40 .param/l "addr" 1 13 64, +C4<0101>;
S_0x138555cc0 .scope generate, "BUF_LOAD[6]" "BUF_LOAD[6]" 13 64, 13 64 0, S_0x1385548e0;
 .timescale -9 -12;
P_0x138555e80 .param/l "addr" 1 13 64, +C4<0110>;
S_0x138555f20 .scope generate, "BUF_LOAD[7]" "BUF_LOAD[7]" 13 64, 13 64 0, S_0x1385548e0;
 .timescale -9 -12;
P_0x1385560e0 .param/l "addr" 1 13 64, +C4<0111>;
S_0x138556180 .scope generate, "BUF_NXT_GEN[0]" "BUF_NXT_GEN[0]" 13 56, 13 56 0, S_0x1385548e0;
 .timescale -9 -12;
P_0x1385559a0 .param/l "addr" 1 13 56, +C4<00>;
v0x138556420_0 .net *"_ivl_1", 3 0, L_0x1385c7bb0;  1 drivers
L_0x13007aa40 .functor BUFT 1, C4<0>, C4<0>, C4<0>, C4<0>;
v0x1385564d0_0 .net *"_ivl_4", 0 0, L_0x13007aa40;  1 drivers
L_0x13007aa88 .functor BUFT 1, C4<0000>, C4<0>, C4<0>, C4<0>;
v0x138556580_0 .net/2u *"_ivl_5", 3 0, L_0x13007aa88;  1 drivers
v0x138556640_0 .net *"_ivl_7", 0 0, L_0x1385c7c50;  1 drivers
L_0x1385c7bb0 .concat [ 3 1 0 0], L_0x1385c9b80, L_0x13007aa40;
L_0x1385c7c50 .cmp/eq 4, L_0x1385c7bb0, L_0x13007aa88;
v0x1385594b0_0 .array/port v0x1385594b0, 0;
L_0x1385c7d30 .functor MUXZ 7, v0x1385594b0_0, L_0x1385cb0f0, L_0x1385c7c50, C4<>;
S_0x1385566e0 .scope generate, "BUF_NXT_GEN[1]" "BUF_NXT_GEN[1]" 13 56, 13 56 0, S_0x1385548e0;
 .timescale -9 -12;
P_0x1385568b0 .param/l "addr" 1 13 56, +C4<01>;
v0x138556950_0 .net *"_ivl_1", 3 0, L_0x1385c7e50;  1 drivers
L_0x13007aad0 .functor BUFT 1, C4<0>, C4<0>, C4<0>, C4<0>;
v0x138556a00_0 .net *"_ivl_4", 0 0, L_0x13007aad0;  1 drivers
L_0x13007ab18 .functor BUFT 1, C4<0001>, C4<0>, C4<0>, C4<0>;
v0x138556ab0_0 .net/2u *"_ivl_5", 3 0, L_0x13007ab18;  1 drivers
v0x138556b70_0 .net *"_ivl_7", 0 0, L_0x1385c7f70;  1 drivers
L_0x1385c7e50 .concat [ 3 1 0 0], L_0x1385c9b80, L_0x13007aad0;
L_0x1385c7f70 .cmp/eq 4, L_0x1385c7e50, L_0x13007ab18;
v0x1385594b0_1 .array/port v0x1385594b0, 1;
L_0x1385c8090 .functor MUXZ 7, v0x1385594b0_1, L_0x1385cb0f0, L_0x1385c7f70, C4<>;
S_0x138556c10 .scope generate, "BUF_NXT_GEN[2]" "BUF_NXT_GEN[2]" 13 56, 13 56 0, S_0x1385548e0;
 .timescale -9 -12;
P_0x138556de0 .param/l "addr" 1 13 56, +C4<010>;
v0x138556e80_0 .net *"_ivl_1", 3 0, L_0x1385c8170;  1 drivers
L_0x13007ab60 .functor BUFT 1, C4<0>, C4<0>, C4<0>, C4<0>;
v0x138556f30_0 .net *"_ivl_4", 0 0, L_0x13007ab60;  1 drivers
L_0x13007aba8 .functor BUFT 1, C4<0010>, C4<0>, C4<0>, C4<0>;
v0x138556fe0_0 .net/2u *"_ivl_5", 3 0, L_0x13007aba8;  1 drivers
v0x1385570a0_0 .net *"_ivl_7", 0 0, L_0x1385c8270;  1 drivers
L_0x1385c8170 .concat [ 3 1 0 0], L_0x1385c9b80, L_0x13007ab60;
L_0x1385c8270 .cmp/eq 4, L_0x1385c8170, L_0x13007aba8;
v0x1385594b0_2 .array/port v0x1385594b0, 2;
L_0x1385c83b0 .functor MUXZ 7, v0x1385594b0_2, L_0x1385cb0f0, L_0x1385c8270, C4<>;
S_0x138557140 .scope generate, "BUF_NXT_GEN[3]" "BUF_NXT_GEN[3]" 13 56, 13 56 0, S_0x1385548e0;
 .timescale -9 -12;
P_0x138557310 .param/l "addr" 1 13 56, +C4<011>;
v0x1385573b0_0 .net *"_ivl_1", 3 0, L_0x1385c8510;  1 drivers
L_0x13007abf0 .functor BUFT 1, C4<0>, C4<0>, C4<0>, C4<0>;
v0x138557460_0 .net *"_ivl_4", 0 0, L_0x13007abf0;  1 drivers
L_0x13007ac38 .functor BUFT 1, C4<0011>, C4<0>, C4<0>, C4<0>;
v0x138557510_0 .net/2u *"_ivl_5", 3 0, L_0x13007ac38;  1 drivers
v0x1385575d0_0 .net *"_ivl_7", 0 0, L_0x1385c8670;  1 drivers
L_0x1385c8510 .concat [ 3 1 0 0], L_0x1385c9b80, L_0x13007abf0;
L_0x1385c8670 .cmp/eq 4, L_0x1385c8510, L_0x13007ac38;
v0x1385594b0_3 .array/port v0x1385594b0, 3;
L_0x1385c8790 .functor MUXZ 7, v0x1385594b0_3, L_0x1385cb0f0, L_0x1385c8670, C4<>;
S_0x138557670 .scope generate, "BUF_NXT_GEN[4]" "BUF_NXT_GEN[4]" 13 56, 13 56 0, S_0x1385548e0;
 .timescale -9 -12;
P_0x138557840 .param/l "addr" 1 13 56, +C4<0100>;
v0x1385578e0_0 .net *"_ivl_1", 4 0, L_0x1385c8870;  1 drivers
L_0x13007ac80 .functor BUFT 1, C4<00>, C4<0>, C4<0>, C4<0>;
v0x138557990_0 .net *"_ivl_4", 1 0, L_0x13007ac80;  1 drivers
L_0x13007acc8 .functor BUFT 1, C4<00100>, C4<0>, C4<0>, C4<0>;
v0x138557a40_0 .net/2u *"_ivl_5", 4 0, L_0x13007acc8;  1 drivers
v0x138557b00_0 .net *"_ivl_7", 0 0, L_0x1385c8970;  1 drivers
L_0x1385c8870 .concat [ 3 2 0 0], L_0x1385c9b80, L_0x13007ac80;
L_0x1385c8970 .cmp/eq 5, L_0x1385c8870, L_0x13007acc8;
v0x1385594b0_4 .array/port v0x1385594b0, 4;
L_0x1385c8ab0 .functor MUXZ 7, v0x1385594b0_4, L_0x1385cb0f0, L_0x1385c8970, C4<>;
S_0x138557ba0 .scope generate, "BUF_NXT_GEN[5]" "BUF_NXT_GEN[5]" 13 56, 13 56 0, S_0x1385548e0;
 .timescale -9 -12;
P_0x138557d70 .param/l "addr" 1 13 56, +C4<0101>;
v0x138557e10_0 .net *"_ivl_1", 4 0, L_0x1385c8b90;  1 drivers
L_0x13007ad10 .functor BUFT 1, C4<00>, C4<0>, C4<0>, C4<0>;
v0x138557ec0_0 .net *"_ivl_4", 1 0, L_0x13007ad10;  1 drivers
L_0x13007ad58 .functor BUFT 1, C4<00101>, C4<0>, C4<0>, C4<0>;
v0x138557f70_0 .net/2u *"_ivl_5", 4 0, L_0x13007ad58;  1 drivers
v0x138558030_0 .net *"_ivl_7", 0 0, L_0x1385c8cd0;  1 drivers
L_0x1385c8b90 .concat [ 3 2 0 0], L_0x1385c9b80, L_0x13007ad10;
L_0x1385c8cd0 .cmp/eq 5, L_0x1385c8b90, L_0x13007ad58;
v0x1385594b0_5 .array/port v0x1385594b0, 5;
L_0x1385c8e10 .functor MUXZ 7, v0x1385594b0_5, L_0x1385cb0f0, L_0x1385c8cd0, C4<>;
S_0x1385580d0 .scope generate, "BUF_NXT_GEN[6]" "BUF_NXT_GEN[6]" 13 56, 13 56 0, S_0x1385548e0;
 .timescale -9 -12;
P_0x1385582a0 .param/l "addr" 1 13 56, +C4<0110>;
v0x138558340_0 .net *"_ivl_1", 4 0, L_0x1385c8ef0;  1 drivers
L_0x13007ada0 .functor BUFT 1, C4<00>, C4<0>, C4<0>, C4<0>;
v0x1385583f0_0 .net *"_ivl_4", 1 0, L_0x13007ada0;  1 drivers
L_0x13007ade8 .functor BUFT 1, C4<00110>, C4<0>, C4<0>, C4<0>;
v0x1385584a0_0 .net/2u *"_ivl_5", 4 0, L_0x13007ade8;  1 drivers
v0x138558560_0 .net *"_ivl_7", 0 0, L_0x1385c8ff0;  1 drivers
L_0x1385c8ef0 .concat [ 3 2 0 0], L_0x1385c9b80, L_0x13007ada0;
L_0x1385c8ff0 .cmp/eq 5, L_0x1385c8ef0, L_0x13007ade8;
v0x1385594b0_6 .array/port v0x1385594b0, 6;
L_0x1385c9130 .functor MUXZ 7, v0x1385594b0_6, L_0x1385cb0f0, L_0x1385c8ff0, C4<>;
S_0x138558600 .scope generate, "BUF_NXT_GEN[7]" "BUF_NXT_GEN[7]" 13 56, 13 56 0, S_0x1385548e0;
 .timescale -9 -12;
P_0x1385587d0 .param/l "addr" 1 13 56, +C4<0111>;
v0x138558870_0 .net *"_ivl_1", 4 0, L_0x1385c9310;  1 drivers
L_0x13007ae30 .functor BUFT 1, C4<00>, C4<0>, C4<0>, C4<0>;
v0x138558920_0 .net *"_ivl_4", 1 0, L_0x13007ae30;  1 drivers
L_0x13007ae78 .functor BUFT 1, C4<00111>, C4<0>, C4<0>, C4<0>;
v0x1385589d0_0 .net/2u *"_ivl_5", 4 0, L_0x13007ae78;  1 drivers
v0x138558a90_0 .net *"_ivl_7", 0 0, L_0x1385c94f0;  1 drivers
L_0x1385c9310 .concat [ 3 2 0 0], L_0x1385c9b80, L_0x13007ae30;
L_0x1385c94f0 .cmp/eq 5, L_0x1385c9310, L_0x13007ae78;
v0x1385594b0_7 .array/port v0x1385594b0, 7;
L_0x1385c9590 .functor MUXZ 7, v0x1385594b0_7, L_0x1385cb0f0, L_0x1385c94f0, C4<>;
S_0x13855a310 .scope generate, "SLV_HSK[0]" "SLV_HSK[0]" 17 154, 17 154 0, S_0x13854fd40;
 .timescale -9 -12;
P_0x138554c60 .param/l "slv_idx" 1 17 154, +C4<00>;
L_0x1385cb9b0 .functor AND 1, L_0x1385cb870, L_0x1385cb910, C4<1>, C4<1>;
v0x13855a4c0_0 .net *"_ivl_1", 0 0, L_0x1385cb870;  1 drivers
v0x13855a560_0 .net *"_ivl_2", 0 0, L_0x1385cb910;  1 drivers
S_0x13855a610 .scope generate, "SLV_HSK[1]" "SLV_HSK[1]" 17 154, 17 154 0, S_0x13854fd40;
 .timescale -9 -12;
P_0x13855a7e0 .param/l "slv_idx" 1 17 154, +C4<01>;
L_0x1385cbc20 .functor AND 1, L_0x1385cbae0, L_0x1385cbb80, C4<1>, C4<1>;
v0x13855a880_0 .net *"_ivl_1", 0 0, L_0x1385cbae0;  1 drivers
v0x13855a930_0 .net *"_ivl_2", 0 0, L_0x1385cbb80;  1 drivers
S_0x13855a9e0 .scope generate, "SLV_LOGIC[0]" "SLV_LOGIC[0]" 17 144, 17 144 0, S_0x13854fd40;
 .timescale -9 -12;
P_0x13855abf0 .param/l "slv_idx" 1 17 144, +C4<00>;
L_0x1385caaf0 .functor BUFZ 7, L_0x1385c6c80, C4<0000000>, C4<0000000>, C4<0000000>;
L_0x1385cab60 .functor BUFZ 1, L_0x1385cb9b0, C4<0>, C4<0>, C4<0>;
L_0x1385caec0 .functor AND 1, L_0x1385d1210, L_0x1385cad50, C4<1>, C4<1>;
v0x13855ac90_0 .net *"_ivl_1", 4 0, L_0x1385ca790;  1 drivers
v0x13855ad20_0 .net *"_ivl_12", 6 0, L_0x1385caaf0;  1 drivers
v0x13855add0_0 .net *"_ivl_18", 2 0, L_0x1385cac10;  1 drivers
v0x13855ae90_0 .net *"_ivl_2", 1 0, L_0x1385ca830;  1 drivers
L_0x13007afe0 .functor BUFT 1, C4<00>, C4<0>, C4<0>, C4<0>;
v0x13855af40_0 .net *"_ivl_21", 1 0, L_0x13007afe0;  1 drivers
L_0x13007b028 .functor BUFT 1, C4<000>, C4<0>, C4<0>, C4<0>;
v0x13855b030_0 .net/2u *"_ivl_22", 2 0, L_0x13007b028;  1 drivers
v0x13855b0e0_0 .net *"_ivl_24", 0 0, L_0x1385cad50;  1 drivers
L_0x1385ca8d0 .concat [ 2 5 0 0], L_0x1385ca830, L_0x1385ca790;
L_0x1385ca970 .part L_0x1385caaf0, 2, 5;
L_0x1385caa10 .part L_0x1385caaf0, 0, 2;
L_0x1385cac10 .concat [ 1 2 0 0], L_0x1385cddf0, L_0x13007afe0;
L_0x1385cad50 .cmp/eq 3, L_0x1385cac10, L_0x13007b028;
S_0x13855b180 .scope generate, "SLV_LOGIC[1]" "SLV_LOGIC[1]" 17 144, 17 144 0, S_0x13854fd40;
 .timescale -9 -12;
P_0x13855b350 .param/l "slv_idx" 1 17 144, +C4<01>;
L_0x1385cb3b0 .functor BUFZ 7, L_0x1385c9890, C4<0000000>, C4<0000000>, C4<0000000>;
L_0x1385cb420 .functor BUFZ 1, L_0x1385cbc20, C4<0>, C4<0>, C4<0>;
L_0x1385cb740 .functor AND 1, L_0x1385d1210, L_0x1385cb5d0, C4<1>, C4<1>;
v0x13855b3f0_0 .net *"_ivl_1", 4 0, L_0x1385cafb0;  1 drivers
v0x13855b480_0 .net *"_ivl_12", 6 0, L_0x1385cb3b0;  1 drivers
v0x13855b530_0 .net *"_ivl_18", 2 0, L_0x1385cb4d0;  1 drivers
v0x13855b5f0_0 .net *"_ivl_2", 1 0, L_0x1385cb050;  1 drivers
L_0x13007b070 .functor BUFT 1, C4<00>, C4<0>, C4<0>, C4<0>;
v0x13855b6a0_0 .net *"_ivl_21", 1 0, L_0x13007b070;  1 drivers
L_0x13007b0b8 .functor BUFT 1, C4<001>, C4<0>, C4<0>, C4<0>;
v0x13855b790_0 .net/2u *"_ivl_22", 2 0, L_0x13007b0b8;  1 drivers
v0x13855b840_0 .net *"_ivl_24", 0 0, L_0x1385cb5d0;  1 drivers
L_0x1385cb0f0 .concat [ 2 5 0 0], L_0x1385cb050, L_0x1385cafb0;
L_0x1385cb230 .part L_0x1385cb3b0, 2, 5;
L_0x1385cb2d0 .part L_0x1385cb3b0, 0, 2;
L_0x1385cb4d0 .concat [ 1 2 0 0], L_0x1385cddf0, L_0x13007b070;
L_0x1385cb5d0 .cmp/eq 3, L_0x1385cb4d0, L_0x13007b0b8;
S_0x13855b8e0 .scope generate, "SLV_OUT[0]" "SLV_OUT[0]" 17 164, 17 164 0, S_0x13854fd40;
 .timescale -9 -12;
P_0x13855bab0 .param/l "slv_idx" 1 17 164, +C4<00>;
L_0x1385cbd50 .functor NOT 1, L_0x1385c7750, C4<0>, C4<0>, C4<0>;
v0x13855bb50_0 .net *"_ivl_1", 0 0, L_0x1385cbd50;  1 drivers
S_0x13855bbe0 .scope generate, "SLV_OUT[1]" "SLV_OUT[1]" 17 164, 17 164 0, S_0x13854fd40;
 .timescale -9 -12;
P_0x13855bdb0 .param/l "slv_idx" 1 17 164, +C4<01>;
L_0x1385cbfa0 .functor NOT 1, L_0x1385c9c20, C4<0>, C4<0>, C4<0>;
v0x13855be50_0 .net *"_ivl_1", 0 0, L_0x1385cbfa0;  1 drivers
S_0x13855bf00 .scope module, "fifo_slv_order" "fifo" 17 88, 13 2 0, S_0x13854fd40;
 .timescale -9 -12;
    .port_info 0 /INPUT 1 "clk";
    .port_info 1 /INPUT 1 "data_i";
    .port_info 2 /OUTPUT 1 "data_o";
    .port_info 3 /INPUT 1 "wr_valid_i";
    .port_info 4 /INPUT 1 "rd_valid_i";
    .port_info 5 /OUTPUT 1 "empty_o";
    .port_info 6 /OUTPUT 1 "full_o";
    .port_info 7 /OUTPUT 1 "almost_empty_o";
    .port_info 8 /OUTPUT 1 "almost_full_o";
    .port_info 9 /OUTPUT 4 "counter";
    .port_info 10 /INPUT 1 "rst_n";
P_0x13855c140 .param/l "ADDR_WIDTH" 0 13 7, +C4<00000000000000000000000000000011>;
P_0x13855c180 .param/l "DATA_WIDTH" 0 13 4, +C4<00000000000000000000000000000001>;
P_0x13855c1c0 .param/l "FIFO_DEPTH" 0 13 5, +C4<00000000000000000000000000001000>;
L_0x1385cddf0 .functor BUFZ 1, L_0x1385cdbd0, C4<0>, C4<0>, C4<0>;
L_0x1385ce870 .functor XOR 1, L_0x1385ce650, L_0x1385ce6f0, C4<0>, C4<0>;
L_0x1385ce1a0 .functor AND 1, L_0x1385ce5b0, L_0x1385ce870, C4<1>, C4<1>;
v0x1385601a0_0 .net *"_ivl_0", 0 0, L_0x1385cdbd0;  1 drivers
L_0x13007b610 .functor BUFT 1, C4<0001>, C4<0>, C4<0>, C4<0>;
v0x138560260_0 .net/2u *"_ivl_12", 3 0, L_0x13007b610;  1 drivers
v0x138560310_0 .net *"_ivl_2", 4 0, L_0x1385cdc90;  1 drivers
v0x1385603d0_0 .net *"_ivl_24", 0 0, L_0x1385ce5b0;  1 drivers
v0x138560470_0 .net *"_ivl_27", 0 0, L_0x1385ce650;  1 drivers
v0x138560560_0 .net *"_ivl_29", 0 0, L_0x1385ce6f0;  1 drivers
v0x138560610_0 .net *"_ivl_30", 0 0, L_0x1385ce870;  1 drivers
L_0x13007b658 .functor BUFT 1, C4<001>, C4<0>, C4<0>, C4<0>;
v0x1385606c0_0 .net/2u *"_ivl_34", 2 0, L_0x13007b658;  1 drivers
v0x138560770_0 .net *"_ivl_36", 2 0, L_0x1385ce960;  1 drivers
L_0x13007b580 .functor BUFT 1, C4<00>, C4<0>, C4<0>, C4<0>;
v0x138560880_0 .net *"_ivl_5", 1 0, L_0x13007b580;  1 drivers
L_0x13007b5c8 .functor BUFT 1, C4<0001>, C4<0>, C4<0>, C4<0>;
v0x138560930_0 .net/2u *"_ivl_8", 3 0, L_0x13007b5c8;  1 drivers
v0x1385609e0_0 .net "almost_empty_o", 0 0, L_0x1385ce450;  1 drivers
v0x138560a80_0 .net "almost_full_o", 0 0, L_0x1385cea60;  1 drivers
v0x138560b20 .array "buffer", 7 0, 0 0;
v0x138560c40 .array "buffer_nxt", 7 0;
v0x138560c40_0 .net v0x138560c40 0, 0 0, L_0x1385cc250; 1 drivers
v0x138560c40_1 .net v0x138560c40 1, 0 0, L_0x1385cc5f0; 1 drivers
v0x138560c40_2 .net v0x138560c40 2, 0 0, L_0x1385cc910; 1 drivers
v0x138560c40_3 .net v0x138560c40 3, 0 0, L_0x1385cccf0; 1 drivers
v0x138560c40_4 .net v0x138560c40 4, 0 0, L_0x1385cd010; 1 drivers
v0x138560c40_5 .net v0x138560c40 5, 0 0, L_0x1385cd370; 1 drivers
v0x138560c40_6 .net v0x138560c40 6, 0 0, L_0x1385cd690; 1 drivers
v0x138560c40_7 .net v0x138560c40 7, 0 0, L_0x1385cdaf0; 1 drivers
v0x138560da0_0 .net "clk", 0 0, v0x13843e760_0;  alias, 1 drivers
v0x13f7bf610_0 .net "counter", 3 0, L_0x1385cec30;  alias, 1 drivers
v0x138561130_0 .net "data_i", 0 0, L_0x1385d1030;  alias, 1 drivers
v0x1385611c0_0 .net "data_o", 0 0, L_0x1385cddf0;  alias, 1 drivers
v0x138561250_0 .net "empty_o", 0 0, L_0x1385ce330;  alias, 1 drivers
v0x1385612e0_0 .net "full_o", 0 0, L_0x1385ce1a0;  1 drivers
v0x138561380_0 .var "rd_addr", 3 0;
v0x138561430_0 .net "rd_addr_inc", 3 0, L_0x1385ce000;  1 drivers
v0x1385614e0_0 .net "rd_addr_map", 2 0, L_0x1385ce210;  1 drivers
v0x138561590_0 .net "rd_valid_i", 0 0, L_0x1385d11a0;  alias, 1 drivers
v0x138561630_0 .net "rst_n", 0 0, v0x13843e800_0;  alias, 1 drivers
v0x13f7bf7a0_0 .var "wr_addr", 3 0;
v0x1385618c0_0 .net "wr_addr_inc", 3 0, L_0x1385cdee0;  1 drivers
v0x138561950_0 .net "wr_addr_map", 2 0, L_0x1385ce100;  1 drivers
v0x1385619e0_0 .net "wr_valid_i", 0 0, L_0x1385d0de0;  alias, 1 drivers
L_0x1385cdbd0 .array/port v0x138560b20, L_0x1385cdc90;
L_0x1385cdc90 .concat [ 3 2 0 0], L_0x1385ce210, L_0x13007b580;
L_0x1385cdee0 .arith/sum 4, v0x13f7bf7a0_0, L_0x13007b5c8;
L_0x1385ce000 .arith/sum 4, v0x138561380_0, L_0x13007b610;
L_0x1385ce100 .part v0x13f7bf7a0_0, 0, 3;
L_0x1385ce210 .part v0x138561380_0, 0, 3;
L_0x1385ce330 .cmp/eq 4, v0x13f7bf7a0_0, v0x138561380_0;
L_0x1385ce450 .cmp/eq 4, L_0x1385ce000, v0x13f7bf7a0_0;
L_0x1385ce5b0 .cmp/eq 3, L_0x1385ce100, L_0x1385ce210;
L_0x1385ce650 .part v0x13f7bf7a0_0, 3, 1;
L_0x1385ce6f0 .part v0x138561380_0, 3, 1;
L_0x1385ce960 .arith/sum 3, L_0x1385ce100, L_0x13007b658;
L_0x1385cea60 .cmp/eq 3, L_0x1385ce960, L_0x1385ce210;
L_0x1385cec30 .arith/sub 4, v0x13f7bf7a0_0, v0x138561380_0;
S_0x13855c520 .scope generate, "BUF_LOAD[0]" "BUF_LOAD[0]" 13 64, 13 64 0, S_0x13855bf00;
 .timescale -9 -12;
P_0x13855c700 .param/l "addr" 1 13 64, +C4<00>;
S_0x13855c7a0 .scope generate, "BUF_LOAD[1]" "BUF_LOAD[1]" 13 64, 13 64 0, S_0x13855bf00;
 .timescale -9 -12;
P_0x13855c910 .param/l "addr" 1 13 64, +C4<01>;
S_0x13855c990 .scope generate, "BUF_LOAD[2]" "BUF_LOAD[2]" 13 64, 13 64 0, S_0x13855bf00;
 .timescale -9 -12;
P_0x13855cb70 .param/l "addr" 1 13 64, +C4<010>;
S_0x13855cbf0 .scope generate, "BUF_LOAD[3]" "BUF_LOAD[3]" 13 64, 13 64 0, S_0x13855bf00;
 .timescale -9 -12;
P_0x13855cdb0 .param/l "addr" 1 13 64, +C4<011>;
S_0x13855ce50 .scope generate, "BUF_LOAD[4]" "BUF_LOAD[4]" 13 64, 13 64 0, S_0x13855bf00;
 .timescale -9 -12;
P_0x13855d050 .param/l "addr" 1 13 64, +C4<0100>;
S_0x13855d0f0 .scope generate, "BUF_LOAD[5]" "BUF_LOAD[5]" 13 64, 13 64 0, S_0x13855bf00;
 .timescale -9 -12;
P_0x13855d2b0 .param/l "addr" 1 13 64, +C4<0101>;
S_0x13855d330 .scope generate, "BUF_LOAD[6]" "BUF_LOAD[6]" 13 64, 13 64 0, S_0x13855bf00;
 .timescale -9 -12;
P_0x13855d4f0 .param/l "addr" 1 13 64, +C4<0110>;
S_0x13855d590 .scope generate, "BUF_LOAD[7]" "BUF_LOAD[7]" 13 64, 13 64 0, S_0x13855bf00;
 .timescale -9 -12;
P_0x13855d750 .param/l "addr" 1 13 64, +C4<0111>;
S_0x13855d7f0 .scope generate, "BUF_NXT_GEN[0]" "BUF_NXT_GEN[0]" 13 56, 13 56 0, S_0x13855bf00;
 .timescale -9 -12;
P_0x13855d010 .param/l "addr" 1 13 56, +C4<00>;
v0x13855da90_0 .net *"_ivl_1", 3 0, L_0x1385cc010;  1 drivers
L_0x13007b100 .functor BUFT 1, C4<0>, C4<0>, C4<0>, C4<0>;
v0x13855db40_0 .net *"_ivl_4", 0 0, L_0x13007b100;  1 drivers
L_0x13007b148 .functor BUFT 1, C4<0000>, C4<0>, C4<0>, C4<0>;
v0x13855dbf0_0 .net/2u *"_ivl_5", 3 0, L_0x13007b148;  1 drivers
v0x13855dcb0_0 .net *"_ivl_7", 0 0, L_0x1385cc110;  1 drivers
L_0x1385cc010 .concat [ 3 1 0 0], L_0x1385ce100, L_0x13007b100;
L_0x1385cc110 .cmp/eq 4, L_0x1385cc010, L_0x13007b148;
v0x138560b20_0 .array/port v0x138560b20, 0;
L_0x1385cc250 .functor MUXZ 1, v0x138560b20_0, L_0x1385d1030, L_0x1385cc110, C4<>;
S_0x13855dd50 .scope generate, "BUF_NXT_GEN[1]" "BUF_NXT_GEN[1]" 13 56, 13 56 0, S_0x13855bf00;
 .timescale -9 -12;
P_0x13855df20 .param/l "addr" 1 13 56, +C4<01>;
v0x13855dfc0_0 .net *"_ivl_1", 3 0, L_0x1385cc370;  1 drivers
L_0x13007b190 .functor BUFT 1, C4<0>, C4<0>, C4<0>, C4<0>;
v0x13855e070_0 .net *"_ivl_4", 0 0, L_0x13007b190;  1 drivers
L_0x13007b1d8 .functor BUFT 1, C4<0001>, C4<0>, C4<0>, C4<0>;
v0x13855e120_0 .net/2u *"_ivl_5", 3 0, L_0x13007b1d8;  1 drivers
v0x13855e1e0_0 .net *"_ivl_7", 0 0, L_0x1385cc4b0;  1 drivers
L_0x1385cc370 .concat [ 3 1 0 0], L_0x1385ce100, L_0x13007b190;
L_0x1385cc4b0 .cmp/eq 4, L_0x1385cc370, L_0x13007b1d8;
v0x138560b20_1 .array/port v0x138560b20, 1;
L_0x1385cc5f0 .functor MUXZ 1, v0x138560b20_1, L_0x1385d1030, L_0x1385cc4b0, C4<>;
S_0x13855e280 .scope generate, "BUF_NXT_GEN[2]" "BUF_NXT_GEN[2]" 13 56, 13 56 0, S_0x13855bf00;
 .timescale -9 -12;
P_0x13855e450 .param/l "addr" 1 13 56, +C4<010>;
v0x13855e4f0_0 .net *"_ivl_1", 3 0, L_0x1385cc6d0;  1 drivers
L_0x13007b220 .functor BUFT 1, C4<0>, C4<0>, C4<0>, C4<0>;
v0x13855e5a0_0 .net *"_ivl_4", 0 0, L_0x13007b220;  1 drivers
L_0x13007b268 .functor BUFT 1, C4<0010>, C4<0>, C4<0>, C4<0>;
v0x13855e650_0 .net/2u *"_ivl_5", 3 0, L_0x13007b268;  1 drivers
v0x13855e710_0 .net *"_ivl_7", 0 0, L_0x1385cc7d0;  1 drivers
L_0x1385cc6d0 .concat [ 3 1 0 0], L_0x1385ce100, L_0x13007b220;
L_0x1385cc7d0 .cmp/eq 4, L_0x1385cc6d0, L_0x13007b268;
v0x138560b20_2 .array/port v0x138560b20, 2;
L_0x1385cc910 .functor MUXZ 1, v0x138560b20_2, L_0x1385d1030, L_0x1385cc7d0, C4<>;
S_0x13855e7b0 .scope generate, "BUF_NXT_GEN[3]" "BUF_NXT_GEN[3]" 13 56, 13 56 0, S_0x13855bf00;
 .timescale -9 -12;
P_0x13855e980 .param/l "addr" 1 13 56, +C4<011>;
v0x13855ea20_0 .net *"_ivl_1", 3 0, L_0x1385cca70;  1 drivers
L_0x13007b2b0 .functor BUFT 1, C4<0>, C4<0>, C4<0>, C4<0>;
v0x13855ead0_0 .net *"_ivl_4", 0 0, L_0x13007b2b0;  1 drivers
L_0x13007b2f8 .functor BUFT 1, C4<0011>, C4<0>, C4<0>, C4<0>;
v0x13855eb80_0 .net/2u *"_ivl_5", 3 0, L_0x13007b2f8;  1 drivers
v0x13855ec40_0 .net *"_ivl_7", 0 0, L_0x1385ccbd0;  1 drivers
L_0x1385cca70 .concat [ 3 1 0 0], L_0x1385ce100, L_0x13007b2b0;
L_0x1385ccbd0 .cmp/eq 4, L_0x1385cca70, L_0x13007b2f8;
v0x138560b20_3 .array/port v0x138560b20, 3;
L_0x1385cccf0 .functor MUXZ 1, v0x138560b20_3, L_0x1385d1030, L_0x1385ccbd0, C4<>;
S_0x13855ece0 .scope generate, "BUF_NXT_GEN[4]" "BUF_NXT_GEN[4]" 13 56, 13 56 0, S_0x13855bf00;
 .timescale -9 -12;
P_0x13855eeb0 .param/l "addr" 1 13 56, +C4<0100>;
v0x13855ef50_0 .net *"_ivl_1", 4 0, L_0x1385ccdd0;  1 drivers
L_0x13007b340 .functor BUFT 1, C4<00>, C4<0>, C4<0>, C4<0>;
v0x13855f000_0 .net *"_ivl_4", 1 0, L_0x13007b340;  1 drivers
L_0x13007b388 .functor BUFT 1, C4<00100>, C4<0>, C4<0>, C4<0>;
v0x13855f0b0_0 .net/2u *"_ivl_5", 4 0, L_0x13007b388;  1 drivers
v0x13855f170_0 .net *"_ivl_7", 0 0, L_0x1385cced0;  1 drivers
L_0x1385ccdd0 .concat [ 3 2 0 0], L_0x1385ce100, L_0x13007b340;
L_0x1385cced0 .cmp/eq 5, L_0x1385ccdd0, L_0x13007b388;
v0x138560b20_4 .array/port v0x138560b20, 4;
L_0x1385cd010 .functor MUXZ 1, v0x138560b20_4, L_0x1385d1030, L_0x1385cced0, C4<>;
S_0x13855f210 .scope generate, "BUF_NXT_GEN[5]" "BUF_NXT_GEN[5]" 13 56, 13 56 0, S_0x13855bf00;
 .timescale -9 -12;
P_0x13855f3e0 .param/l "addr" 1 13 56, +C4<0101>;
v0x13855f480_0 .net *"_ivl_1", 4 0, L_0x1385cd0f0;  1 drivers
L_0x13007b3d0 .functor BUFT 1, C4<00>, C4<0>, C4<0>, C4<0>;
v0x13855f530_0 .net *"_ivl_4", 1 0, L_0x13007b3d0;  1 drivers
L_0x13007b418 .functor BUFT 1, C4<00101>, C4<0>, C4<0>, C4<0>;
v0x13855f5e0_0 .net/2u *"_ivl_5", 4 0, L_0x13007b418;  1 drivers
v0x13855f6a0_0 .net *"_ivl_7", 0 0, L_0x1385cd230;  1 drivers
L_0x1385cd0f0 .concat [ 3 2 0 0], L_0x1385ce100, L_0x13007b3d0;
L_0x1385cd230 .cmp/eq 5, L_0x1385cd0f0, L_0x13007b418;
v0x138560b20_5 .array/port v0x138560b20, 5;
L_0x1385cd370 .functor MUXZ 1, v0x138560b20_5, L_0x1385d1030, L_0x1385cd230, C4<>;
S_0x13855f740 .scope generate, "BUF_NXT_GEN[6]" "BUF_NXT_GEN[6]" 13 56, 13 56 0, S_0x13855bf00;
 .timescale -9 -12;
P_0x13855f910 .param/l "addr" 1 13 56, +C4<0110>;
v0x13855f9b0_0 .net *"_ivl_1", 4 0, L_0x1385cd450;  1 drivers
L_0x13007b460 .functor BUFT 1, C4<00>, C4<0>, C4<0>, C4<0>;
v0x13855fa60_0 .net *"_ivl_4", 1 0, L_0x13007b460;  1 drivers
L_0x13007b4a8 .functor BUFT 1, C4<00110>, C4<0>, C4<0>, C4<0>;
v0x13855fb10_0 .net/2u *"_ivl_5", 4 0, L_0x13007b4a8;  1 drivers
v0x13855fbd0_0 .net *"_ivl_7", 0 0, L_0x1385cd550;  1 drivers
L_0x1385cd450 .concat [ 3 2 0 0], L_0x1385ce100, L_0x13007b460;
L_0x1385cd550 .cmp/eq 5, L_0x1385cd450, L_0x13007b4a8;
v0x138560b20_6 .array/port v0x138560b20, 6;
L_0x1385cd690 .functor MUXZ 1, v0x138560b20_6, L_0x1385d1030, L_0x1385cd550, C4<>;
S_0x13855fc70 .scope generate, "BUF_NXT_GEN[7]" "BUF_NXT_GEN[7]" 13 56, 13 56 0, S_0x13855bf00;
 .timescale -9 -12;
P_0x13855fe40 .param/l "addr" 1 13 56, +C4<0111>;
v0x13855fee0_0 .net *"_ivl_1", 4 0, L_0x1385cd870;  1 drivers
L_0x13007b4f0 .functor BUFT 1, C4<00>, C4<0>, C4<0>, C4<0>;
v0x13855ff90_0 .net *"_ivl_4", 1 0, L_0x13007b4f0;  1 drivers
L_0x13007b538 .functor BUFT 1, C4<00111>, C4<0>, C4<0>, C4<0>;
v0x138560040_0 .net/2u *"_ivl_5", 4 0, L_0x13007b538;  1 drivers
v0x138560100_0 .net *"_ivl_7", 0 0, L_0x1385cda50;  1 drivers
L_0x1385cd870 .concat [ 3 2 0 0], L_0x1385ce100, L_0x13007b4f0;
L_0x1385cda50 .cmp/eq 5, L_0x1385cd870, L_0x13007b538;
v0x138560b20_7 .array/port v0x138560b20, 7;
L_0x1385cdaf0 .functor MUXZ 1, v0x138560b20_7, L_0x1385d1030, L_0x1385cda50, C4<>;
S_0x138561b80 .scope module, "mst_skid_buffer" "skid_buffer" 17 126, 7 1 0, S_0x13854fd40;
 .timescale -9 -12;
    .port_info 0 /INPUT 1 "clk";
    .port_info 1 /INPUT 1 "rst_n";
    .port_info 2 /INPUT 7 "bwd_data_i";
    .port_info 3 /INPUT 1 "bwd_valid_i";
    .port_info 4 /INPUT 1 "fwd_ready_i";
    .port_info 5 /OUTPUT 7 "fwd_data_o";
    .port_info 6 /OUTPUT 1 "bwd_ready_o";
    .port_info 7 /OUTPUT 1 "fwd_valid_o";
P_0x138561cf0 .param/l "DATA_WIDTH" 0 7 4, +C4<000000000000000000000000000000111>;
P_0x138561d30 .param/l "SBUF_TYPE" 0 7 3, +C4<00000000000000000000000000000011>;
v0x138565270_0 .net "bwd_data_i", 6 0, L_0x1385d1920;  alias, 1 drivers
v0x138565300_0 .net "bwd_ready_o", 0 0, L_0x1385cf740;  alias, 1 drivers
v0x1385653b0_0 .net "bwd_valid_i", 0 0, L_0x1385d1cb0;  alias, 1 drivers
v0x138565480_0 .net "clk", 0 0, v0x13843e760_0;  alias, 1 drivers
v0x138565510_0 .net "fwd_data_o", 6 0, v0x138564b80_0;  alias, 1 drivers
v0x1385655e0_0 .net "fwd_ready_i", 0 0, L_0x1385d1db0;  alias, 1 drivers
v0x138565670_0 .net "fwd_valid_o", 0 0, L_0x1385cfc50;  alias, 1 drivers
v0x138565700_0 .net "rst_n", 0 0, v0x13843e800_0;  alias, 1 drivers
S_0x138561fc0 .scope generate, "OPT_FWD_TIMING" "OPT_FWD_TIMING" 7 226, 7 226 0, S_0x138561b80;
 .timescale -9 -12;
P_0x138561e40 .param/l "ACTIVE_ST" 1 7 228, C4<0>;
P_0x138561e80 .param/l "PASSIVE_ST" 1 7 229, C4<1>;
L_0x1385cfc50 .functor BUFZ 1, v0x138564f40_0, C4<0>, C4<0>, C4<0>;
L_0x13007b6e8 .functor BUFT 1, C4<1>, C4<0>, C4<0>, C4<0>;
L_0x1385cfd00 .functor XNOR 1, v0x1385645f0_0, L_0x13007b6e8, C4<0>, C4<0>;
L_0x1385cfdf0 .functor NOT 1, v0x138564c20_0, C4<0>, C4<0>, C4<0>;
L_0x1385cfea0 .functor AND 1, L_0x1385cfd00, L_0x1385cfdf0, C4<1>, C4<1>;
L_0x13007b730 .functor BUFT 1, C4<1>, C4<0>, C4<0>, C4<0>;
L_0x1385d0190 .functor XNOR 1, v0x1385645f0_0, L_0x13007b730, C4<0>, C4<0>;
L_0x1385d02c0 .functor AND 1, L_0x1385d00b0, L_0x1385d0190, C4<1>, C4<1>;
L_0x1385d03f0 .functor NOT 1, L_0x1385d02c0, C4<0>, C4<0>, C4<0>;
L_0x1385d05c0 .functor AND 1, L_0x1385d03f0, L_0x1385d04a0, C4<1>, C4<1>;
L_0x1385d0700 .functor OR 1, L_0x1385d0930, L_0x1385d1db0, C4<0>, C4<0>;
L_0x1385d0770 .functor OR 1, L_0x1385d0a90, L_0x1385d1db0, C4<0>, C4<0>;
L_0x13007b778 .functor BUFT 1, C4<0>, C4<0>, C4<0>, C4<0>;
L_0x1385d0880 .functor XNOR 1, v0x1385645f0_0, L_0x13007b778, C4<0>, C4<0>;
L_0x1385d0930 .functor AND 1, L_0x1385d0880, L_0x1385cf910, C4<1>, C4<1>;
L_0x1385d0a90 .functor BUFZ 1, L_0x1385d0930, C4<0>, C4<0>, C4<0>;
L_0x13007b7c0 .functor BUFT 1, C4<0>, C4<0>, C4<0>, C4<0>;
L_0x1385d0b40 .functor XNOR 1, v0x1385645f0_0, L_0x13007b7c0, C4<0>, C4<0>;
L_0x13007b808 .functor BUFT 1, C4<1>, C4<0>, C4<0>, C4<0>;
L_0x1385d0a20 .functor XNOR 1, v0x1385645f0_0, L_0x13007b808, C4<0>, C4<0>;
L_0x1385d0cf0 .functor AND 1, L_0x1385d0a20, v0x138564c20_0, C4<1>, C4<1>;
L_0x1385d0e70 .functor AND 1, L_0x1385d0cf0, v0x138564f40_0, C4<1>, C4<1>;
L_0x1385d0ee0 .functor OR 1, L_0x1385d0b40, L_0x1385d0e70, C4<0>, C4<0>;
v0x138563ab0_0 .net *"_ivl_15", 0 0, L_0x1385d00b0;  1 drivers
v0x138563b40_0 .net/2u *"_ivl_16", 0 0, L_0x13007b730;  1 drivers
v0x138563bd0_0 .net *"_ivl_18", 0 0, L_0x1385d0190;  1 drivers
v0x138563c60_0 .net *"_ivl_20", 0 0, L_0x1385d02c0;  1 drivers
v0x138563cf0_0 .net *"_ivl_22", 0 0, L_0x1385d03f0;  1 drivers
v0x138563da0_0 .net *"_ivl_24", 0 0, L_0x1385d04a0;  1 drivers
v0x138563e50_0 .net/2u *"_ivl_32", 0 0, L_0x13007b778;  1 drivers
v0x138563f00_0 .net *"_ivl_34", 0 0, L_0x1385d0880;  1 drivers
v0x138563fa0_0 .net/2u *"_ivl_4", 0 0, L_0x13007b6e8;  1 drivers
v0x1385640b0_0 .net/2u *"_ivl_40", 0 0, L_0x13007b7c0;  1 drivers
v0x138564160_0 .net *"_ivl_42", 0 0, L_0x1385d0b40;  1 drivers
v0x138564200_0 .net/2u *"_ivl_44", 0 0, L_0x13007b808;  1 drivers
v0x1385642b0_0 .net *"_ivl_46", 0 0, L_0x1385d0a20;  1 drivers
v0x138564350_0 .net *"_ivl_48", 0 0, L_0x1385d0cf0;  1 drivers
v0x138564400_0 .net *"_ivl_50", 0 0, L_0x1385d0e70;  1 drivers
v0x1385644b0_0 .net *"_ivl_6", 0 0, L_0x1385cfd00;  1 drivers
v0x138564550_0 .net *"_ivl_8", 0 0, L_0x1385cfdf0;  1 drivers
v0x1385646e0_0 .net "fifo_rd_data", 6 0, L_0x1385cef30;  1 drivers
v0x138564790_0 .net "fifo_rd_ready", 0 0, L_0x1385cf910;  1 drivers
v0x138564820_0 .net "fifo_rd_valid", 0 0, L_0x1385d0ee0;  1 drivers
v0x1385648b0_0 .var "fwd_bckp_data_q", 6 0;
v0x138564940_0 .var "fwd_bckp_valid_q", 0 0;
v0x1385649d0_0 .net "fwd_data_d", 6 0, L_0x1385cffd0;  1 drivers
v0x138564a60_0 .net "fwd_data_en", 0 0, L_0x1385d0700;  1 drivers
v0x138564af0_0 .net "fwd_data_ien", 0 0, L_0x1385d0930;  1 drivers
v0x138564b80_0 .var "fwd_data_q", 6 0;
v0x138564c20_0 .var "fwd_ready_q", 0 0;
v0x138564cc0_0 .net "fwd_sel", 0 0, L_0x1385cfea0;  1 drivers
v0x138564d60_0 .net "fwd_valid_d", 0 0, L_0x1385d05c0;  1 drivers
v0x138564e00_0 .net "fwd_valid_en", 0 0, L_0x1385d0770;  1 drivers
v0x138564ea0_0 .net "fwd_valid_ien", 0 0, L_0x1385d0a90;  1 drivers
v0x138564f40_0 .var "fwd_valid_q", 0 0;
v0x138564fe0_0 .var "sb_state_d", 0 0;
v0x1385645f0_0 .var "sb_state_q", 0 0;
E_0x1385621f0 .event anyedge, v0x1385645f0_0, v0x138563590_0, v0x138564f40_0;
L_0x1385cffd0 .functor MUXZ 7, L_0x1385cef30, v0x1385648b0_0, L_0x1385cfea0, C4<>;
L_0x1385d00b0 .reduce/nor v0x138564f40_0;
L_0x1385d04a0 .functor MUXZ 1, L_0x1385cf910, v0x138564940_0, L_0x1385cfea0, C4<>;
S_0x138562250 .scope module, "fifo" "sb_fifo" 7 256, 15 1 0, S_0x138561fc0;
 .timescale -9 -12;
    .port_info 0 /INPUT 1 "clk";
    .port_info 1 /INPUT 7 "data_i";
    .port_info 2 /OUTPUT 7 "data_o";
    .port_info 3 /INPUT 1 "wr_valid_i";
    .port_info 4 /INPUT 1 "rd_valid_i";
    .port_info 5 /OUTPUT 1 "wr_ready_o";
    .port_info 6 /OUTPUT 1 "rd_ready_o";
    .port_info 7 /INPUT 1 "rst_n";
P_0x138562420 .param/l "ADDR_WIDTH" 0 15 7, +C4<00000000000000000000000000000001>;
P_0x138562460 .param/l "DATA_WIDTH" 0 15 4, +C4<000000000000000000000000000000111>;
P_0x1385624a0 .param/l "FIFO_DEPTH" 0 15 5, +C4<00000000000000000000000000000010>;
L_0x1385cef30 .functor BUFZ 7, L_0x1385cecd0, C4<0000000>, C4<0000000>, C4<0000000>;
L_0x1385cf1d0 .functor XOR 1, L_0x1385cf020, L_0x1385cf100, C4<0>, C4<0>;
L_0x1385cf480 .functor XOR 1, L_0x1385cf2c0, L_0x1385cf360, C4<0>, C4<0>;
L_0x1385cf650 .functor AND 1, L_0x1385cf1d0, L_0x1385cf570, C4<1>, C4<1>;
L_0x1385cf740 .functor NOT 1, L_0x1385cf650, C4<0>, C4<0>, C4<0>;
L_0x1385cf820 .functor XOR 2, v0x138563500_0, v0x138563800_0, C4<00>, C4<00>;
L_0x1385cfa40 .functor AND 1, L_0x1385d0ee0, L_0x1385cf910, C4<1>, C4<1>;
L_0x1385cfaf0 .functor AND 1, L_0x1385d1cb0, L_0x1385cf740, C4<1>, C4<1>;
v0x138562840_0 .net *"_ivl_0", 6 0, L_0x1385cecd0;  1 drivers
v0x1385628d0_0 .net *"_ivl_11", 0 0, L_0x1385cf020;  1 drivers
v0x138562960_0 .net *"_ivl_13", 0 0, L_0x1385cf100;  1 drivers
v0x1385629f0_0 .net *"_ivl_14", 0 0, L_0x1385cf1d0;  1 drivers
v0x138562a80_0 .net *"_ivl_17", 0 0, L_0x1385cf2c0;  1 drivers
v0x138562b20_0 .net *"_ivl_19", 0 0, L_0x1385cf360;  1 drivers
v0x138562bd0_0 .net *"_ivl_20", 0 0, L_0x1385cf480;  1 drivers
v0x138562c80_0 .net *"_ivl_23", 0 0, L_0x1385cf570;  1 drivers
v0x138562d20_0 .net *"_ivl_24", 0 0, L_0x1385cf650;  1 drivers
v0x138562e30_0 .net *"_ivl_28", 1 0, L_0x1385cf820;  1 drivers
v0x138562ee0_0 .net *"_ivl_3", 0 0, L_0x1385ced70;  1 drivers
v0x138562f90_0 .net *"_ivl_4", 2 0, L_0x1385cee10;  1 drivers
L_0x13007b6a0 .functor BUFT 1, C4<00>, C4<0>, C4<0>, C4<0>;
v0x138563040_0 .net *"_ivl_7", 1 0, L_0x13007b6a0;  1 drivers
v0x1385630f0_0 .net "clk", 0 0, v0x13843e760_0;  alias, 1 drivers
v0x138563180_0 .net "data_i", 6 0, L_0x1385d1920;  alias, 1 drivers
v0x138563230_0 .net "data_o", 6 0, L_0x1385cef30;  alias, 1 drivers
v0x1385632e0 .array "mem", 0 1, 6 0;
v0x138563470_0 .net "rd_handshake", 0 0, L_0x1385cfa40;  1 drivers
v0x138563500_0 .var "rd_ptr", 1 0;
v0x138563590_0 .net "rd_ready_o", 0 0, L_0x1385cf910;  alias, 1 drivers
v0x138563630_0 .net "rd_valid_i", 0 0, L_0x1385d0ee0;  alias, 1 drivers
v0x1385636d0_0 .net "rst_n", 0 0, v0x13843e800_0;  alias, 1 drivers
v0x138563760_0 .net "wr_handshake", 0 0, L_0x1385cfaf0;  1 drivers
v0x138563800_0 .var "wr_ptr", 1 0;
v0x1385638b0_0 .net "wr_ready_o", 0 0, L_0x1385cf740;  alias, 1 drivers
v0x138563950_0 .net "wr_valid_i", 0 0, L_0x1385d1cb0;  alias, 1 drivers
L_0x1385cecd0 .array/port v0x1385632e0, L_0x1385cee10;
L_0x1385ced70 .part v0x138563500_0, 0, 1;
L_0x1385cee10 .concat [ 1 2 0 0], L_0x1385ced70, L_0x13007b6a0;
L_0x1385cf020 .part v0x138563500_0, 1, 1;
L_0x1385cf100 .part v0x138563800_0, 1, 1;
L_0x1385cf2c0 .part v0x138563500_0, 0, 1;
L_0x1385cf360 .part v0x138563800_0, 0, 1;
L_0x1385cf570 .reduce/nor L_0x1385cf480;
L_0x1385cf910 .reduce/or L_0x1385cf820;
S_0x138567b80 .scope generate, "SLV_LOGIC[0]" "SLV_LOGIC[0]" 16 94, 16 94 0, S_0x138543cf0;
 .timescale -9 -12;
P_0x13848f4d0 .param/l "slv_idx" 1 16 94, +C4<00>;
v0x138567db0_0 .net *"_ivl_0", 31 0, L_0x1385b7b70;  1 drivers
L_0x1300793c0 .functor BUFT 1, C4<00000000000000000000000000001000>, C4<0>, C4<0>, C4<0>;
v0x138567e40_0 .net/2u *"_ivl_10", 31 0, L_0x1300793c0;  1 drivers
v0x138567ef0_0 .net *"_ivl_12", 0 0, L_0x1385b7f60;  1 drivers
L_0x130079330 .functor BUFT 1, C4<0000000000000000000000000000>, C4<0>, C4<0>, C4<0>;
v0x138567fa0_0 .net *"_ivl_3", 27 0, L_0x130079330;  1 drivers
v0x138568050_0 .net *"_ivl_4", 31 0, L_0x1385b7e20;  1 drivers
L_0x130079378 .functor BUFT 1, C4<0000000000000000000000000000>, C4<0>, C4<0>, C4<0>;
v0x138568140_0 .net *"_ivl_7", 27 0, L_0x130079378;  1 drivers
v0x1385681f0_0 .net *"_ivl_8", 31 0, L_0x1385b7ec0;  1 drivers
L_0x1385b7b70 .concat [ 4 28 0 0], L_0x1385bc930, L_0x130079330;
L_0x1385b7e20 .concat [ 4 28 0 0], L_0x1385cec30, L_0x130079378;
L_0x1385b7ec0 .arith/sum 32, L_0x1385b7b70, L_0x1385b7e20;
L_0x1385b7f60 .cmp/eq 32, L_0x1385b7ec0, L_0x1300793c0;
S_0x1385682a0 .scope generate, "SLV_LOGIC[1]" "SLV_LOGIC[1]" 16 94, 16 94 0, S_0x138543cf0;
 .timescale -9 -12;
P_0x138568470 .param/l "slv_idx" 1 16 94, +C4<01>;
v0x138568510_0 .net *"_ivl_0", 31 0, L_0x1385b8120;  1 drivers
L_0x130079498 .functor BUFT 1, C4<00000000000000000000000000001000>, C4<0>, C4<0>, C4<0>;
v0x1385685a0_0 .net/2u *"_ivl_10", 31 0, L_0x130079498;  1 drivers
v0x138568650_0 .net *"_ivl_12", 0 0, L_0x1385b8500;  1 drivers
L_0x130079408 .functor BUFT 1, C4<0000000000000000000000000000>, C4<0>, C4<0>, C4<0>;
v0x138568700_0 .net *"_ivl_3", 27 0, L_0x130079408;  1 drivers
v0x1385687b0_0 .net *"_ivl_4", 31 0, L_0x1385b8260;  1 drivers
L_0x130079450 .functor BUFT 1, C4<0000000000000000000000000000>, C4<0>, C4<0>, C4<0>;
v0x1385688a0_0 .net *"_ivl_7", 27 0, L_0x130079450;  1 drivers
v0x138568950_0 .net *"_ivl_8", 31 0, L_0x1385b83c0;  1 drivers
L_0x1385b8120 .concat [ 4 28 0 0], L_0x1385bc930, L_0x130079408;
L_0x1385b8260 .concat [ 4 28 0 0], L_0x1385cec30, L_0x130079450;
L_0x1385b83c0 .arith/sum 32, L_0x1385b8120, L_0x1385b8260;
L_0x1385b8500 .cmp/eq 32, L_0x1385b83c0, L_0x130079498;
S_0x138568a00 .scope module, "W_channel" "dsp_W_channel" 16 144, 18 1 0, S_0x138543cf0;
 .timescale -9 -12;
    .port_info 0 /INPUT 1 "ACLK_i";
    .port_info 1 /INPUT 1 "ARESETn_i";
    .port_info 2 /INPUT 32 "m_WDATA_i";
    .port_info 3 /INPUT 1 "m_WLAST_i";
    .port_info 4 /INPUT 1 "m_WVALID_i";
    .port_info 5 /INPUT 2 "sa_WREADY_i";
    .port_info 6 /INPUT 1 "dsp_AW_slv_id_i";
    .port_info 7 /INPUT 1 "dsp_AW_disable_i";
    .port_info 8 /OUTPUT 1 "m_WREADY_o";
    .port_info 9 /OUTPUT 64 "sa_WDATA_o";
    .port_info 10 /OUTPUT 2 "sa_WLAST_o";
    .port_info 11 /OUTPUT 2 "sa_WVALID_o";
    .port_info 12 /OUTPUT 1 "dsp_AW_WVALID_o";
    .port_info 13 /OUTPUT 1 "dsp_AW_WREADY_o";
P_0x138568c00 .param/l "DATA_WIDTH" 0 18 6, +C4<00000000000000000000000000100000>;
P_0x138568c40 .param/l "SLV_AMT" 0 18 4, +C4<00000000000000000000000000000010>;
P_0x138568c80 .param/l "SLV_ID_LSB_IDX" 0 18 10, +C4<000000000000000000000000000011111>;
P_0x138568cc0 .param/l "SLV_ID_MSB_IDX" 0 18 9, +C4<000000000000000000000000000011111>;
P_0x138568d00 .param/l "SLV_ID_VALID_W" 1 18 41, +C4<000000000000000000000000000000010>;
P_0x138568d40 .param/l "SLV_ID_W" 0 18 8, +C4<00000000000000000000000000000001>;
P_0x138568d80 .param/l "W_INFO_W" 1 18 42, +C4<000000000000000000000000000100001>;
L_0x1385c48b0 .functor BUFZ 1, v0x13856e7b0_0, C4<0>, C4<0>, C4<0>;
L_0x1385c4920 .functor BUFZ 1, L_0x1385c3f70, C4<0>, C4<0>, C4<0>;
L_0x1385c4a10 .functor BUFZ 1, L_0x1385c4cb0, C4<0>, C4<0>, C4<0>;
L_0x138571b40 .functor BUFZ 1, L_0x1385af110, C4<0>, C4<0>, C4<0>;
L_0x1385c4ba0 .functor NOT 1, L_0x1385c09e0, C4<0>, C4<0>, C4<0>;
L_0x1385c4cb0 .functor AND 1, L_0x1385c4ba0, L_0x1385c4c10, C4<1>, C4<1>;
L_0x1385c4f70 .functor BUFZ 33, L_0x1385c3da0, C4<000000000000000000000000000000000>, C4<000000000000000000000000000000000>, C4<000000000000000000000000000000000>;
v0x138570430_0 .net "ACLK_i", 0 0, v0x13843e760_0;  alias, 1 drivers
v0x1385704c0_0 .net "ARESETn_i", 0 0, v0x13843e800_0;  alias, 1 drivers
v0x138570560_0 .net *"_ivl_29", 0 0, L_0x1385c4ba0;  1 drivers
v0x138570610_0 .net *"_ivl_32", 0 0, L_0x1385c4c10;  1 drivers
v0x1385706c0_0 .net *"_ivl_39", 32 0, L_0x1385c4f70;  1 drivers
v0x1385707b0_0 .net "dsp_AW_WREADY_o", 0 0, L_0x1385c4a10;  alias, 1 drivers
v0x138570840_0 .net "dsp_AW_WVALID_o", 0 0, L_0x1385c4920;  alias, 1 drivers
v0x1385708f0_0 .net "dsp_AW_disable_i", 0 0, L_0x1385c09e0;  alias, 1 drivers
v0x1385709a0_0 .net "dsp_AW_slv_id_i", 0 0, L_0x1385c0590;  alias, 1 drivers
v0x138570ab0_0 .net "m_WDATA_i", 31 0, L_0x1385aef00;  alias, 1 drivers
v0x138570b40_0 .net "m_WLAST_i", 0 0, L_0x1385af020;  alias, 1 drivers
v0x138570bd0_0 .net "m_WREADY_o", 0 0, L_0x1385c48b0;  alias, 1 drivers
v0x138570c60_0 .net "m_WVALID_i", 0 0, L_0x1385af110;  alias, 1 drivers
v0x138570cf0_0 .net "msb_bwd_data", 32 0, L_0x1385c4b00;  1 drivers
v0x138570db0_0 .net "msb_bwd_ready", 0 0, v0x13856e7b0_0;  1 drivers
v0x138570e60_0 .net "msb_bwd_valid", 0 0, L_0x138571b40;  1 drivers
v0x138570f10_0 .net "msb_fwd_WDATA", 31 0, L_0x1385c4de0;  1 drivers
v0x1385710a0_0 .net "msb_fwd_WLAST", 0 0, L_0x1385c4ed0;  1 drivers
v0x138571130_0 .net "msb_fwd_data", 32 0, L_0x1385c3da0;  1 drivers
v0x1385711f0_0 .net "msb_fwd_ready", 0 0, L_0x1385c4cb0;  1 drivers
v0x138571280_0 .net "msb_fwd_valid", 0 0, L_0x1385c3f70;  1 drivers
v0x138571310_0 .net "sa_WDATA_o", 63 0, L_0x1385c0e60;  alias, 1 drivers
v0x1385713a0_0 .net "sa_WLAST_o", 1 0, L_0x1385c0ff0;  alias, 1 drivers
v0x138571430_0 .net "sa_WREADY_i", 1 0, L_0x1385b3cf0;  alias, 1 drivers
v0x1385714c0_0 .net "sa_WVALID_o", 1 0, L_0x1385c11c0;  alias, 1 drivers
v0x138571560_0 .net "slv_id_valid", 1 0, L_0x1385c4690;  1 drivers
v0x138571620_0 .net "slv_sel", 1 0, L_0x1385c1670;  1 drivers
L_0x1385c0d50 .part L_0x1385c1670, 0, 1;
L_0x1385c0e60 .concat8 [ 32 32 0 0], L_0x1385c0c70, L_0x1385c0f00;
L_0x1385c0ff0 .concat8 [ 1 1 0 0], L_0x1385c0ce0, L_0x1385c10d0;
L_0x1385c11c0 .concat8 [ 1 1 0 0], L_0x1385c0df0, L_0x1385c1340;
L_0x1385c12a0 .part L_0x1385c1670, 1, 1;
L_0x1385c4690 .concat [ 1 1 0 0], L_0x1385c0590, L_0x1385c09e0;
L_0x1385c4b00 .concat [ 1 32 0 0], L_0x1385af020, L_0x1385aef00;
L_0x1385c4c10 .part/v L_0x1385b3cf0, L_0x1385c0590, 1;
L_0x1385c4de0 .part L_0x1385c4f70, 1, 32;
L_0x1385c4ed0 .part L_0x1385c4f70, 0, 1;
S_0x138569360 .scope generate, "SLV_LOGIC[0]" "SLV_LOGIC[0]" 18 92, 18 92 0, S_0x138568a00;
 .timescale -9 -12;
P_0x138569520 .param/l "slv_idx" 1 18 92, +C4<00>;
L_0x1385c0c70 .functor BUFZ 32, L_0x1385c4de0, C4<00000000000000000000000000000000>, C4<00000000000000000000000000000000>, C4<00000000000000000000000000000000>;
L_0x1385c0ce0 .functor BUFZ 1, L_0x1385c4ed0, C4<0>, C4<0>, C4<0>;
L_0x1385c0df0 .functor AND 1, L_0x1385c3f70, L_0x1385c0d50, C4<1>, C4<1>;
v0x138569110_0 .net *"_ivl_1", 31 0, L_0x1385c0c70;  1 drivers
v0x1385695c0_0 .net *"_ivl_3", 0 0, L_0x1385c0ce0;  1 drivers
v0x138569670_0 .net *"_ivl_4", 0 0, L_0x1385c0d50;  1 drivers
v0x138569730_0 .net *"_ivl_5", 0 0, L_0x1385c0df0;  1 drivers
S_0x1385697e0 .scope generate, "SLV_LOGIC[1]" "SLV_LOGIC[1]" 18 92, 18 92 0, S_0x138568a00;
 .timescale -9 -12;
P_0x1385699c0 .param/l "slv_idx" 1 18 92, +C4<01>;
L_0x1385c0f00 .functor BUFZ 32, L_0x1385c4de0, C4<00000000000000000000000000000000>, C4<00000000000000000000000000000000>, C4<00000000000000000000000000000000>;
L_0x1385c10d0 .functor BUFZ 1, L_0x1385c4ed0, C4<0>, C4<0>, C4<0>;
L_0x1385c1340 .functor AND 1, L_0x1385c3f70, L_0x1385c12a0, C4<1>, C4<1>;
v0x138569a50_0 .net *"_ivl_1", 31 0, L_0x1385c0f00;  1 drivers
v0x138569b00_0 .net *"_ivl_3", 0 0, L_0x1385c10d0;  1 drivers
v0x138569bb0_0 .net *"_ivl_4", 0 0, L_0x1385c12a0;  1 drivers
v0x138569c70_0 .net *"_ivl_5", 0 0, L_0x1385c1340;  1 drivers
S_0x138569d20 .scope module, "mst_skid_buffer" "skid_buffer" 18 73, 7 1 0, S_0x138568a00;
 .timescale -9 -12;
    .port_info 0 /INPUT 1 "clk";
    .port_info 1 /INPUT 1 "rst_n";
    .port_info 2 /INPUT 33 "bwd_data_i";
    .port_info 3 /INPUT 1 "bwd_valid_i";
    .port_info 4 /INPUT 1 "fwd_ready_i";
    .port_info 5 /OUTPUT 33 "fwd_data_o";
    .port_info 6 /OUTPUT 1 "bwd_ready_o";
    .port_info 7 /OUTPUT 1 "fwd_valid_o";
P_0x138569f00 .param/l "DATA_WIDTH" 0 7 4, +C4<000000000000000000000000000100001>;
P_0x138569f40 .param/l "SBUF_TYPE" 0 7 3, +C4<00000000000000000000000000000001>;
v0x13856ef60_0 .net "bwd_data_i", 32 0, L_0x1385c4b00;  alias, 1 drivers
v0x13856eff0_0 .net "bwd_ready_o", 0 0, v0x13856e7b0_0;  alias, 1 drivers
v0x13856f080_0 .net "bwd_valid_i", 0 0, L_0x138571b40;  alias, 1 drivers
v0x13856f130_0 .net "clk", 0 0, v0x13843e760_0;  alias, 1 drivers
v0x13856f1c0_0 .net "fwd_data_o", 32 0, L_0x1385c3da0;  alias, 1 drivers
v0x13856f290_0 .net "fwd_ready_i", 0 0, L_0x1385c4cb0;  alias, 1 drivers
v0x13856f330_0 .net "fwd_valid_o", 0 0, L_0x1385c3f70;  alias, 1 drivers
v0x13856f3d0_0 .net "rst_n", 0 0, v0x13843e800_0;  alias, 1 drivers
S_0x13856a260 .scope generate, "OPT_BWD_TIMING" "OPT_BWD_TIMING" 7 94, 7 94 0, S_0x138569d20;
 .timescale -9 -12;
L_0x1385c3a00 .functor NOT 1, L_0x1385c3920, C4<0>, C4<0>, C4<0>;
L_0x1385c3ab0 .functor NOT 1, L_0x1385c3600, C4<0>, C4<0>, C4<0>;
L_0x1385c3b20 .functor AND 1, L_0x1385c3a00, L_0x1385c3ab0, C4<1>, C4<1>;
L_0x1385c3c10 .functor NOT 1, L_0x1385c2d00, C4<0>, C4<0>, C4<0>;
L_0x1385c3cb0 .functor AND 1, L_0x1385c3b20, L_0x1385c3c10, C4<1>, C4<1>;
L_0x1385c3e80 .functor NOT 1, L_0x1385c2e90, C4<0>, C4<0>, C4<0>;
L_0x1385c3f70 .functor OR 1, L_0x1385c4560, L_0x1385c3e80, C4<0>, C4<0>;
L_0x1385c4060 .functor BUFZ 33, v0x13856e520_0, C4<000000000000000000000000000000000>, C4<000000000000000000000000000000000>, C4<000000000000000000000000000000000>;
L_0x1385c4160 .functor NOT 1, L_0x1385c2e90, C4<0>, C4<0>, C4<0>;
L_0x1385c41d0 .functor NOT 1, L_0x1385c4440, C4<0>, C4<0>, C4<0>;
L_0x1385c42a0 .functor OR 1, L_0x1385c4160, L_0x1385c41d0, C4<0>, C4<0>;
L_0x1385c4310 .functor AND 1, L_0x1385c4560, L_0x1385c42a0, C4<1>, C4<1>;
L_0x1385c44b0 .functor BUFZ 1, L_0x1385c4440, C4<0>, C4<0>, C4<0>;
L_0x1385c4560 .functor AND 1, v0x13856e710_0, v0x13856e850_0, C4<1>, C4<1>;
L_0x1385c4440 .functor AND 1, L_0x1385c4cb0, L_0x1385c3f70, C4<1>, C4<1>;
v0x13856de70_0 .net *"_ivl_10", 0 0, L_0x1385c3b20;  1 drivers
v0x13856df00_0 .net *"_ivl_12", 0 0, L_0x1385c3c10;  1 drivers
v0x13856df90_0 .net *"_ivl_18", 0 0, L_0x1385c3e80;  1 drivers
L_0x13007a458 .functor BUFT 1, C4<010>, C4<0>, C4<0>, C4<0>;
v0x13856e020_0 .net/2u *"_ivl_2", 2 0, L_0x13007a458;  1 drivers
v0x13856e0b0_0 .net *"_ivl_24", 0 0, L_0x1385c4160;  1 drivers
v0x13856e160_0 .net *"_ivl_26", 0 0, L_0x1385c41d0;  1 drivers
v0x13856e210_0 .net *"_ivl_28", 0 0, L_0x1385c42a0;  1 drivers
v0x13856e2c0_0 .net *"_ivl_4", 0 0, L_0x1385c3920;  1 drivers
v0x13856e360_0 .net *"_ivl_6", 0 0, L_0x1385c3a00;  1 drivers
v0x13856e470_0 .net *"_ivl_8", 0 0, L_0x1385c3ab0;  1 drivers
v0x13856e520_0 .var "bwd_data_q", 32 0;
v0x13856e5d0_0 .net "bwd_handshake", 0 0, L_0x1385c4560;  1 drivers
v0x13856e670_0 .net "bwd_ready_d", 0 0, L_0x1385c3cb0;  1 drivers
v0x13856e710_0 .var "bwd_ready_prev_q", 0 0;
v0x13856e7b0_0 .var "bwd_ready_q", 0 0;
v0x13856e850_0 .var "bwd_valid_q", 0 0;
v0x13856e8f0_0 .net "fwd_handshake", 0 0, L_0x1385c4440;  1 drivers
v0x13856ea80_0 .net "inter_fifo_almost_full", 0 0, L_0x1385c3600;  1 drivers
v0x13856eb10_0 .net "inter_fifo_counter", 2 0, L_0x1385c3810;  1 drivers
v0x13856eba0_0 .net "inter_fifo_data_i", 32 0, L_0x1385c4060;  1 drivers
v0x13856ec30_0 .net "inter_fifo_data_o", 32 0, L_0x1385c2970;  1 drivers
v0x13856ecc0_0 .net "inter_fifo_empty", 0 0, L_0x1385c2e90;  1 drivers
v0x13856ed50_0 .net "inter_fifo_full", 0 0, L_0x1385c2d00;  1 drivers
v0x13856ee00_0 .net "inter_fifo_rd_en", 0 0, L_0x1385c44b0;  1 drivers
v0x13856eeb0_0 .net "inter_fifo_wr_en", 0 0, L_0x1385c4310;  1 drivers
L_0x1385c3920 .cmp/eq 3, L_0x1385c3810, L_0x13007a458;
L_0x1385c3da0 .functor MUXZ 33, L_0x1385c2970, v0x13856e520_0, L_0x1385c2e90, C4<>;
S_0x13856a3d0 .scope module, "fifo" "fifo" 7 122, 13 2 0, S_0x13856a260;
 .timescale -9 -12;
    .port_info 0 /INPUT 1 "clk";
    .port_info 1 /INPUT 33 "data_i";
    .port_info 2 /OUTPUT 33 "data_o";
    .port_info 3 /INPUT 1 "wr_valid_i";
    .port_info 4 /INPUT 1 "rd_valid_i";
    .port_info 5 /OUTPUT 1 "empty_o";
    .port_info 6 /OUTPUT 1 "full_o";
    .port_info 7 /OUTPUT 1 "almost_empty_o";
    .port_info 8 /OUTPUT 1 "almost_full_o";
    .port_info 9 /OUTPUT 3 "counter";
    .port_info 10 /INPUT 1 "rst_n";
P_0x13856a5a0 .param/l "ADDR_WIDTH" 0 13 7, +C4<00000000000000000000000000000010>;
P_0x13856a5e0 .param/l "DATA_WIDTH" 0 13 4, +C4<000000000000000000000000000100001>;
P_0x13856a620 .param/l "FIFO_DEPTH" 0 13 5, +C4<00000000000000000000000000000100>;
L_0x1385c2970 .functor BUFZ 33, L_0x1385c2750, C4<000000000000000000000000000000000>, C4<000000000000000000000000000000000>, C4<000000000000000000000000000000000>;
L_0x1385c33d0 .functor XOR 1, L_0x1385c31b0, L_0x1385c3250, C4<0>, C4<0>;
L_0x1385c2d00 .functor AND 1, L_0x1385c3110, L_0x1385c33d0, C4<1>, C4<1>;
v0x13856c750_0 .net *"_ivl_0", 32 0, L_0x1385c2750;  1 drivers
L_0x13007a3c8 .functor BUFT 1, C4<001>, C4<0>, C4<0>, C4<0>;
v0x13856c810_0 .net/2u *"_ivl_12", 2 0, L_0x13007a3c8;  1 drivers
v0x13856c8c0_0 .net *"_ivl_2", 3 0, L_0x1385c2810;  1 drivers
v0x13856c980_0 .net *"_ivl_24", 0 0, L_0x1385c3110;  1 drivers
v0x13856ca20_0 .net *"_ivl_27", 0 0, L_0x1385c31b0;  1 drivers
v0x13856cb10_0 .net *"_ivl_29", 0 0, L_0x1385c3250;  1 drivers
v0x13856cbc0_0 .net *"_ivl_30", 0 0, L_0x1385c33d0;  1 drivers
L_0x13007a410 .functor BUFT 1, C4<01>, C4<0>, C4<0>, C4<0>;
v0x13856cc70_0 .net/2u *"_ivl_34", 1 0, L_0x13007a410;  1 drivers
v0x13856cd20_0 .net *"_ivl_36", 1 0, L_0x1385c3500;  1 drivers
L_0x13007a338 .functor BUFT 1, C4<00>, C4<0>, C4<0>, C4<0>;
v0x13856ce30_0 .net *"_ivl_5", 1 0, L_0x13007a338;  1 drivers
L_0x13007a380 .functor BUFT 1, C4<001>, C4<0>, C4<0>, C4<0>;
v0x13856cee0_0 .net/2u *"_ivl_8", 2 0, L_0x13007a380;  1 drivers
v0x13856cf90_0 .net "almost_empty_o", 0 0, L_0x1385c2fb0;  1 drivers
v0x13856d030_0 .net "almost_full_o", 0 0, L_0x1385c3600;  alias, 1 drivers
v0x13856d0d0 .array "buffer", 3 0, 32 0;
v0x13856d1d0 .array "buffer_nxt", 3 0;
v0x13856d1d0_0 .net v0x13856d1d0 0, 32 0, L_0x1385c1bd0; 1 drivers
v0x13856d1d0_1 .net v0x13856d1d0 1, 32 0, L_0x1385c1f70; 1 drivers
v0x13856d1d0_2 .net v0x13856d1d0 2, 32 0, L_0x1385c2290; 1 drivers
v0x13856d1d0_3 .net v0x13856d1d0 3, 32 0, L_0x1385c2670; 1 drivers
v0x13856d2d0_0 .net "clk", 0 0, v0x13843e760_0;  alias, 1 drivers
v0x13856d360_0 .net "counter", 2 0, L_0x1385c3810;  alias, 1 drivers
v0x13856d4f0_0 .net "data_i", 32 0, L_0x1385c4060;  alias, 1 drivers
v0x13856d580_0 .net "data_o", 32 0, L_0x1385c2970;  alias, 1 drivers
v0x13856d630_0 .net "empty_o", 0 0, L_0x1385c2e90;  alias, 1 drivers
v0x13856d6d0_0 .net "full_o", 0 0, L_0x1385c2d00;  alias, 1 drivers
v0x13856d770_0 .var "rd_addr", 2 0;
v0x13856d820_0 .net "rd_addr_inc", 2 0, L_0x1385c2b60;  1 drivers
v0x13856d8d0_0 .net "rd_addr_map", 1 0, L_0x1385c2d70;  1 drivers
v0x13856d980_0 .net "rd_valid_i", 0 0, L_0x1385c44b0;  alias, 1 drivers
v0x13856da20_0 .net "rst_n", 0 0, v0x13843e800_0;  alias, 1 drivers
v0x13856dab0_0 .var "wr_addr", 2 0;
v0x13856db60_0 .net "wr_addr_inc", 2 0, L_0x1385c2a60;  1 drivers
v0x13856dc10_0 .net "wr_addr_map", 1 0, L_0x1385c2c60;  1 drivers
v0x13856dcc0_0 .net "wr_valid_i", 0 0, L_0x1385c4310;  alias, 1 drivers
L_0x1385c2750 .array/port v0x13856d0d0, L_0x1385c2810;
L_0x1385c2810 .concat [ 2 2 0 0], L_0x1385c2d70, L_0x13007a338;
L_0x1385c2a60 .arith/sum 3, v0x13856dab0_0, L_0x13007a380;
L_0x1385c2b60 .arith/sum 3, v0x13856d770_0, L_0x13007a3c8;
L_0x1385c2c60 .part v0x13856dab0_0, 0, 2;
L_0x1385c2d70 .part v0x13856d770_0, 0, 2;
L_0x1385c2e90 .cmp/eq 3, v0x13856dab0_0, v0x13856d770_0;
L_0x1385c2fb0 .cmp/eq 3, L_0x1385c2b60, v0x13856dab0_0;
L_0x1385c3110 .cmp/eq 2, L_0x1385c2c60, L_0x1385c2d70;
L_0x1385c31b0 .part v0x13856dab0_0, 2, 1;
L_0x1385c3250 .part v0x13856d770_0, 2, 1;
L_0x1385c3500 .arith/sum 2, L_0x1385c2c60, L_0x13007a410;
L_0x1385c3600 .cmp/eq 2, L_0x1385c3500, L_0x1385c2d70;
L_0x1385c3810 .arith/sub 3, v0x13856dab0_0, v0x13856d770_0;
S_0x13856a9a0 .scope generate, "BUF_LOAD[0]" "BUF_LOAD[0]" 13 64, 13 64 0, S_0x13856a3d0;
 .timescale -9 -12;
P_0x13856ab60 .param/l "addr" 1 13 64, +C4<00>;
S_0x13856abe0 .scope generate, "BUF_LOAD[1]" "BUF_LOAD[1]" 13 64, 13 64 0, S_0x13856a3d0;
 .timescale -9 -12;
P_0x13856ad50 .param/l "addr" 1 13 64, +C4<01>;
S_0x13856add0 .scope generate, "BUF_LOAD[2]" "BUF_LOAD[2]" 13 64, 13 64 0, S_0x13856a3d0;
 .timescale -9 -12;
P_0x13856af90 .param/l "addr" 1 13 64, +C4<010>;
S_0x13856b020 .scope generate, "BUF_LOAD[3]" "BUF_LOAD[3]" 13 64, 13 64 0, S_0x13856a3d0;
 .timescale -9 -12;
P_0x13856b1e0 .param/l "addr" 1 13 64, +C4<011>;
S_0x13856b280 .scope generate, "BUF_NXT_GEN[0]" "BUF_NXT_GEN[0]" 13 56, 13 56 0, S_0x13856a3d0;
 .timescale -9 -12;
P_0x13856b480 .param/l "addr" 1 13 56, +C4<00>;
v0x13856b520_0 .net *"_ivl_1", 2 0, L_0x1385c19d0;  1 drivers
L_0x13007a0f8 .functor BUFT 1, C4<0>, C4<0>, C4<0>, C4<0>;
v0x13856b5b0_0 .net *"_ivl_4", 0 0, L_0x13007a0f8;  1 drivers
L_0x13007a140 .functor BUFT 1, C4<000>, C4<0>, C4<0>, C4<0>;
v0x13856b660_0 .net/2u *"_ivl_5", 2 0, L_0x13007a140;  1 drivers
v0x13856b720_0 .net *"_ivl_7", 0 0, L_0x1385c1ab0;  1 drivers
L_0x1385c19d0 .concat [ 2 1 0 0], L_0x1385c2c60, L_0x13007a0f8;
L_0x1385c1ab0 .cmp/eq 3, L_0x1385c19d0, L_0x13007a140;
v0x13856d0d0_0 .array/port v0x13856d0d0, 0;
L_0x1385c1bd0 .functor MUXZ 33, v0x13856d0d0_0, L_0x1385c4060, L_0x1385c1ab0, C4<>;
S_0x13856b7c0 .scope generate, "BUF_NXT_GEN[1]" "BUF_NXT_GEN[1]" 13 56, 13 56 0, S_0x13856a3d0;
 .timescale -9 -12;
P_0x13856b990 .param/l "addr" 1 13 56, +C4<01>;
v0x13856ba30_0 .net *"_ivl_1", 2 0, L_0x1385c1cf0;  1 drivers
L_0x13007a188 .functor BUFT 1, C4<0>, C4<0>, C4<0>, C4<0>;
v0x13856bae0_0 .net *"_ivl_4", 0 0, L_0x13007a188;  1 drivers
L_0x13007a1d0 .functor BUFT 1, C4<001>, C4<0>, C4<0>, C4<0>;
v0x13856bb90_0 .net/2u *"_ivl_5", 2 0, L_0x13007a1d0;  1 drivers
v0x13856bc50_0 .net *"_ivl_7", 0 0, L_0x1385c1e30;  1 drivers
L_0x1385c1cf0 .concat [ 2 1 0 0], L_0x1385c2c60, L_0x13007a188;
L_0x1385c1e30 .cmp/eq 3, L_0x1385c1cf0, L_0x13007a1d0;
v0x13856d0d0_1 .array/port v0x13856d0d0, 1;
L_0x1385c1f70 .functor MUXZ 33, v0x13856d0d0_1, L_0x1385c4060, L_0x1385c1e30, C4<>;
S_0x13856bcf0 .scope generate, "BUF_NXT_GEN[2]" "BUF_NXT_GEN[2]" 13 56, 13 56 0, S_0x13856a3d0;
 .timescale -9 -12;
P_0x13856bec0 .param/l "addr" 1 13 56, +C4<010>;
v0x13856bf60_0 .net *"_ivl_1", 3 0, L_0x1385c2050;  1 drivers
L_0x13007a218 .functor BUFT 1, C4<00>, C4<0>, C4<0>, C4<0>;
v0x13856c010_0 .net *"_ivl_4", 1 0, L_0x13007a218;  1 drivers
L_0x13007a260 .functor BUFT 1, C4<0010>, C4<0>, C4<0>, C4<0>;
v0x13856c0c0_0 .net/2u *"_ivl_5", 3 0, L_0x13007a260;  1 drivers
v0x13856c180_0 .net *"_ivl_7", 0 0, L_0x1385c2150;  1 drivers
L_0x1385c2050 .concat [ 2 2 0 0], L_0x1385c2c60, L_0x13007a218;
L_0x1385c2150 .cmp/eq 4, L_0x1385c2050, L_0x13007a260;
v0x13856d0d0_2 .array/port v0x13856d0d0, 2;
L_0x1385c2290 .functor MUXZ 33, v0x13856d0d0_2, L_0x1385c4060, L_0x1385c2150, C4<>;
S_0x13856c220 .scope generate, "BUF_NXT_GEN[3]" "BUF_NXT_GEN[3]" 13 56, 13 56 0, S_0x13856a3d0;
 .timescale -9 -12;
P_0x13856c3f0 .param/l "addr" 1 13 56, +C4<011>;
v0x13856c490_0 .net *"_ivl_1", 3 0, L_0x1385c23f0;  1 drivers
L_0x13007a2a8 .functor BUFT 1, C4<00>, C4<0>, C4<0>, C4<0>;
v0x13856c540_0 .net *"_ivl_4", 1 0, L_0x13007a2a8;  1 drivers
L_0x13007a2f0 .functor BUFT 1, C4<0011>, C4<0>, C4<0>, C4<0>;
v0x13856c5f0_0 .net/2u *"_ivl_5", 3 0, L_0x13007a2f0;  1 drivers
v0x13856c6b0_0 .net *"_ivl_7", 0 0, L_0x1385c2550;  1 drivers
L_0x1385c23f0 .concat [ 2 2 0 0], L_0x1385c2c60, L_0x13007a2a8;
L_0x1385c2550 .cmp/eq 4, L_0x1385c23f0, L_0x13007a2f0;
v0x13856d0d0_3 .array/port v0x13856d0d0, 3;
L_0x1385c2670 .functor MUXZ 33, v0x13856d0d0_3, L_0x1385c4060, L_0x1385c2550, C4<>;
S_0x13856f520 .scope module, "slave_id_decoder" "onehot_decoder" 18 65, 19 1 0, S_0x138568a00;
 .timescale -9 -12;
    .port_info 0 /INPUT 2 "i";
    .port_info 1 /OUTPUT 2 "o";
P_0x13856f6e0 .param/l "INPUT_W" 0 19 3, +C4<000000000000000000000000000000010>;
P_0x13856f720 .param/l "OUTPUT_W" 0 19 4, +C4<00000000000000000000000000000010>;
v0x138570290_0 .net "i", 1 0, L_0x1385c4690;  alias, 1 drivers
v0x138570350_0 .net "o", 1 0, L_0x1385c1670;  alias, 1 drivers
L_0x1385c1670 .concat8 [ 1 1 0 0], L_0x1385c1550, L_0x1385c1870;
S_0x13856f8e0 .scope generate, "O_MAP[0]" "O_MAP[0]" 19 16, 19 16 0, S_0x13856f520;
 .timescale -9 -12;
P_0x13856faa0 .param/l "bit_ctn" 1 19 16, +C4<00>;
v0x13856fb20_0 .net *"_ivl_0", 2 0, L_0x1385c1430;  1 drivers
L_0x130079fd8 .functor BUFT 1, C4<0>, C4<0>, C4<0>, C4<0>;
v0x13856fbb0_0 .net *"_ivl_3", 0 0, L_0x130079fd8;  1 drivers
L_0x13007a020 .functor BUFT 1, C4<000>, C4<0>, C4<0>, C4<0>;
v0x13856fc40_0 .net/2u *"_ivl_4", 2 0, L_0x13007a020;  1 drivers
v0x13856fcd0_0 .net *"_ivl_6", 0 0, L_0x1385c1550;  1 drivers
L_0x1385c1430 .concat [ 2 1 0 0], L_0x1385c4690, L_0x130079fd8;
L_0x1385c1550 .cmp/eq 3, L_0x1385c1430, L_0x13007a020;
S_0x13856fd60 .scope generate, "O_MAP[1]" "O_MAP[1]" 19 16, 19 16 0, S_0x13856f520;
 .timescale -9 -12;
P_0x13856ff40 .param/l "bit_ctn" 1 19 16, +C4<01>;
v0x13856ffd0_0 .net *"_ivl_0", 2 0, L_0x1385c1790;  1 drivers
L_0x13007a068 .functor BUFT 1, C4<0>, C4<0>, C4<0>, C4<0>;
v0x138570080_0 .net *"_ivl_3", 0 0, L_0x13007a068;  1 drivers
L_0x13007a0b0 .functor BUFT 1, C4<001>, C4<0>, C4<0>, C4<0>;
v0x138570130_0 .net/2u *"_ivl_4", 2 0, L_0x13007a0b0;  1 drivers
v0x1385701f0_0 .net *"_ivl_6", 0 0, L_0x1385c1870;  1 drivers
L_0x1385c1790 .concat [ 2 1 0 0], L_0x1385c4690, L_0x13007a068;
L_0x1385c1870 .cmp/eq 3, L_0x1385c1790, L_0x13007a0b0;
S_0x13f7141d0 .scope generate, "MST_DEFLAT[0]" "MST_DEFLAT[0]" 9 294, 9 294 0, S_0x13853e410;
 .timescale 0 0;
P_0x138576af0 .param/l "mst_idx" 1 9 294, +C4<00>;
L_0x1385aed20 .functor BUFZ 1, v0x138583160_0, C4<0>, C4<0>, C4<0>;
L_0x1385aee10 .functor BUFZ 1, L_0x1385c0c00, C4<0>, C4<0>, C4<0>;
L_0x1385af020 .functor BUFZ 1, v0x138583a20_0, C4<0>, C4<0>, C4<0>;
L_0x1385af110 .functor BUFZ 1, v0x138583b80_0, C4<0>, C4<0>, C4<0>;
L_0x1385af200 .functor BUFZ 1, L_0x1385c48b0, C4<0>, C4<0>, C4<0>;
L_0x1385af2f0 .functor BUFZ 1, v0x1385833c0_0, C4<0>, C4<0>, C4<0>;
L_0x1385af3e0 .functor BUFZ 5, L_0x1385d1380, C4<00000>, C4<00000>, C4<00000>;
L_0x1385af4d0 .functor BUFZ 2, L_0x1385d13f0, C4<00>, C4<00>, C4<00>;
L_0x1385af600 .functor BUFZ 1, L_0x1385d1460, C4<0>, C4<0>, C4<0>;
L_0x1385afd40 .functor BUFZ 1, v0x138582c50_0, C4<0>, C4<0>, C4<0>;
L_0x1385afe30 .functor BUFZ 1, L_0x1385dab90, C4<0>, C4<0>, C4<0>;
L_0x1385aff20 .functor BUFZ 1, v0x138583760_0, C4<0>, C4<0>, C4<0>;
L_0x1385b0010 .functor BUFZ 5, L_0x1385e7950, C4<00000>, C4<00000>, C4<00000>;
L_0x1385b0170 .functor BUFZ 32, L_0x1385e7c90, C4<00000000000000000000000000000000>, C4<00000000000000000000000000000000>, C4<00000000000000000000000000000000>;
L_0x138582ce0 .functor BUFZ 2, L_0x1385e7d00, C4<00>, C4<00>, C4<00>;
L_0x1385b0100 .functor BUFZ 1, L_0x1385e7d70, C4<0>, C4<0>, C4<0>;
L_0x1385b03e0 .functor BUFZ 1, L_0x1385e7e30, C4<0>, C4<0>, C4<0>;
S_0x138576b70 .scope generate, "NETWORK_CONNECTION[0]" "NETWORK_CONNECTION[0]" 9 386, 9 386 0, S_0x13853e410;
 .timescale 0 0;
P_0x138576d50 .param/l "mst_idx" 1 9 386, +C4<00>;
S_0x138576dd0 .scope generate, "SUB_NETWORK_CONNECTION[0]" "SUB_NETWORK_CONNECTION[0]" 9 387, 9 387 0, S_0x138576b70;
 .timescale 0 0;
P_0x138576fa0 .param/l "slv_idx" 1 9 387, +C4<00>;
L_0x1385b3f80 .functor BUFZ 1, L_0x1385e98f0, C4<0>, C4<0>, C4<0>;
L_0x1385b2d50 .functor BUFZ 1, L_0x1385e9c80, C4<0>, C4<0>, C4<0>;
L_0x1385b4130 .functor BUFZ 1, L_0x1385e9fe0, C4<0>, C4<0>, C4<0>;
L_0x1385b41a0 .functor BUFZ 1, L_0x1385ea750, C4<0>, C4<0>, C4<0>;
L_0x1385b43f0 .functor BUFZ 1, L_0x1385eab30, C4<0>, C4<0>, C4<0>;
L_0x1385b4460 .functor BUFZ 1, L_0x1385ea8b0, C4<0>, C4<0>, C4<0>;
v0x138577040_0 .net *"_ivl_11", 1 0, L_0x1385b4090;  1 drivers
v0x1385770f0_0 .net *"_ivl_14", 0 0, L_0x1385b4130;  1 drivers
v0x1385771a0_0 .net *"_ivl_17", 0 0, L_0x1385b41a0;  1 drivers
v0x138577260_0 .net *"_ivl_2", 0 0, L_0x1385b3f80;  1 drivers
v0x138577310_0 .net *"_ivl_20", 4 0, L_0x1385b4210;  1 drivers
v0x138577400_0 .net *"_ivl_23", 31 0, L_0x1385b42b0;  1 drivers
v0x1385774b0_0 .net *"_ivl_26", 1 0, L_0x1385b4350;  1 drivers
v0x138577560_0 .net *"_ivl_29", 0 0, L_0x1385b43f0;  1 drivers
v0x138577610_0 .net *"_ivl_32", 0 0, L_0x1385b4460;  1 drivers
v0x138577720_0 .net *"_ivl_5", 0 0, L_0x1385b2d50;  1 drivers
v0x1385777d0_0 .net *"_ivl_8", 4 0, L_0x1385b3ff0;  1 drivers
L_0x1385b3ff0 .part L_0x1385e9dd0, 0, 5;
L_0x1385b4090 .part L_0x1385e9e80, 0, 2;
L_0x1385b4210 .part L_0x1385ea7c0, 0, 5;
L_0x1385b42b0 .part L_0x1385ea930, 0, 32;
L_0x1385b4350 .part L_0x1385ea6e0, 0, 2;
L_0x1385b44f0 .part L_0x1385b8ef0, 0, 5;
L_0x1385b4610 .part L_0x1385b90c0, 0, 32;
L_0x1385b4750 .part L_0x1385b9290, 0, 2;
L_0x1385b4870 .part L_0x1385b9460, 0, 3;
L_0x1385b49e0 .part L_0x1385b9630, 0, 3;
L_0x1385b4b00 .part L_0x1385b9830, 0, 1;
L_0x1385b4c80 .part L_0x1385b8040, 0, 1;
L_0x1385b4d20 .part L_0x1385c0e60, 0, 32;
L_0x1385b4eb0 .part L_0x1385c0ff0, 0, 1;
L_0x1385b4fd0 .part L_0x1385c11c0, 0, 1;
L_0x1385b5170 .part L_0x1385cbdc0, 0, 1;
L_0x1385b5290 .part L_0x1385d2ed0, 0, 5;
L_0x1385b5440 .part L_0x1385d30a0, 0, 32;
L_0x1385b54e0 .part L_0x1385d3270, 0, 2;
L_0x1385b56a0 .part L_0x1385d3440, 0, 3;
L_0x1385b5740 .part L_0x1385d3610, 0, 3;
L_0x1385b5600 .part L_0x1385d37e0, 0, 1;
L_0x1385b5990 .part L_0x1385d22c0, 0, 1;
L_0x1385b5af0 .part L_0x1385e5680, 0, 1;
S_0x138577880 .scope generate, "SUB_NETWORK_CONNECTION[1]" "SUB_NETWORK_CONNECTION[1]" 9 387, 9 387 0, S_0x138576b70;
 .timescale 0 0;
P_0x1385773a0 .param/l "slv_idx" 1 9 387, +C4<01>;
L_0x1385b4e40 .functor BUFZ 1, L_0x1385eb320, C4<0>, C4<0>, C4<0>;
L_0x1385b3e10 .functor BUFZ 1, L_0x1385eb730, C4<0>, C4<0>, C4<0>;
L_0x1385b5f70 .functor BUFZ 1, L_0x1385eba90, C4<0>, C4<0>, C4<0>;
L_0x1385b6520 .functor BUFZ 1, L_0x1385ec280, C4<0>, C4<0>, C4<0>;
L_0x1385b6c20 .functor BUFZ 1, L_0x1385ec6a0, C4<0>, C4<0>, C4<0>;
L_0x1385b6a40 .functor BUFZ 1, L_0x1385ec420, C4<0>, C4<0>, C4<0>;
v0x138577ab0_0 .net *"_ivl_11", 1 0, L_0x1385b61a0;  1 drivers
v0x138577b60_0 .net *"_ivl_14", 0 0, L_0x1385b5f70;  1 drivers
v0x138577c10_0 .net *"_ivl_17", 0 0, L_0x1385b6520;  1 drivers
v0x138577cd0_0 .net *"_ivl_2", 0 0, L_0x1385b4e40;  1 drivers
v0x138577d80_0 .net *"_ivl_20", 4 0, L_0x1385b6360;  1 drivers
v0x138577e70_0 .net *"_ivl_23", 31 0, L_0x1385b6880;  1 drivers
v0x138577f20_0 .net *"_ivl_26", 1 0, L_0x1385b66b0;  1 drivers
v0x138577fd0_0 .net *"_ivl_29", 0 0, L_0x1385b6c20;  1 drivers
v0x138578080_0 .net *"_ivl_32", 0 0, L_0x1385b6a40;  1 drivers
v0x138578190_0 .net *"_ivl_5", 0 0, L_0x1385b3e10;  1 drivers
v0x138578240_0 .net *"_ivl_8", 4 0, L_0x1385b5cb0;  1 drivers
L_0x1385b5cb0 .part L_0x1385eb880, 0, 5;
L_0x1385b61a0 .part L_0x1385eb930, 0, 2;
L_0x1385b6360 .part L_0x1385ec330, 0, 5;
L_0x1385b6880 .part L_0x1385ec4a0, 0, 32;
L_0x1385b66b0 .part L_0x1385ec210, 0, 2;
L_0x1385b6af0 .part L_0x1385b8ef0, 5, 5;
L_0x1385b6fe0 .part L_0x1385b90c0, 32, 32;
L_0x1385b7080 .part L_0x1385b9290, 2, 2;
L_0x1385b7120 .part L_0x1385b9460, 3, 3;
L_0x1385b71c0 .part L_0x1385b9630, 3, 3;
L_0x1385b7260 .part L_0x1385b9830, 1, 1;
L_0x1385b7300 .part L_0x1385b8040, 1, 1;
L_0x1385b7420 .part L_0x1385c0e60, 32, 32;
L_0x1385b74c0 .part L_0x1385c0ff0, 1, 1;
L_0x1385b7560 .part L_0x1385c11c0, 1, 1;
L_0x1385b7680 .part L_0x1385cbdc0, 1, 1;
L_0x1385b7720 .part L_0x1385d2ed0, 5, 5;
L_0x1385b7850 .part L_0x1385d30a0, 32, 32;
L_0x1385b78f0 .part L_0x1385d3270, 2, 2;
L_0x1385b7a30 .part L_0x1385d3440, 3, 3;
L_0x1385b7ad0 .part L_0x1385d3610, 3, 3;
L_0x1385b7990 .part L_0x1385d37e0, 1, 1;
L_0x1385b7c20 .part L_0x1385d22c0, 1, 1;
L_0x1385b7d80 .part L_0x1385e5680, 1, 1;
S_0x1385782f0 .scope generate, "SA_GEN[0]" "SA_GEN[0]" 9 504, 9 504 0, S_0x13853e410;
 .timescale 0 0;
P_0x138577e10 .param/l "slv_idx" 1 9 504, +C4<00>;
S_0x138578520 .scope generate, "genblk1" "genblk1" 9 505, 9 505 0, S_0x1385782f0;
 .timescale 0 0;
L_0x1385e9410 .functor BUFZ 5, L_0x1385b44f0, C4<00000>, C4<00000>, C4<00000>;
L_0x1385e9480 .functor BUFZ 32, L_0x1385b4610, C4<00000000000000000000000000000000>, C4<00000000000000000000000000000000>, C4<00000000000000000000000000000000>;
L_0x1385e9530 .functor BUFZ 2, L_0x1385b4750, C4<00>, C4<00>, C4<00>;
L_0x1385e9620 .functor BUFZ 3, L_0x1385b4870, C4<000>, C4<000>, C4<000>;
L_0x1385e9710 .functor BUFZ 3, L_0x1385b49e0, C4<000>, C4<000>, C4<000>;
L_0x1385e9800 .functor BUFZ 1, L_0x1385b4b00, C4<0>, C4<0>, C4<0>;
L_0x1385e98f0 .functor BUFZ 1, L_0x1385b0560, C4<0>, C4<0>, C4<0>;
L_0x1385e99e0 .functor BUFZ 32, L_0x1385b4d20, C4<00000000000000000000000000000000>, C4<00000000000000000000000000000000>, C4<00000000000000000000000000000000>;
L_0x1385e9ad0 .functor BUFZ 1, L_0x1385b4eb0, C4<0>, C4<0>, C4<0>;
L_0x1385e9c10 .functor BUFZ 1, L_0x1385b4fd0, C4<0>, C4<0>, C4<0>;
L_0x1385e9c80 .functor BUFZ 1, L_0x1385b0830, C4<0>, C4<0>, C4<0>;
L_0x1385e9dd0 .functor BUFZ 5, L_0x1385b0a90, C4<00000>, C4<00000>, C4<00000>;
L_0x1385e9e80 .functor BUFZ 2, L_0x1385b0b30, C4<00>, C4<00>, C4<00>;
L_0x1385e9fe0 .functor BUFZ 1, L_0x1385b0c90, C4<0>, C4<0>, C4<0>;
L_0x1385ea090 .functor BUFZ 1, L_0x1385b5170, C4<0>, C4<0>, C4<0>;
L_0x1385e9f70 .functor BUFZ 5, L_0x1385b5290, C4<00000>, C4<00000>, C4<00000>;
L_0x1385ea240 .functor BUFZ 32, L_0x1385b5440, C4<00000000000000000000000000000000>, C4<00000000000000000000000000000000>, C4<00000000000000000000000000000000>;
L_0x1385ea3c0 .functor BUFZ 2, L_0x1385b54e0, C4<00>, C4<00>, C4<00>;
L_0x1385ea430 .functor BUFZ 3, L_0x1385b56a0, C4<000>, C4<000>, C4<000>;
L_0x1385ea580 .functor BUFZ 3, L_0x1385b5740, C4<000>, C4<000>, C4<000>;
L_0x1385ea5f0 .functor BUFZ 1, L_0x1385b5600, C4<0>, C4<0>, C4<0>;
L_0x1385ea750 .functor BUFZ 1, L_0x1385b0da0, C4<0>, C4<0>, C4<0>;
L_0x1385ea7c0 .functor BUFZ 5, L_0x1385b1230, C4<00000>, C4<00000>, C4<00000>;
L_0x1385ea930 .functor BUFZ 32, L_0x1385b12d0, C4<00000000000000000000000000000000>, C4<00000000000000000000000000000000>, C4<00000000000000000000000000000000>;
L_0x1385ea6e0 .functor BUFZ 2, L_0x1385b1410, C4<00>, C4<00>, C4<00>;
L_0x1385eab30 .functor BUFZ 1, L_0x1385b14b0, C4<0>, C4<0>, C4<0>;
L_0x1385ea8b0 .functor BUFZ 1, L_0x1385b1370, C4<0>, C4<0>, C4<0>;
L_0x1385ead40 .functor BUFZ 1, L_0x1385b5af0, C4<0>, C4<0>, C4<0>;
S_0x1385786e0 .scope generate, "SA_GEN[1]" "SA_GEN[1]" 9 504, 9 504 0, S_0x13853e410;
 .timescale 0 0;
P_0x1385788f0 .param/l "slv_idx" 1 9 504, +C4<01>;
S_0x138578990 .scope generate, "genblk1" "genblk1" 9 505, 9 505 0, S_0x1385786e0;
 .timescale 0 0;
L_0x1385eaaa0 .functor BUFZ 5, L_0x1385b6af0, C4<00000>, C4<00000>, C4<00000>;
L_0x1385eae70 .functor BUFZ 32, L_0x1385b6fe0, C4<00000000000000000000000000000000>, C4<00000000000000000000000000000000>, C4<00000000000000000000000000000000>;
L_0x1385eaf60 .functor BUFZ 2, L_0x1385b7080, C4<00>, C4<00>, C4<00>;
L_0x1385eb050 .functor BUFZ 3, L_0x1385b7120, C4<000>, C4<000>, C4<000>;
L_0x1385eb140 .functor BUFZ 3, L_0x1385b71c0, C4<000>, C4<000>, C4<000>;
L_0x1385eb230 .functor BUFZ 1, L_0x1385b7260, C4<0>, C4<0>, C4<0>;
L_0x1385eb320 .functor BUFZ 1, L_0x1385b1740, C4<0>, C4<0>, C4<0>;
L_0x1385eb450 .functor BUFZ 32, L_0x1385b7420, C4<00000000000000000000000000000000>, C4<00000000000000000000000000000000>, C4<00000000000000000000000000000000>;
L_0x1385eb540 .functor BUFZ 1, L_0x1385b74c0, C4<0>, C4<0>, C4<0>;
L_0x1385eb680 .functor BUFZ 1, L_0x1385b7560, C4<0>, C4<0>, C4<0>;
L_0x1385eb730 .functor BUFZ 1, L_0x1385b1e30, C4<0>, C4<0>, C4<0>;
L_0x1385eb880 .functor BUFZ 5, L_0x1385b29a0, C4<00000>, C4<00000>, C4<00000>;
L_0x1385eb930 .functor BUFZ 2, L_0x1385b2a40, C4<00>, C4<00>, C4<00>;
L_0x1385eba90 .functor BUFZ 1, L_0x1385b2890, C4<0>, C4<0>, C4<0>;
L_0x1385ebb40 .functor BUFZ 1, L_0x1385b7680, C4<0>, C4<0>, C4<0>;
L_0x1385eba20 .functor BUFZ 5, L_0x1385b7720, C4<00000>, C4<00000>, C4<00000>;
L_0x1385ebd30 .functor BUFZ 32, L_0x1385b7850, C4<00000000000000000000000000000000>, C4<00000000000000000000000000000000>, C4<00000000000000000000000000000000>;
L_0x1385ebeb0 .functor BUFZ 2, L_0x1385b78f0, C4<00>, C4<00>, C4<00>;
L_0x1385ebf20 .functor BUFZ 3, L_0x1385b7a30, C4<000>, C4<000>, C4<000>;
L_0x1385ec070 .functor BUFZ 3, L_0x1385b7ad0, C4<000>, C4<000>, C4<000>;
L_0x1385ec120 .functor BUFZ 1, L_0x1385b7990, C4<0>, C4<0>, C4<0>;
L_0x1385ec280 .functor BUFZ 1, L_0x1385b2dd0, C4<0>, C4<0>, C4<0>;
L_0x1385ec330 .functor BUFZ 5, L_0x1385b3990, C4<00000>, C4<00000>, C4<00000>;
L_0x1385ec4a0 .functor BUFZ 32, L_0x1385b3700, C4<00000000000000000000000000000000>, C4<00000000000000000000000000000000>, C4<00000000000000000000000000000000>;
L_0x1385ec210 .functor BUFZ 2, L_0x1385b37a0, C4<00>, C4<00>, C4<00>;
L_0x1385ec6a0 .functor BUFZ 1, L_0x1385b3bb0, C4<0>, C4<0>, C4<0>;
L_0x1385ec420 .functor BUFZ 1, L_0x1385b3c50, C4<0>, C4<0>, C4<0>;
L_0x1385ec8b0 .functor BUFZ 1, L_0x1385b7d80, C4<0>, C4<0>, C4<0>;
S_0x138578b50 .scope generate, "SLV_DEFLAT[0]" "SLV_DEFLAT[0]" 9 340, 9 340 0, S_0x13853e410;
 .timescale 0 0;
P_0x138578d10 .param/l "slv_idx" 1 9 340, +C4<00>;
L_0x1385b02e0 .functor BUFZ 5, L_0x1385e9410, C4<00000>, C4<00000>, C4<00000>;
L_0x1385b0600 .functor BUFZ 32, L_0x1385e9480, C4<00000000000000000000000000000000>, C4<00000000000000000000000000000000>, C4<00000000000000000000000000000000>;
L_0x1385b0670 .functor BUFZ 2, L_0x1385e9530, C4<00>, C4<00>, C4<00>;
L_0x1385b06e0 .functor BUFZ 3, L_0x1385e9620, C4<000>, C4<000>, C4<000>;
L_0x1385b0750 .functor BUFZ 3, L_0x1385e9710, C4<000>, C4<000>, C4<000>;
L_0x1385b07c0 .functor BUFZ 1, L_0x1385e9800, C4<0>, C4<0>, C4<0>;
L_0x1385b0940 .functor BUFZ 32, L_0x1385e99e0, C4<00000000000000000000000000000000>, C4<00000000000000000000000000000000>, C4<00000000000000000000000000000000>;
L_0x1385b09b0 .functor BUFZ 1, L_0x1385e9ad0, C4<0>, C4<0>, C4<0>;
L_0x1385b0a20 .functor BUFZ 1, L_0x1385e9c10, C4<0>, C4<0>, C4<0>;
L_0x1385b0d30 .functor BUFZ 1, L_0x1385ea090, C4<0>, C4<0>, C4<0>;
L_0x1385b0f10 .functor BUFZ 5, L_0x1385e9f70, C4<00000>, C4<00000>, C4<00000>;
L_0x1385b0f80 .functor BUFZ 32, L_0x1385ea240, C4<00000000000000000000000000000000>, C4<00000000000000000000000000000000>, C4<00000000000000000000000000000000>;
L_0x1385b0ff0 .functor BUFZ 2, L_0x1385ea3c0, C4<00>, C4<00>, C4<00>;
L_0x1385b10d0 .functor BUFZ 3, L_0x1385ea430, C4<000>, C4<000>, C4<000>;
L_0x1385b1140 .functor BUFZ 3, L_0x1385ea580, C4<000>, C4<000>, C4<000>;
L_0x1385b1060 .functor BUFZ 1, L_0x1385ea5f0, C4<0>, C4<0>, C4<0>;
L_0x1385b1640 .functor BUFZ 1, L_0x1385ead40, C4<0>, C4<0>, C4<0>;
v0x138578da0_0 .net *"_ivl_10", 1 0, L_0x1385b0670;  1 drivers
v0x138578e50_0 .net *"_ivl_13", 2 0, L_0x1385b06e0;  1 drivers
v0x138578f00_0 .net *"_ivl_16", 2 0, L_0x1385b0750;  1 drivers
v0x138578fc0_0 .net *"_ivl_19", 0 0, L_0x1385b07c0;  1 drivers
v0x138579070_0 .net *"_ivl_24", 31 0, L_0x1385b0940;  1 drivers
v0x138579160_0 .net *"_ivl_27", 0 0, L_0x1385b09b0;  1 drivers
v0x138579210_0 .net *"_ivl_30", 0 0, L_0x1385b0a20;  1 drivers
v0x1385792c0_0 .net *"_ivl_39", 0 0, L_0x1385b0d30;  1 drivers
v0x138579370_0 .net *"_ivl_4", 4 0, L_0x1385b02e0;  1 drivers
v0x138579480_0 .net *"_ivl_44", 4 0, L_0x1385b0f10;  1 drivers
v0x138579530_0 .net *"_ivl_47", 31 0, L_0x1385b0f80;  1 drivers
v0x1385795e0_0 .net *"_ivl_50", 1 0, L_0x1385b0ff0;  1 drivers
v0x138579690_0 .net *"_ivl_53", 2 0, L_0x1385b10d0;  1 drivers
v0x138579740_0 .net *"_ivl_56", 2 0, L_0x1385b1140;  1 drivers
v0x1385797f0_0 .net *"_ivl_59", 0 0, L_0x1385b1060;  1 drivers
v0x1385798a0_0 .net *"_ivl_7", 31 0, L_0x1385b0600;  1 drivers
v0x138579950_0 .net *"_ivl_72", 0 0, L_0x1385b1640;  1 drivers
S_0x138579ae0 .scope generate, "SLV_DEFLAT[1]" "SLV_DEFLAT[1]" 9 340, 9 340 0, S_0x13853e410;
 .timescale 0 0;
P_0x138579ca0 .param/l "slv_idx" 1 9 340, +C4<01>;
L_0x1385b1550 .functor BUFZ 5, L_0x1385eaaa0, C4<00000>, C4<00000>, C4<00000>;
L_0x1385b1b30 .functor BUFZ 32, L_0x1385eae70, C4<00000000000000000000000000000000>, C4<00000000000000000000000000000000>, C4<00000000000000000000000000000000>;
L_0x1385b1c60 .functor BUFZ 2, L_0x1385eaf60, C4<00>, C4<00>, C4<00>;
L_0x1385b1f10 .functor BUFZ 3, L_0x1385eb050, C4<000>, C4<000>, C4<000>;
L_0x1385b2040 .functor BUFZ 3, L_0x1385eb140, C4<000>, C4<000>, C4<000>;
L_0x1385b2300 .functor BUFZ 1, L_0x1385eb230, C4<0>, C4<0>, C4<0>;
L_0x1385b2590 .functor BUFZ 32, L_0x1385eb450, C4<00000000000000000000000000000000>, C4<00000000000000000000000000000000>, C4<00000000000000000000000000000000>;
L_0x1385b26c0 .functor BUFZ 1, L_0x1385eb540, C4<0>, C4<0>, C4<0>;
L_0x1385b2490 .functor BUFZ 1, L_0x1385eb680, C4<0>, C4<0>, C4<0>;
L_0x1385b2ae0 .functor BUFZ 1, L_0x1385ebb40, C4<0>, C4<0>, C4<0>;
L_0x1385b2ca0 .functor BUFZ 5, L_0x1385eba20, C4<00000>, C4<00000>, C4<00000>;
L_0x1385b3170 .functor BUFZ 32, L_0x1385ebd30, C4<00000000000000000000000000000000>, C4<00000000000000000000000000000000>, C4<00000000000000000000000000000000>;
L_0x1385b2f50 .functor BUFZ 2, L_0x1385ebeb0, C4<00>, C4<00>, C4<00>;
L_0x1385b3530 .functor BUFZ 3, L_0x1385ebf20, C4<000>, C4<000>, C4<000>;
L_0x1385b3340 .functor BUFZ 3, L_0x1385ec070, C4<000>, C4<000>, C4<000>;
L_0x1385b38e0 .functor BUFZ 1, L_0x1385ec120, C4<0>, C4<0>, C4<0>;
L_0x1385b3e80 .functor BUFZ 1, L_0x1385ec8b0, C4<0>, C4<0>, C4<0>;
v0x138579d30_0 .net *"_ivl_10", 1 0, L_0x1385b1c60;  1 drivers
v0x138579dc0_0 .net *"_ivl_13", 2 0, L_0x1385b1f10;  1 drivers
v0x138579e50_0 .net *"_ivl_16", 2 0, L_0x1385b2040;  1 drivers
v0x138579ee0_0 .net *"_ivl_19", 0 0, L_0x1385b2300;  1 drivers
v0x138579f80_0 .net *"_ivl_24", 31 0, L_0x1385b2590;  1 drivers
v0x13857a070_0 .net *"_ivl_27", 0 0, L_0x1385b26c0;  1 drivers
v0x13857a120_0 .net *"_ivl_30", 0 0, L_0x1385b2490;  1 drivers
v0x13857a1d0_0 .net *"_ivl_39", 0 0, L_0x1385b2ae0;  1 drivers
v0x13857a280_0 .net *"_ivl_4", 4 0, L_0x1385b1550;  1 drivers
v0x13857a390_0 .net *"_ivl_44", 4 0, L_0x1385b2ca0;  1 drivers
v0x13857a440_0 .net *"_ivl_47", 31 0, L_0x1385b3170;  1 drivers
v0x13857a4f0_0 .net *"_ivl_50", 1 0, L_0x1385b2f50;  1 drivers
v0x13857a5a0_0 .net *"_ivl_53", 2 0, L_0x1385b3530;  1 drivers
v0x13857a650_0 .net *"_ivl_56", 2 0, L_0x1385b3340;  1 drivers
v0x13857a700_0 .net *"_ivl_59", 0 0, L_0x1385b38e0;  1 drivers
v0x13857a7b0_0 .net *"_ivl_7", 31 0, L_0x1385b1b30;  1 drivers
v0x13857a860_0 .net *"_ivl_72", 0 0, L_0x1385b3e80;  1 drivers
S_0x1383fb1d0 .scope module, "memory" "memory" 20 1;
 .timescale -9 -12;
    .port_info 0 /INPUT 1 "clk";
    .port_info 1 /INPUT 1 "rst_n";
    .port_info 2 /INPUT 8 "wr_data_i";
    .port_info 3 /INPUT 8 "wr_addr_i";
    .port_info 4 /INPUT 1 "wr_vld_i";
    .port_info 5 /INPUT 8 "rd_addr_i";
    .port_info 6 /INPUT 1 "rd_vld_i";
    .port_info 7 /OUTPUT 1 "wr_rdy_o";
    .port_info 8 /OUTPUT 8 "rd_data_o";
    .port_info 9 /OUTPUT 1 "rd_rdy_o";
P_0x138406740 .param/l "ADDR_W" 0 20 4, +C4<00000000000000000000000000001000>;
P_0x138406780 .param/l "ALIGN_ADDR_W" 1 20 25, +C4<00000000000000000000000000001000>;
P_0x1384067c0 .param/l "DATA_W" 0 20 3, +C4<00000000000000000000000000001000>;
P_0x138406800 .param/str "MEM_FILE" 0 20 6, "\000";
P_0x138406840 .param/l "MEM_SIZE" 0 20 5, +C4<0000000000000000000000000000000100000000>;
L_0x1385ec610 .functor BUFZ 8, v0x138585360_0, C4<00000000>, C4<00000000>, C4<00000000>;
L_0x1385ec960 .functor BUFZ 1, v0x1385854c0_0, C4<0>, C4<0>, C4<0>;
o0x13005bbb0 .functor BUFZ 1, c4<z>; HiZ drive
v0x138585100_0 .net "clk", 0 0, o0x13005bbb0;  0 drivers
v0x138585190 .array "mem", 255 0, 7 0;
o0x13005bbe0 .functor BUFZ 8, c4<zzzzzzzz>; HiZ drive
v0x138585220_0 .net "rd_addr_i", 7 0, o0x13005bbe0;  0 drivers
v0x1385852d0_0 .net "rd_data_o", 7 0, L_0x1385ec610;  1 drivers
v0x138585360_0 .var "rd_data_q1", 7 0;
v0x138585430_0 .net "rd_rdy_o", 0 0, L_0x1385ec960;  1 drivers
v0x1385854c0_0 .var "rd_rdy_q1", 0 0;
o0x13005bcd0 .functor BUFZ 1, c4<z>; HiZ drive
v0x138585550_0 .net "rd_vld_i", 0 0, o0x13005bcd0;  0 drivers
o0x13005bd00 .functor BUFZ 1, c4<z>; HiZ drive
v0x1385855e0_0 .net "rst_n", 0 0, o0x13005bd00;  0 drivers
o0x13005bd30 .functor BUFZ 8, c4<zzzzzzzz>; HiZ drive
v0x1385856f0_0 .net "wr_addr_i", 7 0, o0x13005bd30;  0 drivers
o0x13005bd60 .functor BUFZ 8, c4<zzzzzzzz>; HiZ drive
v0x138585780_0 .net "wr_data_i", 7 0, o0x13005bd60;  0 drivers
L_0x13007ddb8 .functor BUFT 1, C4<1>, C4<0>, C4<0>, C4<0>;
v0x138585830_0 .net "wr_rdy_o", 0 0, L_0x13007ddb8;  1 drivers
o0x13005bdc0 .functor BUFZ 1, c4<z>; HiZ drive
v0x1385858d0_0 .net "wr_vld_i", 0 0, o0x13005bdc0;  0 drivers
E_0x138585080/0 .event negedge, v0x1385855e0_0;
E_0x138585080/1 .event posedge, v0x138585100_0;
E_0x138585080 .event/or E_0x138585080/0, E_0x138585080/1;
E_0x1385850c0 .event posedge, v0x138585100_0;
S_0x1384be010 .scope module, "priority_encoder" "priority_encoder" 21 1;
 .timescale -9 -12;
    .port_info 0 /INPUT 8 "i";
    .port_info 1 /OUTPUT 3 "o";
P_0x13f7fed10 .param/l "INPUT_W" 0 21 3, +C4<00000000000000000000000000001000>;
P_0x13f7fed50 .param/l "OUTPUT_W" 0 21 5, +C4<00000000000000000000000000000011>;
L_0x1385eea60 .functor BUFZ 3, L_0x1385ee980, C4<000>, C4<000>, C4<000>;
o0x13005c840 .functor BUFZ 8, c4<zzzzzzzz>; HiZ drive
v0x138589bc0_0 .net "i", 7 0, o0x13005c840;  0 drivers
v0x138589c80 .array "mux_seq", 0 7;
v0x138589c80_0 .net v0x138589c80 0, 2 0, L_0x1385ecb60; 1 drivers
v0x138589c80_1 .net v0x138589c80 1, 2 0, L_0x1385ece90; 1 drivers
v0x138589c80_2 .net v0x138589c80 2, 2 0, L_0x1385ed180; 1 drivers
v0x138589c80_3 .net v0x138589c80 3, 2 0, L_0x1385ed4b0; 1 drivers
v0x138589c80_4 .net v0x138589c80 4, 2 0, L_0x1385eda20; 1 drivers
v0x138589c80_5 .net v0x138589c80 5, 2 0, L_0x1385edf10; 1 drivers
v0x138589c80_6 .net v0x138589c80 6, 2 0, L_0x1385ee400; 1 drivers
v0x138589c80_7 .net v0x138589c80 7, 2 0, L_0x1385ee980; 1 drivers
v0x138589dc0_0 .net "o", 2 0, L_0x1385eea60;  1 drivers
L_0x1385ec9d0 .part o0x13005c840, 0, 1;
L_0x1385eccc0 .part o0x13005c840, 1, 1;
L_0x1385ecff0 .part o0x13005c840, 2, 1;
L_0x1385ed2e0 .part o0x13005c840, 3, 1;
L_0x1385ed610 .part o0x13005c840, 4, 1;
L_0x1385edb00 .part o0x13005c840, 5, 1;
L_0x1385edff0 .part o0x13005c840, 6, 1;
L_0x1385ee4e0 .part o0x13005c840, 7, 1;
S_0x138585a60 .scope generate, "MUX_SEQ_GEN[0]" "MUX_SEQ_GEN[0]" 21 19, 21 19 0, S_0x1384be010;
 .timescale -9 -12;
P_0x138585bd0 .param/l "idx" 1 21 19, +C4<00>;
S_0x138585c50 .scope generate, "genblk1" "genblk1" 21 20, 21 20 0, S_0x138585a60;
 .timescale -9 -12;
L_0x13007de00 .functor BUFT 1, C4<1>, C4<0>, C4<0>, C4<0>;
L_0x1385eca70 .functor XNOR 1, L_0x1385ec9d0, L_0x13007de00, C4<0>, C4<0>;
v0x138585e10_0 .net *"_ivl_1", 0 0, L_0x1385ec9d0;  1 drivers
v0x138585ed0_0 .net/2u *"_ivl_2", 0 0, L_0x13007de00;  1 drivers
v0x138585f80_0 .net *"_ivl_4", 0 0, L_0x1385eca70;  1 drivers
L_0x13007de48 .functor BUFT 1, C4<000>, C4<0>, C4<0>, C4<0>;
v0x138586030_0 .net/2u *"_ivl_6", 2 0, L_0x13007de48;  1 drivers
L_0x13007de90 .functor BUFT 1, C4<000>, C4<0>, C4<0>, C4<0>;
v0x1385860e0_0 .net/2u *"_ivl_8", 2 0, L_0x13007de90;  1 drivers
L_0x1385ecb60 .functor MUXZ 3, L_0x13007de90, L_0x13007de48, L_0x1385eca70, C4<>;
S_0x1385861d0 .scope generate, "MUX_SEQ_GEN[1]" "MUX_SEQ_GEN[1]" 21 19, 21 19 0, S_0x1384be010;
 .timescale -9 -12;
P_0x1385863b0 .param/l "idx" 1 21 19, +C4<01>;
S_0x138586430 .scope generate, "genblk1" "genblk1" 21 20, 21 20 0, S_0x1385861d0;
 .timescale -9 -12;
L_0x13007ded8 .functor BUFT 1, C4<1>, C4<0>, C4<0>, C4<0>;
L_0x1385ecda0 .functor XNOR 1, L_0x1385eccc0, L_0x13007ded8, C4<0>, C4<0>;
v0x1385865f0_0 .net *"_ivl_1", 0 0, L_0x1385eccc0;  1 drivers
v0x1385866a0_0 .net/2u *"_ivl_2", 0 0, L_0x13007ded8;  1 drivers
v0x138586750_0 .net *"_ivl_4", 0 0, L_0x1385ecda0;  1 drivers
L_0x13007df20 .functor BUFT 1, C4<001>, C4<0>, C4<0>, C4<0>;
v0x138586800_0 .net/2u *"_ivl_6", 2 0, L_0x13007df20;  1 drivers
L_0x1385ece90 .functor MUXZ 3, L_0x1385ecb60, L_0x13007df20, L_0x1385ecda0, C4<>;
S_0x1385868b0 .scope generate, "MUX_SEQ_GEN[2]" "MUX_SEQ_GEN[2]" 21 19, 21 19 0, S_0x1384be010;
 .timescale -9 -12;
P_0x138586aa0 .param/l "idx" 1 21 19, +C4<010>;
S_0x138586b30 .scope generate, "genblk1" "genblk1" 21 20, 21 20 0, S_0x1385868b0;
 .timescale -9 -12;
L_0x13007df68 .functor BUFT 1, C4<1>, C4<0>, C4<0>, C4<0>;
L_0x1385ed090 .functor XNOR 1, L_0x1385ecff0, L_0x13007df68, C4<0>, C4<0>;
v0x138586cf0_0 .net *"_ivl_1", 0 0, L_0x1385ecff0;  1 drivers
v0x138586db0_0 .net/2u *"_ivl_2", 0 0, L_0x13007df68;  1 drivers
v0x138586e60_0 .net *"_ivl_4", 0 0, L_0x1385ed090;  1 drivers
L_0x13007dfb0 .functor BUFT 1, C4<010>, C4<0>, C4<0>, C4<0>;
v0x138586f10_0 .net/2u *"_ivl_6", 2 0, L_0x13007dfb0;  1 drivers
L_0x1385ed180 .functor MUXZ 3, L_0x1385ece90, L_0x13007dfb0, L_0x1385ed090, C4<>;
S_0x138586fc0 .scope generate, "MUX_SEQ_GEN[3]" "MUX_SEQ_GEN[3]" 21 19, 21 19 0, S_0x1384be010;
 .timescale -9 -12;
P_0x138587190 .param/l "idx" 1 21 19, +C4<011>;
S_0x138587230 .scope generate, "genblk1" "genblk1" 21 20, 21 20 0, S_0x138586fc0;
 .timescale -9 -12;
L_0x13007dff8 .functor BUFT 1, C4<1>, C4<0>, C4<0>, C4<0>;
L_0x1385ed400 .functor XNOR 1, L_0x1385ed2e0, L_0x13007dff8, C4<0>, C4<0>;
v0x1385873f0_0 .net *"_ivl_1", 0 0, L_0x1385ed2e0;  1 drivers
v0x1385874b0_0 .net/2u *"_ivl_2", 0 0, L_0x13007dff8;  1 drivers
v0x138587560_0 .net *"_ivl_4", 0 0, L_0x1385ed400;  1 drivers
L_0x13007e040 .functor BUFT 1, C4<011>, C4<0>, C4<0>, C4<0>;
v0x138587610_0 .net/2u *"_ivl_6", 2 0, L_0x13007e040;  1 drivers
L_0x1385ed4b0 .functor MUXZ 3, L_0x1385ed180, L_0x13007e040, L_0x1385ed400, C4<>;
S_0x1385876c0 .scope generate, "MUX_SEQ_GEN[4]" "MUX_SEQ_GEN[4]" 21 19, 21 19 0, S_0x1384be010;
 .timescale -9 -12;
P_0x1385878d0 .param/l "idx" 1 21 19, +C4<0100>;
S_0x138587970 .scope generate, "genblk1" "genblk1" 21 20, 21 20 0, S_0x1385876c0;
 .timescale -9 -12;
L_0x13007e088 .functor BUFT 1, C4<1>, C4<0>, C4<0>, C4<0>;
L_0x1385ed6b0 .functor XNOR 1, L_0x1385ed610, L_0x13007e088, C4<0>, C4<0>;
v0x138587b30_0 .net *"_ivl_1", 0 0, L_0x1385ed610;  1 drivers
L_0x13007e118 .functor BUFT 1, C4<0>, C4<0>, C4<0>, C4<0>;
v0x138587bd0_0 .net *"_ivl_12", 0 0, L_0x13007e118;  1 drivers
v0x138587c80_0 .net *"_ivl_13", 3 0, L_0x1385ed8c0;  1 drivers
v0x138587d40_0 .net/2u *"_ivl_2", 0 0, L_0x13007e088;  1 drivers
v0x138587df0_0 .net *"_ivl_4", 0 0, L_0x1385ed6b0;  1 drivers
L_0x13007e0d0 .functor BUFT 1, C4<0100>, C4<0>, C4<0>, C4<0>;
v0x138587ed0_0 .net/2u *"_ivl_6", 3 0, L_0x13007e0d0;  1 drivers
v0x138587f80_0 .net *"_ivl_9", 3 0, L_0x1385ed7a0;  1 drivers
L_0x1385ed7a0 .concat [ 3 1 0 0], L_0x1385ed4b0, L_0x13007e118;
L_0x1385ed8c0 .functor MUXZ 4, L_0x1385ed7a0, L_0x13007e0d0, L_0x1385ed6b0, C4<>;
L_0x1385eda20 .part L_0x1385ed8c0, 0, 3;
S_0x138588030 .scope generate, "MUX_SEQ_GEN[5]" "MUX_SEQ_GEN[5]" 21 19, 21 19 0, S_0x1384be010;
 .timescale -9 -12;
P_0x138588200 .param/l "idx" 1 21 19, +C4<0101>;
S_0x1385882a0 .scope generate, "genblk1" "genblk1" 21 20, 21 20 0, S_0x138588030;
 .timescale -9 -12;
L_0x13007e160 .functor BUFT 1, C4<1>, C4<0>, C4<0>, C4<0>;
L_0x1385edba0 .functor XNOR 1, L_0x1385edb00, L_0x13007e160, C4<0>, C4<0>;
v0x138588460_0 .net *"_ivl_1", 0 0, L_0x1385edb00;  1 drivers
L_0x13007e1f0 .functor BUFT 1, C4<0>, C4<0>, C4<0>, C4<0>;
v0x138588500_0 .net *"_ivl_12", 0 0, L_0x13007e1f0;  1 drivers
v0x1385885b0_0 .net *"_ivl_13", 3 0, L_0x1385eddb0;  1 drivers
v0x138588670_0 .net/2u *"_ivl_2", 0 0, L_0x13007e160;  1 drivers
v0x138588720_0 .net *"_ivl_4", 0 0, L_0x1385edba0;  1 drivers
L_0x13007e1a8 .functor BUFT 1, C4<0101>, C4<0>, C4<0>, C4<0>;
v0x138588800_0 .net/2u *"_ivl_6", 3 0, L_0x13007e1a8;  1 drivers
v0x1385888b0_0 .net *"_ivl_9", 3 0, L_0x1385edc90;  1 drivers
L_0x1385edc90 .concat [ 3 1 0 0], L_0x1385eda20, L_0x13007e1f0;
L_0x1385eddb0 .functor MUXZ 4, L_0x1385edc90, L_0x13007e1a8, L_0x1385edba0, C4<>;
L_0x1385edf10 .part L_0x1385eddb0, 0, 3;
S_0x138588960 .scope generate, "MUX_SEQ_GEN[6]" "MUX_SEQ_GEN[6]" 21 19, 21 19 0, S_0x1384be010;
 .timescale -9 -12;
P_0x138588b30 .param/l "idx" 1 21 19, +C4<0110>;
S_0x138588bd0 .scope generate, "genblk1" "genblk1" 21 20, 21 20 0, S_0x138588960;
 .timescale -9 -12;
L_0x13007e238 .functor BUFT 1, C4<1>, C4<0>, C4<0>, C4<0>;
L_0x1385ee090 .functor XNOR 1, L_0x1385edff0, L_0x13007e238, C4<0>, C4<0>;
v0x138588d90_0 .net *"_ivl_1", 0 0, L_0x1385edff0;  1 drivers
L_0x13007e2c8 .functor BUFT 1, C4<0>, C4<0>, C4<0>, C4<0>;
v0x138588e30_0 .net *"_ivl_12", 0 0, L_0x13007e2c8;  1 drivers
v0x138588ee0_0 .net *"_ivl_13", 3 0, L_0x1385ee2a0;  1 drivers
v0x138588fa0_0 .net/2u *"_ivl_2", 0 0, L_0x13007e238;  1 drivers
v0x138589050_0 .net *"_ivl_4", 0 0, L_0x1385ee090;  1 drivers
L_0x13007e280 .functor BUFT 1, C4<0110>, C4<0>, C4<0>, C4<0>;
v0x138589130_0 .net/2u *"_ivl_6", 3 0, L_0x13007e280;  1 drivers
v0x1385891e0_0 .net *"_ivl_9", 3 0, L_0x1385ee180;  1 drivers
L_0x1385ee180 .concat [ 3 1 0 0], L_0x1385edf10, L_0x13007e2c8;
L_0x1385ee2a0 .functor MUXZ 4, L_0x1385ee180, L_0x13007e280, L_0x1385ee090, C4<>;
L_0x1385ee400 .part L_0x1385ee2a0, 0, 3;
S_0x138589290 .scope generate, "MUX_SEQ_GEN[7]" "MUX_SEQ_GEN[7]" 21 19, 21 19 0, S_0x1384be010;
 .timescale -9 -12;
P_0x138589460 .param/l "idx" 1 21 19, +C4<0111>;
S_0x138589500 .scope generate, "genblk1" "genblk1" 21 20, 21 20 0, S_0x138589290;
 .timescale -9 -12;
L_0x13007e310 .functor BUFT 1, C4<1>, C4<0>, C4<0>, C4<0>;
L_0x1385ed380 .functor XNOR 1, L_0x1385ee4e0, L_0x13007e310, C4<0>, C4<0>;
v0x1385896c0_0 .net *"_ivl_1", 0 0, L_0x1385ee4e0;  1 drivers
L_0x13007e3a0 .functor BUFT 1, C4<0>, C4<0>, C4<0>, C4<0>;
v0x138589760_0 .net *"_ivl_12", 0 0, L_0x13007e3a0;  1 drivers
v0x138589810_0 .net *"_ivl_13", 3 0, L_0x1385ee820;  1 drivers
v0x1385898d0_0 .net/2u *"_ivl_2", 0 0, L_0x13007e310;  1 drivers
v0x138589980_0 .net *"_ivl_4", 0 0, L_0x1385ed380;  1 drivers
L_0x13007e358 .functor BUFT 1, C4<0111>, C4<0>, C4<0>, C4<0>;
v0x138589a60_0 .net/2u *"_ivl_6", 3 0, L_0x13007e358;  1 drivers
v0x138589b10_0 .net *"_ivl_9", 3 0, L_0x1385ee700;  1 drivers
L_0x1385ee700 .concat [ 3 1 0 0], L_0x1385ee400, L_0x13007e3a0;
L_0x1385ee820 .functor MUXZ 4, L_0x1385ee700, L_0x13007e358, L_0x1385ed380, C4<>;
L_0x1385ee980 .part L_0x1385ee820, 0, 3;
S_0x1384ba4b0 .scope module, "reorder_buffer" "reorder_buffer" 22 1;
 .timescale -9 -12;
    .port_info 0 /INPUT 1 "clk";
    .port_info 1 /INPUT 1 "rst_n";
    .port_info 2 /INPUT 5 "bwd_id";
    .port_info 3 /INPUT 32 "bwd_data";
    .port_info 4 /INPUT 1 "bwd_vld";
    .port_info 5 /OUTPUT 1 "bwd_rdy";
    .port_info 6 /OUTPUT 32 "fwd_data";
    .port_info 7 /OUTPUT 1 "fwd_vld";
    .port_info 8 /INPUT 1 "fwd_rdy";
    .port_info 9 /INPUT 5 "ord_id";
    .port_info 10 /INPUT 16 "ord_len";
    .port_info 11 /INPUT 1 "ord_vld";
    .port_info 12 /OUTPUT 1 "ord_rdy";
    .port_info 13 /INPUT 20 "buf_id";
P_0x13f728d50 .param/l "BUF_DEPTH" 0 22 4, +C4<00000000000000000000000000010000>;
P_0x13f728d90 .param/l "DATA_W" 0 22 6, +C4<00000000000000000000000000100000>;
P_0x13f728dd0 .param/l "FIX_ID" 0 22 2, +C4<00000000000000000000000000000000>;
P_0x13f728e10 .param/l "ID_ENC_W" 1 22 30, +C4<00000000000000000000000000000010>;
P_0x13f728e50 .param/l "ID_W" 0 22 5, +C4<00000000000000000000000000000101>;
P_0x13f728e90 .param/l "LEN_W" 0 22 7, +C4<00000000000000000000000000010000>;
P_0x13f728ed0 .param/l "ORD_DEPTH" 0 22 3, +C4<00000000000000000000000000000100>;
P_0x13f728f10 .param/l "ORD_INFO_W" 1 22 29, +C4<000000000000000000000000000010101>;
o0x1300604a0 .functor BUFZ 1, c4<z>; HiZ drive
L_0x1385f7260 .functor AND 1, L_0x1385f9be0, o0x1300604a0, C4<1>, C4<1>;
L_0x1385f8e30 .functor AND 1, L_0x1385f84a0, L_0x1385f9290, C4<1>, C4<1>;
L_0x1385f9140 .functor XOR 16, v0x13859f9a0_0, L_0x1385f8f90, C4<0000000000000000>, C4<0000000000000000>;
L_0x1385f9290 .functor AND 1, L_0x1385f91b0, L_0x1385f7260, C4<1>, C4<1>;
L_0x1385f95a0 .functor AND 1, L_0x1385f93c0, L_0x1385f9cd0, C4<1>, C4<1>;
L_0x1385f9820 .functor BUFZ 32, L_0x1385f9650, C4<00000000000000000000000000000000>, C4<00000000000000000000000000000000>, C4<00000000000000000000000000000000>;
L_0x1385f9af0 .functor AND 1, L_0x1385f98d0, L_0x1385f84a0, C4<1>, C4<1>;
L_0x1385f9be0 .functor AND 1, L_0x1385f9af0, L_0x1385f9f40, C4<1>, C4<1>;
v0x13859e450_0 .net *"_ivl_39", 15 0, L_0x1385f9140;  1 drivers
v0x13859e4e0_0 .net *"_ivl_42", 0 0, L_0x1385f91b0;  1 drivers
v0x13859e570_0 .net *"_ivl_45", 0 0, L_0x1385f93c0;  1 drivers
v0x13859e600_0 .net *"_ivl_47", 3 0, L_0x1385f9500;  1 drivers
L_0x13007e820 .functor BUFT 1, C4<00>, C4<0>, C4<0>, C4<0>;
v0x13859e690_0 .net *"_ivl_50", 1 0, L_0x13007e820;  1 drivers
v0x13859e760_0 .net *"_ivl_53", 31 0, L_0x1385f9650;  1 drivers
v0x13859e810_0 .net *"_ivl_55", 3 0, L_0x1385f9460;  1 drivers
L_0x13007e868 .functor BUFT 1, C4<00>, C4<0>, C4<0>, C4<0>;
v0x13859e8c0_0 .net *"_ivl_58", 1 0, L_0x13007e868;  1 drivers
v0x13859e970_0 .net *"_ivl_61", 0 0, L_0x1385f98d0;  1 drivers
v0x13859ea80_0 .net *"_ivl_63", 3 0, L_0x1385f96f0;  1 drivers
L_0x13007e8b0 .functor BUFT 1, C4<00>, C4<0>, C4<0>, C4<0>;
v0x13859eb30_0 .net *"_ivl_66", 1 0, L_0x13007e8b0;  1 drivers
v0x13859ebe0_0 .net *"_ivl_67", 0 0, L_0x1385f9af0;  1 drivers
o0x1300601d0 .functor BUFZ 20, c4<zzzzzzzzzzzzzzzzzzzz>; HiZ drive
v0x13859ec90_0 .net "buf_id", 19 0, o0x1300601d0;  0 drivers
v0x13859ed40 .array "buf_id_pck", 3 0;
v0x13859ed40_0 .net v0x13859ed40 0, 4 0, L_0x1385f64b0; 1 drivers
v0x13859ed40_1 .net v0x13859ed40 1, 4 0, L_0x1385f6840; 1 drivers
v0x13859ed40_2 .net v0x13859ed40 2, 4 0, L_0x1385f6c80; 1 drivers
v0x13859ed40_3 .net v0x13859ed40 3, 4 0, L_0x1385f7020; 1 drivers
o0x13005d1a0 .functor BUFZ 32, c4<zzzzzzzzzzzzzzzzzzzzzzzzzzzzzzzz>; HiZ drive
v0x13859ee40_0 .net "bwd_data", 31 0, o0x13005d1a0;  0 drivers
o0x1300602c0 .functor BUFZ 5, c4<zzzzz>; HiZ drive
v0x13859ef60_0 .net "bwd_id", 4 0, o0x1300602c0;  0 drivers
v0x13859eff0_0 .net "bwd_id_enc", 1 0, L_0x1385f5700;  1 drivers
v0x13859f180_0 .net "bwd_id_ext", 0 0, L_0x1385f9cd0;  1 drivers
v0x13859f210_0 .net "bwd_rdy", 0 0, L_0x1385f95a0;  1 drivers
o0x130060350 .functor BUFZ 1, c4<z>; HiZ drive
v0x13859f2a0_0 .net "bwd_vld", 0 0, o0x130060350;  0 drivers
o0x13005d140 .functor BUFZ 1, c4<z>; HiZ drive
v0x13859f330_0 .net "clk", 0 0, o0x13005d140;  0 drivers
v0x13859f3c0 .array "db_bwd_rdy", 3 0;
v0x13859f3c0_0 .net v0x13859f3c0 0, 0 0, L_0x1385ef730; 1 drivers
v0x13859f3c0_1 .net v0x13859f3c0 1, 0 0, L_0x1385f0d30; 1 drivers
v0x13859f3c0_2 .net v0x13859f3c0 2, 0 0, L_0x1385f2330; 1 drivers
v0x13859f3c0_3 .net v0x13859f3c0 3, 0 0, L_0x1385f3930; 1 drivers
v0x13859f470 .array "db_bwd_vld", 3 0;
v0x13859f470_0 .net v0x13859f470 0, 0 0, L_0x1385f44a0; 1 drivers
v0x13859f470_1 .net v0x13859f470 1, 0 0, L_0x1385f4870; 1 drivers
v0x13859f470_2 .net v0x13859f470 2, 0 0, L_0x1385f4c80; 1 drivers
v0x13859f470_3 .net v0x13859f470 3, 0 0, L_0x1385f50d0; 1 drivers
v0x13859f5a0 .array "db_fwd_dat", 3 0;
v0x13859f5a0_0 .net v0x13859f5a0 0, 31 0, L_0x1385eedb0; 1 drivers
v0x13859f5a0_1 .net v0x13859f5a0 1, 31 0, L_0x1385f03b0; 1 drivers
v0x13859f5a0_2 .net v0x13859f5a0 2, 31 0, L_0x1385f19b0; 1 drivers
v0x13859f5a0_3 .net v0x13859f5a0 3, 31 0, L_0x1385f2fb0; 1 drivers
v0x13859f6d0 .array "db_fwd_rdy", 3 0;
v0x13859f6d0_0 .net v0x13859f6d0 0, 0 0, L_0x1385f4630; 1 drivers
v0x13859f6d0_1 .net v0x13859f6d0 1, 0 0, L_0x1385f4a00; 1 drivers
v0x13859f6d0_2 .net v0x13859f6d0 2, 0 0, L_0x1385f4e50; 1 drivers
v0x13859f6d0_3 .net v0x13859f6d0 3, 0 0, L_0x1385f5260; 1 drivers
v0x13859f800 .array "db_fwd_vld", 3 0;
v0x13859f800_0 .net v0x13859f800 0, 0 0, L_0x1385ef820; 1 drivers
v0x13859f800_1 .net v0x13859f800 1, 0 0, L_0x1385f0e20; 1 drivers
v0x13859f800_2 .net v0x13859f800 2, 0 0, L_0x1385f2420; 1 drivers
v0x13859f800_3 .net v0x13859f800 3, 0 0, L_0x1385f3a20; 1 drivers
v0x13859f910_0 .net "db_id_map", 3 0, L_0x1385f7140;  1 drivers
v0x13859f9a0_0 .var "fwd_dat_cnt", 15 0;
v0x13859fa30_0 .net "fwd_data", 31 0, L_0x1385f9820;  1 drivers
v0x13859fac0_0 .net "fwd_hsk", 0 0, L_0x1385f7260;  1 drivers
v0x13859fb50_0 .net "fwd_ord_id", 4 0, L_0x1385f8eb0;  1 drivers
v0x13859fbe0_0 .net "fwd_ord_id_enc", 1 0, L_0x1385f5fd0;  1 drivers
v0x13859fc90_0 .net "fwd_ord_id_ext", 0 0, L_0x1385f9f40;  1 drivers
v0x13859f080_0 .net "fwd_ord_id_map", 3 0, L_0x1385f74a0;  1 drivers
v0x13859ff20_0 .net "fwd_ord_len", 15 0, L_0x1385f8f90;  1 drivers
v0x13859ffb0_0 .net "fwd_ord_rdy", 0 0, L_0x1385f9290;  1 drivers
v0x1385a0040_0 .net "fwd_ord_vld", 0 0, L_0x1385f84a0;  1 drivers
v0x1385a00d0_0 .net "fwd_rdy", 0 0, o0x1300604a0;  0 drivers
v0x1385a0160_0 .net "fwd_vld", 0 0, L_0x1385f9be0;  1 drivers
v0x1385a01f0_0 .net "ord_hsk", 0 0, L_0x1385f8e30;  1 drivers
o0x130060530 .functor BUFZ 5, c4<zzzzz>; HiZ drive
v0x1385a0280_0 .net "ord_id", 4 0, o0x130060530;  0 drivers
o0x130060560 .functor BUFZ 16, c4<zzzzzzzzzzzzzzzz>; HiZ drive
v0x1385a0310_0 .net "ord_len", 15 0, o0x130060560;  0 drivers
v0x1385a03a0_0 .net "ord_rdy", 0 0, L_0x1385f83b0;  1 drivers
o0x13005fcf0 .functor BUFZ 1, c4<z>; HiZ drive
v0x1385a0450_0 .net "ord_vld", 0 0, o0x13005fcf0;  0 drivers
o0x13005d2c0 .functor BUFZ 1, c4<z>; HiZ drive
v0x1385a0500_0 .net "rst_n", 0 0, o0x13005d2c0;  0 drivers
E_0x138589eb0/0 .event negedge, v0x13858d690_0;
E_0x138589eb0/1 .event posedge, v0x13858d130_0;
E_0x138589eb0 .event/or E_0x138589eb0/0, E_0x138589eb0/1;
L_0x1385f4310 .part L_0x1385f7140, 0, 1;
L_0x1385f4550 .part L_0x1385f74a0, 0, 1;
L_0x1385f46e0 .part L_0x1385f7140, 1, 1;
L_0x1385f4960 .part L_0x1385f74a0, 1, 1;
L_0x1385f4af0 .part L_0x1385f7140, 2, 1;
L_0x1385f4d30 .part L_0x1385f74a0, 2, 1;
L_0x1385f4ec0 .part L_0x1385f7140, 3, 1;
L_0x1385f51c0 .part L_0x1385f74a0, 3, 1;
L_0x1385f64b0 .part o0x1300601d0, 0, 5;
L_0x1385f6840 .part o0x1300601d0, 5, 5;
L_0x1385f6c80 .part o0x1300601d0, 10, 5;
L_0x1385f7020 .part o0x1300601d0, 15, 5;
L_0x1385f7140 .concat8 [ 1 1 1 1], L_0x1385f6610, L_0x1385f6a10, L_0x1385f6df0, L_0x1385f73c0;
L_0x1385f74a0 .concat8 [ 1 1 1 1], L_0x1385f6760, L_0x1385f6ba0, L_0x1385f6f40, L_0x1385f76f0;
L_0x1385f8d90 .concat [ 16 5 0 0], o0x130060560, o0x130060530;
L_0x1385f8eb0 .part L_0x1385f7a70, 16, 5;
L_0x1385f8f90 .part L_0x1385f7a70, 0, 16;
L_0x1385f91b0 .reduce/nor L_0x1385f9140;
L_0x1385f93c0 .array/port v0x13859f3c0, L_0x1385f9500;
L_0x1385f9500 .concat [ 2 2 0 0], L_0x1385f5700, L_0x13007e820;
L_0x1385f9650 .array/port v0x13859f5a0, L_0x1385f9460;
L_0x1385f9460 .concat [ 2 2 0 0], L_0x1385f5fd0, L_0x13007e868;
L_0x1385f98d0 .array/port v0x13859f800, L_0x1385f96f0;
L_0x1385f96f0 .concat [ 2 2 0 0], L_0x1385f5fd0, L_0x13007e8b0;
L_0x1385f9cd0 .reduce/or L_0x1385f7140;
L_0x1385f9f40 .reduce/or L_0x1385f74a0;
S_0x138589f00 .scope generate, "CTRL_MAP[0]" "CTRL_MAP[0]" 22 111, 22 111 0, S_0x1384ba4b0;
 .timescale -9 -12;
P_0x13858a0e0 .param/l "buf_idx" 1 22 111, +C4<00>;
L_0x1385f43f0 .functor AND 1, L_0x1385f4310, o0x130060350, C4<1>, C4<1>;
L_0x1385f44a0 .functor AND 1, L_0x1385f43f0, L_0x1385f9cd0, C4<1>, C4<1>;
L_0x1385f4630 .functor AND 1, L_0x1385f4550, o0x1300604a0, C4<1>, C4<1>;
v0x13858a180_0 .net *"_ivl_1", 0 0, L_0x1385f4310;  1 drivers
v0x13858a230_0 .net *"_ivl_2", 0 0, L_0x1385f43f0;  1 drivers
v0x13858a2e0_0 .net *"_ivl_7", 0 0, L_0x1385f4550;  1 drivers
S_0x13858a3a0 .scope generate, "CTRL_MAP[1]" "CTRL_MAP[1]" 22 111, 22 111 0, S_0x1384ba4b0;
 .timescale -9 -12;
P_0x13858a580 .param/l "buf_idx" 1 22 111, +C4<01>;
L_0x1385f4780 .functor AND 1, L_0x1385f46e0, o0x130060350, C4<1>, C4<1>;
L_0x1385f4870 .functor AND 1, L_0x1385f4780, L_0x1385f9cd0, C4<1>, C4<1>;
L_0x1385f4a00 .functor AND 1, L_0x1385f4960, o0x1300604a0, C4<1>, C4<1>;
v0x13858a610_0 .net *"_ivl_1", 0 0, L_0x1385f46e0;  1 drivers
v0x13858a6c0_0 .net *"_ivl_2", 0 0, L_0x1385f4780;  1 drivers
v0x13858a770_0 .net *"_ivl_7", 0 0, L_0x1385f4960;  1 drivers
S_0x13858a830 .scope generate, "CTRL_MAP[2]" "CTRL_MAP[2]" 22 111, 22 111 0, S_0x1384ba4b0;
 .timescale -9 -12;
P_0x13858aa20 .param/l "buf_idx" 1 22 111, +C4<010>;
L_0x1385f4c10 .functor AND 1, L_0x1385f4af0, o0x130060350, C4<1>, C4<1>;
L_0x1385f4c80 .functor AND 1, L_0x1385f4c10, L_0x1385f9cd0, C4<1>, C4<1>;
L_0x1385f4e50 .functor AND 1, L_0x1385f4d30, o0x1300604a0, C4<1>, C4<1>;
v0x13858aab0_0 .net *"_ivl_1", 0 0, L_0x1385f4af0;  1 drivers
v0x13858ab60_0 .net *"_ivl_2", 0 0, L_0x1385f4c10;  1 drivers
v0x13858ac10_0 .net *"_ivl_7", 0 0, L_0x1385f4d30;  1 drivers
S_0x13858acd0 .scope generate, "CTRL_MAP[3]" "CTRL_MAP[3]" 22 111, 22 111 0, S_0x1384ba4b0;
 .timescale -9 -12;
P_0x13858aea0 .param/l "buf_idx" 1 22 111, +C4<011>;
L_0x1385f4fa0 .functor AND 1, L_0x1385f4ec0, o0x130060350, C4<1>, C4<1>;
L_0x1385f50d0 .functor AND 1, L_0x1385f4fa0, L_0x1385f9cd0, C4<1>, C4<1>;
L_0x1385f5260 .functor AND 1, L_0x1385f51c0, o0x1300604a0, C4<1>, C4<1>;
v0x13858af40_0 .net *"_ivl_1", 0 0, L_0x1385f4ec0;  1 drivers
v0x13858aff0_0 .net *"_ivl_2", 0 0, L_0x1385f4fa0;  1 drivers
v0x13858b0a0_0 .net *"_ivl_7", 0 0, L_0x1385f51c0;  1 drivers
S_0x13858b160 .scope generate, "DATA_BUF[0]" "DATA_BUF[0]" 22 78, 22 78 0, S_0x1384ba4b0;
 .timescale -9 -12;
P_0x13858b370 .param/l "buf_idx" 1 22 78, +C4<00>;
S_0x13858b410 .scope module, "dat_buf" "sync_fifo" 22 84, 23 1 0, S_0x13858b160;
 .timescale -9 -12;
    .port_info 0 /INPUT 1 "clk";
    .port_info 1 /INPUT 32 "data_i";
    .port_info 2 /OUTPUT 32 "data_o";
    .port_info 3 /INPUT 1 "wr_valid_i";
    .port_info 4 /INPUT 1 "rd_valid_i";
    .port_info 5 /OUTPUT 1 "empty_o";
    .port_info 6 /OUTPUT 1 "full_o";
    .port_info 7 /OUTPUT 1 "wr_ready_o";
    .port_info 8 /OUTPUT 1 "rd_ready_o";
    .port_info 9 /OUTPUT 1 "almost_empty_o";
    .port_info 10 /OUTPUT 1 "almost_full_o";
    .port_info 11 /OUTPUT 5 "counter";
    .port_info 12 /INPUT 1 "rst_n";
P_0x13858b5d0 .param/l "ADDR_WIDTH" 0 23 15, +C4<00000000000000000000000000000100>;
P_0x13858b610 .param/str "CONCAT_ORDER" 0 23 11, "LSB";
P_0x13858b650 .param/l "DATA_WIDTH" 0 23 5, +C4<00000000000000000000000000100000>;
P_0x13858b690 .param/str "DECONCAT_ORDER" 0 23 13, "LSB";
P_0x13858b6d0 .param/l "FIFO_DEPTH" 0 23 6, +C4<00000000000000000000000000010000>;
P_0x13858b710 .param/l "FIFO_TYPE" 0 23 4, +C4<00000000000000000000000000000001>;
P_0x13858b750 .param/l "IN_DATA_WIDTH" 0 23 8, +C4<00000000000000000000000000100000>;
P_0x13858b790 .param/l "OUT_DATA_WIDTH" 0 23 9, +C4<00000000000000000000000000100000>;
v0x13858cfe0_0 .net "almost_empty_o", 0 0, L_0x1385efd90;  1 drivers
v0x13858d090_0 .net "almost_full_o", 0 0, L_0x1385f0070;  1 drivers
v0x13858d130_0 .net "clk", 0 0, o0x13005d140;  alias, 0 drivers
v0x13858d1c0_0 .net "counter", 4 0, L_0x1385efb00;  1 drivers
v0x13858d250_0 .net "data_i", 31 0, o0x13005d1a0;  alias, 0 drivers
v0x13858d300_0 .net "data_o", 31 0, L_0x1385eedb0;  alias, 1 drivers
v0x13858d3b0_0 .net "empty_o", 0 0, L_0x1385eef50;  1 drivers
v0x13858d450_0 .net "full_o", 0 0, L_0x1385ef680;  1 drivers
v0x13858d4f0_0 .net "rd_ready_o", 0 0, L_0x1385ef820;  alias, 1 drivers
v0x13858d600_0 .net "rd_valid_i", 0 0, L_0x1385f4630;  alias, 1 drivers
v0x13858d690_0 .net "rst_n", 0 0, o0x13005d2c0;  alias, 0 drivers
v0x13858d730_0 .net "wr_ready_o", 0 0, L_0x1385ef730;  alias, 1 drivers
v0x13858d7d0_0 .net "wr_valid_i", 0 0, L_0x1385f44a0;  alias, 1 drivers
S_0x13858bd20 .scope generate, "NORMAL_FIFO" "NORMAL_FIFO" 23 40, 23 40 0, S_0x13858b410;
 .timescale -9 -12;
L_0x1385eedb0 .functor BUFZ 32, L_0x1385eeb10, C4<00000000000000000000000000000000>, C4<00000000000000000000000000000000>, C4<00000000000000000000000000000000>;
L_0x1385eeea0 .functor XOR 5, v0x13858cde0_0, v0x13858cf30_0, C4<00000>, C4<00000>;
L_0x1385ef1b0 .functor XOR 1, L_0x1385ef030, L_0x1385ef0d0, C4<0>, C4<0>;
L_0x1385ef460 .functor XOR 4, L_0x1385ef2a0, L_0x1385ef3c0, C4<0000>, C4<0000>;
L_0x1385ef680 .functor AND 1, L_0x1385ef1b0, L_0x1385ef550, C4<1>, C4<1>;
L_0x1385ef730 .functor NOT 1, L_0x1385ef680, C4<0>, C4<0>, C4<0>;
L_0x1385ef820 .functor NOT 1, L_0x1385eef50, C4<0>, C4<0>, C4<0>;
L_0x1385ef950 .functor AND 1, L_0x1385f4630, L_0x1385ef820, C4<1>, C4<1>;
L_0x1385efa00 .functor AND 1, L_0x1385f44a0, L_0x1385ef730, C4<1>, C4<1>;
L_0x1385efd20 .functor XOR 5, v0x13858cf30_0, L_0x1385efc80, C4<00000>, C4<00000>;
L_0x1385effa0 .functor XOR 5, L_0x1385efe30, v0x13858cde0_0, C4<00000>, C4<00000>;
v0x13858bf50_0 .net *"_ivl_0", 31 0, L_0x1385eeb10;  1 drivers
v0x13858c010_0 .net *"_ivl_10", 4 0, L_0x1385eeea0;  1 drivers
v0x13858c0b0_0 .net *"_ivl_15", 0 0, L_0x1385ef030;  1 drivers
v0x13858c140_0 .net *"_ivl_17", 0 0, L_0x1385ef0d0;  1 drivers
v0x13858c1d0_0 .net *"_ivl_18", 0 0, L_0x1385ef1b0;  1 drivers
v0x13858c2a0_0 .net *"_ivl_21", 3 0, L_0x1385ef2a0;  1 drivers
v0x13858c350_0 .net *"_ivl_23", 3 0, L_0x1385ef3c0;  1 drivers
v0x13858c400_0 .net *"_ivl_24", 3 0, L_0x1385ef460;  1 drivers
v0x13858c4b0_0 .net *"_ivl_27", 0 0, L_0x1385ef550;  1 drivers
v0x13858c5c0_0 .net *"_ivl_3", 3 0, L_0x1385eebb0;  1 drivers
v0x13858c660_0 .net *"_ivl_4", 5 0, L_0x1385eec50;  1 drivers
L_0x13007e430 .functor BUFT 1, C4<00001>, C4<0>, C4<0>, C4<0>;
v0x13858c710_0 .net/2u *"_ivl_40", 4 0, L_0x13007e430;  1 drivers
v0x13858c7c0_0 .net *"_ivl_42", 4 0, L_0x1385efc80;  1 drivers
v0x13858c870_0 .net *"_ivl_44", 4 0, L_0x1385efd20;  1 drivers
L_0x13007e478 .functor BUFT 1, C4<00001>, C4<0>, C4<0>, C4<0>;
v0x13858c920_0 .net/2u *"_ivl_48", 4 0, L_0x13007e478;  1 drivers
v0x13858c9d0_0 .net *"_ivl_50", 4 0, L_0x1385efe30;  1 drivers
v0x13858ca80_0 .net *"_ivl_52", 4 0, L_0x1385effa0;  1 drivers
L_0x13007e3e8 .functor BUFT 1, C4<00>, C4<0>, C4<0>, C4<0>;
v0x13858cc10_0 .net *"_ivl_7", 1 0, L_0x13007e3e8;  1 drivers
v0x13858cca0 .array "mem", 0 15, 31 0;
v0x13858cd40_0 .net "rd_handshake", 0 0, L_0x1385ef950;  1 drivers
v0x13858cde0_0 .var "rd_ptr", 4 0;
v0x13858ce90_0 .net "wr_handshake", 0 0, L_0x1385efa00;  1 drivers
v0x13858cf30_0 .var "wr_ptr", 4 0;
E_0x13858bef0 .event posedge, v0x13858d130_0;
L_0x1385eeb10 .array/port v0x13858cca0, L_0x1385eec50;
L_0x1385eebb0 .part v0x13858cde0_0, 0, 4;
L_0x1385eec50 .concat [ 4 2 0 0], L_0x1385eebb0, L_0x13007e3e8;
L_0x1385eef50 .reduce/nor L_0x1385eeea0;
L_0x1385ef030 .part v0x13858cde0_0, 4, 1;
L_0x1385ef0d0 .part v0x13858cf30_0, 4, 1;
L_0x1385ef2a0 .part v0x13858cde0_0, 0, 4;
L_0x1385ef3c0 .part v0x13858cf30_0, 0, 4;
L_0x1385ef550 .reduce/nor L_0x1385ef460;
L_0x1385efb00 .arith/sub 5, v0x13858cf30_0, v0x13858cde0_0;
L_0x1385efc80 .arith/sum 5, v0x13858cde0_0, L_0x13007e430;
L_0x1385efd90 .reduce/nor L_0x1385efd20;
L_0x1385efe30 .arith/sum 5, v0x13858cf30_0, L_0x13007e478;
L_0x1385f0070 .reduce/nor L_0x1385effa0;
S_0x13858d9b0 .scope generate, "DATA_BUF[1]" "DATA_BUF[1]" 22 78, 22 78 0, S_0x1384ba4b0;
 .timescale -9 -12;
P_0x13858db70 .param/l "buf_idx" 1 22 78, +C4<01>;
S_0x13858dbf0 .scope module, "dat_buf" "sync_fifo" 22 84, 23 1 0, S_0x13858d9b0;
 .timescale -9 -12;
    .port_info 0 /INPUT 1 "clk";
    .port_info 1 /INPUT 32 "data_i";
    .port_info 2 /OUTPUT 32 "data_o";
    .port_info 3 /INPUT 1 "wr_valid_i";
    .port_info 4 /INPUT 1 "rd_valid_i";
    .port_info 5 /OUTPUT 1 "empty_o";
    .port_info 6 /OUTPUT 1 "full_o";
    .port_info 7 /OUTPUT 1 "wr_ready_o";
    .port_info 8 /OUTPUT 1 "rd_ready_o";
    .port_info 9 /OUTPUT 1 "almost_empty_o";
    .port_info 10 /OUTPUT 1 "almost_full_o";
    .port_info 11 /OUTPUT 5 "counter";
    .port_info 12 /INPUT 1 "rst_n";
P_0x13858dd60 .param/l "ADDR_WIDTH" 0 23 15, +C4<00000000000000000000000000000100>;
P_0x13858dda0 .param/str "CONCAT_ORDER" 0 23 11, "LSB";
P_0x13858dde0 .param/l "DATA_WIDTH" 0 23 5, +C4<00000000000000000000000000100000>;
P_0x13858de20 .param/str "DECONCAT_ORDER" 0 23 13, "LSB";
P_0x13858de60 .param/l "FIFO_DEPTH" 0 23 6, +C4<00000000000000000000000000010000>;
P_0x13858dea0 .param/l "FIFO_TYPE" 0 23 4, +C4<00000000000000000000000000000001>;
P_0x13858dee0 .param/l "IN_DATA_WIDTH" 0 23 8, +C4<00000000000000000000000000100000>;
P_0x13858df20 .param/l "OUT_DATA_WIDTH" 0 23 9, +C4<00000000000000000000000000100000>;
v0x13858f700_0 .net "almost_empty_o", 0 0, L_0x1385f1390;  1 drivers
v0x13858f7b0_0 .net "almost_full_o", 0 0, L_0x1385f1670;  1 drivers
v0x13858f850_0 .net "clk", 0 0, o0x13005d140;  alias, 0 drivers
v0x13858f8e0_0 .net "counter", 4 0, L_0x1385f1100;  1 drivers
v0x13858f970_0 .net "data_i", 31 0, o0x13005d1a0;  alias, 0 drivers
v0x13858fa10_0 .net "data_o", 31 0, L_0x1385f03b0;  alias, 1 drivers
v0x13858fab0_0 .net "empty_o", 0 0, L_0x1385f0550;  1 drivers
v0x13858fb50_0 .net "full_o", 0 0, L_0x1385f0c80;  1 drivers
v0x13858fbf0_0 .net "rd_ready_o", 0 0, L_0x1385f0e20;  alias, 1 drivers
v0x13858fd10_0 .net "rd_valid_i", 0 0, L_0x1385f4a00;  alias, 1 drivers
v0x13858fdb0_0 .net "rst_n", 0 0, o0x13005d2c0;  alias, 0 drivers
v0x13858fe60_0 .net "wr_ready_o", 0 0, L_0x1385f0d30;  alias, 1 drivers
v0x13858fef0_0 .net "wr_valid_i", 0 0, L_0x1385f4870;  alias, 1 drivers
S_0x13858e4a0 .scope generate, "NORMAL_FIFO" "NORMAL_FIFO" 23 40, 23 40 0, S_0x13858dbf0;
 .timescale -9 -12;
L_0x1385f03b0 .functor BUFZ 32, L_0x1385f0110, C4<00000000000000000000000000000000>, C4<00000000000000000000000000000000>, C4<00000000000000000000000000000000>;
L_0x1385f04a0 .functor XOR 5, v0x13858f500_0, v0x13858f650_0, C4<00000>, C4<00000>;
L_0x1385f07b0 .functor XOR 1, L_0x1385f0630, L_0x1385f06d0, C4<0>, C4<0>;
L_0x1385f0a60 .functor XOR 4, L_0x1385f08a0, L_0x1385f09c0, C4<0000>, C4<0000>;
L_0x1385f0c80 .functor AND 1, L_0x1385f07b0, L_0x1385f0b50, C4<1>, C4<1>;
L_0x1385f0d30 .functor NOT 1, L_0x1385f0c80, C4<0>, C4<0>, C4<0>;
L_0x1385f0e20 .functor NOT 1, L_0x1385f0550, C4<0>, C4<0>, C4<0>;
L_0x1385f0f50 .functor AND 1, L_0x1385f4a00, L_0x1385f0e20, C4<1>, C4<1>;
L_0x1385f1000 .functor AND 1, L_0x1385f4870, L_0x1385f0d30, C4<1>, C4<1>;
L_0x1385f1320 .functor XOR 5, v0x13858f650_0, L_0x1385f1280, C4<00000>, C4<00000>;
L_0x1385f15a0 .functor XOR 5, L_0x1385f1430, v0x13858f500_0, C4<00000>, C4<00000>;
v0x13858e670_0 .net *"_ivl_0", 31 0, L_0x1385f0110;  1 drivers
v0x13858e730_0 .net *"_ivl_10", 4 0, L_0x1385f04a0;  1 drivers
v0x13858e7d0_0 .net *"_ivl_15", 0 0, L_0x1385f0630;  1 drivers
v0x13858e860_0 .net *"_ivl_17", 0 0, L_0x1385f06d0;  1 drivers
v0x13858e8f0_0 .net *"_ivl_18", 0 0, L_0x1385f07b0;  1 drivers
v0x13858e9c0_0 .net *"_ivl_21", 3 0, L_0x1385f08a0;  1 drivers
v0x13858ea70_0 .net *"_ivl_23", 3 0, L_0x1385f09c0;  1 drivers
v0x13858eb20_0 .net *"_ivl_24", 3 0, L_0x1385f0a60;  1 drivers
v0x13858ebd0_0 .net *"_ivl_27", 0 0, L_0x1385f0b50;  1 drivers
v0x13858ece0_0 .net *"_ivl_3", 3 0, L_0x1385f01b0;  1 drivers
v0x13858ed80_0 .net *"_ivl_4", 5 0, L_0x1385f0250;  1 drivers
L_0x13007e508 .functor BUFT 1, C4<00001>, C4<0>, C4<0>, C4<0>;
v0x13858ee30_0 .net/2u *"_ivl_40", 4 0, L_0x13007e508;  1 drivers
v0x13858eee0_0 .net *"_ivl_42", 4 0, L_0x1385f1280;  1 drivers
v0x13858ef90_0 .net *"_ivl_44", 4 0, L_0x1385f1320;  1 drivers
L_0x13007e550 .functor BUFT 1, C4<00001>, C4<0>, C4<0>, C4<0>;
v0x13858f040_0 .net/2u *"_ivl_48", 4 0, L_0x13007e550;  1 drivers
v0x13858f0f0_0 .net *"_ivl_50", 4 0, L_0x1385f1430;  1 drivers
v0x13858f1a0_0 .net *"_ivl_52", 4 0, L_0x1385f15a0;  1 drivers
L_0x13007e4c0 .functor BUFT 1, C4<00>, C4<0>, C4<0>, C4<0>;
v0x13858f330_0 .net *"_ivl_7", 1 0, L_0x13007e4c0;  1 drivers
v0x13858f3c0 .array "mem", 0 15, 31 0;
v0x13858f460_0 .net "rd_handshake", 0 0, L_0x1385f0f50;  1 drivers
v0x13858f500_0 .var "rd_ptr", 4 0;
v0x13858f5b0_0 .net "wr_handshake", 0 0, L_0x1385f1000;  1 drivers
v0x13858f650_0 .var "wr_ptr", 4 0;
L_0x1385f0110 .array/port v0x13858f3c0, L_0x1385f0250;
L_0x1385f01b0 .part v0x13858f500_0, 0, 4;
L_0x1385f0250 .concat [ 4 2 0 0], L_0x1385f01b0, L_0x13007e4c0;
L_0x1385f0550 .reduce/nor L_0x1385f04a0;
L_0x1385f0630 .part v0x13858f500_0, 4, 1;
L_0x1385f06d0 .part v0x13858f650_0, 4, 1;
L_0x1385f08a0 .part v0x13858f500_0, 0, 4;
L_0x1385f09c0 .part v0x13858f650_0, 0, 4;
L_0x1385f0b50 .reduce/nor L_0x1385f0a60;
L_0x1385f1100 .arith/sub 5, v0x13858f650_0, v0x13858f500_0;
L_0x1385f1280 .arith/sum 5, v0x13858f500_0, L_0x13007e508;
L_0x1385f1390 .reduce/nor L_0x1385f1320;
L_0x1385f1430 .arith/sum 5, v0x13858f650_0, L_0x13007e550;
L_0x1385f1670 .reduce/nor L_0x1385f15a0;
S_0x138590090 .scope generate, "DATA_BUF[2]" "DATA_BUF[2]" 22 78, 22 78 0, S_0x1384ba4b0;
 .timescale -9 -12;
P_0x138590260 .param/l "buf_idx" 1 22 78, +C4<010>;
S_0x138590300 .scope module, "dat_buf" "sync_fifo" 22 84, 23 1 0, S_0x138590090;
 .timescale -9 -12;
    .port_info 0 /INPUT 1 "clk";
    .port_info 1 /INPUT 32 "data_i";
    .port_info 2 /OUTPUT 32 "data_o";
    .port_info 3 /INPUT 1 "wr_valid_i";
    .port_info 4 /INPUT 1 "rd_valid_i";
    .port_info 5 /OUTPUT 1 "empty_o";
    .port_info 6 /OUTPUT 1 "full_o";
    .port_info 7 /OUTPUT 1 "wr_ready_o";
    .port_info 8 /OUTPUT 1 "rd_ready_o";
    .port_info 9 /OUTPUT 1 "almost_empty_o";
    .port_info 10 /OUTPUT 1 "almost_full_o";
    .port_info 11 /OUTPUT 5 "counter";
    .port_info 12 /INPUT 1 "rst_n";
P_0x138590470 .param/l "ADDR_WIDTH" 0 23 15, +C4<00000000000000000000000000000100>;
P_0x1385904b0 .param/str "CONCAT_ORDER" 0 23 11, "LSB";
P_0x1385904f0 .param/l "DATA_WIDTH" 0 23 5, +C4<00000000000000000000000000100000>;
P_0x138590530 .param/str "DECONCAT_ORDER" 0 23 13, "LSB";
P_0x138590570 .param/l "FIFO_DEPTH" 0 23 6, +C4<00000000000000000000000000010000>;
P_0x1385905b0 .param/l "FIFO_TYPE" 0 23 4, +C4<00000000000000000000000000000001>;
P_0x1385905f0 .param/l "IN_DATA_WIDTH" 0 23 8, +C4<00000000000000000000000000100000>;
P_0x138590630 .param/l "OUT_DATA_WIDTH" 0 23 9, +C4<00000000000000000000000000100000>;
v0x138591e20_0 .net "almost_empty_o", 0 0, L_0x1385f2990;  1 drivers
v0x138591ed0_0 .net "almost_full_o", 0 0, L_0x1385f2c70;  1 drivers
v0x138591f70_0 .net "clk", 0 0, o0x13005d140;  alias, 0 drivers
v0x138592000_0 .net "counter", 4 0, L_0x1385f2700;  1 drivers
v0x138592090_0 .net "data_i", 31 0, o0x13005d1a0;  alias, 0 drivers
v0x1385921a0_0 .net "data_o", 31 0, L_0x1385f19b0;  alias, 1 drivers
v0x138592230_0 .net "empty_o", 0 0, L_0x1385f1b50;  1 drivers
v0x1385922c0_0 .net "full_o", 0 0, L_0x1385f2280;  1 drivers
v0x138592350_0 .net "rd_ready_o", 0 0, L_0x1385f2420;  alias, 1 drivers
v0x138592460_0 .net "rd_valid_i", 0 0, L_0x1385f4e50;  alias, 1 drivers
v0x1385924f0_0 .net "rst_n", 0 0, o0x13005d2c0;  alias, 0 drivers
v0x138592580_0 .net "wr_ready_o", 0 0, L_0x1385f2330;  alias, 1 drivers
v0x138592620_0 .net "wr_valid_i", 0 0, L_0x1385f4c80;  alias, 1 drivers
S_0x138590bc0 .scope generate, "NORMAL_FIFO" "NORMAL_FIFO" 23 40, 23 40 0, S_0x138590300;
 .timescale -9 -12;
L_0x1385f19b0 .functor BUFZ 32, L_0x1385f1710, C4<00000000000000000000000000000000>, C4<00000000000000000000000000000000>, C4<00000000000000000000000000000000>;
L_0x1385f1aa0 .functor XOR 5, v0x138591c20_0, v0x138591d70_0, C4<00000>, C4<00000>;
L_0x1385f1db0 .functor XOR 1, L_0x1385f1c30, L_0x1385f1cd0, C4<0>, C4<0>;
L_0x1385f2060 .functor XOR 4, L_0x1385f1ea0, L_0x1385f1fc0, C4<0000>, C4<0000>;
L_0x1385f2280 .functor AND 1, L_0x1385f1db0, L_0x1385f2150, C4<1>, C4<1>;
L_0x1385f2330 .functor NOT 1, L_0x1385f2280, C4<0>, C4<0>, C4<0>;
L_0x1385f2420 .functor NOT 1, L_0x1385f1b50, C4<0>, C4<0>, C4<0>;
L_0x1385f2550 .functor AND 1, L_0x1385f4e50, L_0x1385f2420, C4<1>, C4<1>;
L_0x1385f2600 .functor AND 1, L_0x1385f4c80, L_0x1385f2330, C4<1>, C4<1>;
L_0x1385f2920 .functor XOR 5, v0x138591d70_0, L_0x1385f2880, C4<00000>, C4<00000>;
L_0x1385f2ba0 .functor XOR 5, L_0x1385f2a30, v0x138591c20_0, C4<00000>, C4<00000>;
v0x138590d90_0 .net *"_ivl_0", 31 0, L_0x1385f1710;  1 drivers
v0x138590e50_0 .net *"_ivl_10", 4 0, L_0x1385f1aa0;  1 drivers
v0x138590ef0_0 .net *"_ivl_15", 0 0, L_0x1385f1c30;  1 drivers
v0x138590f80_0 .net *"_ivl_17", 0 0, L_0x1385f1cd0;  1 drivers
v0x138591010_0 .net *"_ivl_18", 0 0, L_0x1385f1db0;  1 drivers
v0x1385910e0_0 .net *"_ivl_21", 3 0, L_0x1385f1ea0;  1 drivers
v0x138591190_0 .net *"_ivl_23", 3 0, L_0x1385f1fc0;  1 drivers
v0x138591240_0 .net *"_ivl_24", 3 0, L_0x1385f2060;  1 drivers
v0x1385912f0_0 .net *"_ivl_27", 0 0, L_0x1385f2150;  1 drivers
v0x138591400_0 .net *"_ivl_3", 3 0, L_0x1385f17b0;  1 drivers
v0x1385914a0_0 .net *"_ivl_4", 5 0, L_0x1385f1850;  1 drivers
L_0x13007e5e0 .functor BUFT 1, C4<00001>, C4<0>, C4<0>, C4<0>;
v0x138591550_0 .net/2u *"_ivl_40", 4 0, L_0x13007e5e0;  1 drivers
v0x138591600_0 .net *"_ivl_42", 4 0, L_0x1385f2880;  1 drivers
v0x1385916b0_0 .net *"_ivl_44", 4 0, L_0x1385f2920;  1 drivers
L_0x13007e628 .functor BUFT 1, C4<00001>, C4<0>, C4<0>, C4<0>;
v0x138591760_0 .net/2u *"_ivl_48", 4 0, L_0x13007e628;  1 drivers
v0x138591810_0 .net *"_ivl_50", 4 0, L_0x1385f2a30;  1 drivers
v0x1385918c0_0 .net *"_ivl_52", 4 0, L_0x1385f2ba0;  1 drivers
L_0x13007e598 .functor BUFT 1, C4<00>, C4<0>, C4<0>, C4<0>;
v0x138591a50_0 .net *"_ivl_7", 1 0, L_0x13007e598;  1 drivers
v0x138591ae0 .array "mem", 0 15, 31 0;
v0x138591b80_0 .net "rd_handshake", 0 0, L_0x1385f2550;  1 drivers
v0x138591c20_0 .var "rd_ptr", 4 0;
v0x138591cd0_0 .net "wr_handshake", 0 0, L_0x1385f2600;  1 drivers
v0x138591d70_0 .var "wr_ptr", 4 0;
L_0x1385f1710 .array/port v0x138591ae0, L_0x1385f1850;
L_0x1385f17b0 .part v0x138591c20_0, 0, 4;
L_0x1385f1850 .concat [ 4 2 0 0], L_0x1385f17b0, L_0x13007e598;
L_0x1385f1b50 .reduce/nor L_0x1385f1aa0;
L_0x1385f1c30 .part v0x138591c20_0, 4, 1;
L_0x1385f1cd0 .part v0x138591d70_0, 4, 1;
L_0x1385f1ea0 .part v0x138591c20_0, 0, 4;
L_0x1385f1fc0 .part v0x138591d70_0, 0, 4;
L_0x1385f2150 .reduce/nor L_0x1385f2060;
L_0x1385f2700 .arith/sub 5, v0x138591d70_0, v0x138591c20_0;
L_0x1385f2880 .arith/sum 5, v0x138591c20_0, L_0x13007e5e0;
L_0x1385f2990 .reduce/nor L_0x1385f2920;
L_0x1385f2a30 .arith/sum 5, v0x138591d70_0, L_0x13007e628;
L_0x1385f2c70 .reduce/nor L_0x1385f2ba0;
S_0x138592800 .scope generate, "DATA_BUF[3]" "DATA_BUF[3]" 22 78, 22 78 0, S_0x1384ba4b0;
 .timescale -9 -12;
P_0x1385929c0 .param/l "buf_idx" 1 22 78, +C4<011>;
S_0x138592a50 .scope module, "dat_buf" "sync_fifo" 22 84, 23 1 0, S_0x138592800;
 .timescale -9 -12;
    .port_info 0 /INPUT 1 "clk";
    .port_info 1 /INPUT 32 "data_i";
    .port_info 2 /OUTPUT 32 "data_o";
    .port_info 3 /INPUT 1 "wr_valid_i";
    .port_info 4 /INPUT 1 "rd_valid_i";
    .port_info 5 /OUTPUT 1 "empty_o";
    .port_info 6 /OUTPUT 1 "full_o";
    .port_info 7 /OUTPUT 1 "wr_ready_o";
    .port_info 8 /OUTPUT 1 "rd_ready_o";
    .port_info 9 /OUTPUT 1 "almost_empty_o";
    .port_info 10 /OUTPUT 1 "almost_full_o";
    .port_info 11 /OUTPUT 5 "counter";
    .port_info 12 /INPUT 1 "rst_n";
P_0x138592bc0 .param/l "ADDR_WIDTH" 0 23 15, +C4<00000000000000000000000000000100>;
P_0x138592c00 .param/str "CONCAT_ORDER" 0 23 11, "LSB";
P_0x138592c40 .param/l "DATA_WIDTH" 0 23 5, +C4<00000000000000000000000000100000>;
P_0x138592c80 .param/str "DECONCAT_ORDER" 0 23 13, "LSB";
P_0x138592cc0 .param/l "FIFO_DEPTH" 0 23 6, +C4<00000000000000000000000000010000>;
P_0x138592d00 .param/l "FIFO_TYPE" 0 23 4, +C4<00000000000000000000000000000001>;
P_0x138592d40 .param/l "IN_DATA_WIDTH" 0 23 8, +C4<00000000000000000000000000100000>;
P_0x138592d80 .param/l "OUT_DATA_WIDTH" 0 23 9, +C4<00000000000000000000000000100000>;
v0x138594570_0 .net "almost_empty_o", 0 0, L_0x1385f3f90;  1 drivers
v0x138594620_0 .net "almost_full_o", 0 0, L_0x1385f4270;  1 drivers
v0x1385946c0_0 .net "clk", 0 0, o0x13005d140;  alias, 0 drivers
v0x138594750_0 .net "counter", 4 0, L_0x1385f3d00;  1 drivers
v0x1385947e0_0 .net "data_i", 31 0, o0x13005d1a0;  alias, 0 drivers
v0x138594870_0 .net "data_o", 31 0, L_0x1385f2fb0;  alias, 1 drivers
v0x138594920_0 .net "empty_o", 0 0, L_0x1385f3150;  1 drivers
v0x1385949c0_0 .net "full_o", 0 0, L_0x1385f3880;  1 drivers
v0x138594a60_0 .net "rd_ready_o", 0 0, L_0x1385f3a20;  alias, 1 drivers
v0x138594b70_0 .net "rd_valid_i", 0 0, L_0x1385f5260;  alias, 1 drivers
v0x138594c00_0 .net "rst_n", 0 0, o0x13005d2c0;  alias, 0 drivers
v0x138594c90_0 .net "wr_ready_o", 0 0, L_0x1385f3930;  alias, 1 drivers
v0x138594d30_0 .net "wr_valid_i", 0 0, L_0x1385f50d0;  alias, 1 drivers
S_0x138593310 .scope generate, "NORMAL_FIFO" "NORMAL_FIFO" 23 40, 23 40 0, S_0x138592a50;
 .timescale -9 -12;
L_0x1385f2fb0 .functor BUFZ 32, L_0x1385f2d10, C4<00000000000000000000000000000000>, C4<00000000000000000000000000000000>, C4<00000000000000000000000000000000>;
L_0x1385f30a0 .functor XOR 5, v0x138594370_0, v0x1385944c0_0, C4<00000>, C4<00000>;
L_0x1385f33b0 .functor XOR 1, L_0x1385f3230, L_0x1385f32d0, C4<0>, C4<0>;
L_0x1385f3660 .functor XOR 4, L_0x1385f34a0, L_0x1385f35c0, C4<0000>, C4<0000>;
L_0x1385f3880 .functor AND 1, L_0x1385f33b0, L_0x1385f3750, C4<1>, C4<1>;
L_0x1385f3930 .functor NOT 1, L_0x1385f3880, C4<0>, C4<0>, C4<0>;
L_0x1385f3a20 .functor NOT 1, L_0x1385f3150, C4<0>, C4<0>, C4<0>;
L_0x1385f3b50 .functor AND 1, L_0x1385f5260, L_0x1385f3a20, C4<1>, C4<1>;
L_0x1385f3c00 .functor AND 1, L_0x1385f50d0, L_0x1385f3930, C4<1>, C4<1>;
L_0x1385f3f20 .functor XOR 5, v0x1385944c0_0, L_0x1385f3e80, C4<00000>, C4<00000>;
L_0x1385f41a0 .functor XOR 5, L_0x1385f4030, v0x138594370_0, C4<00000>, C4<00000>;
v0x1385934e0_0 .net *"_ivl_0", 31 0, L_0x1385f2d10;  1 drivers
v0x1385935a0_0 .net *"_ivl_10", 4 0, L_0x1385f30a0;  1 drivers
v0x138593640_0 .net *"_ivl_15", 0 0, L_0x1385f3230;  1 drivers
v0x1385936d0_0 .net *"_ivl_17", 0 0, L_0x1385f32d0;  1 drivers
v0x138593760_0 .net *"_ivl_18", 0 0, L_0x1385f33b0;  1 drivers
v0x138593830_0 .net *"_ivl_21", 3 0, L_0x1385f34a0;  1 drivers
v0x1385938e0_0 .net *"_ivl_23", 3 0, L_0x1385f35c0;  1 drivers
v0x138593990_0 .net *"_ivl_24", 3 0, L_0x1385f3660;  1 drivers
v0x138593a40_0 .net *"_ivl_27", 0 0, L_0x1385f3750;  1 drivers
v0x138593b50_0 .net *"_ivl_3", 3 0, L_0x1385f2db0;  1 drivers
v0x138593bf0_0 .net *"_ivl_4", 5 0, L_0x1385f2e50;  1 drivers
L_0x13007e6b8 .functor BUFT 1, C4<00001>, C4<0>, C4<0>, C4<0>;
v0x138593ca0_0 .net/2u *"_ivl_40", 4 0, L_0x13007e6b8;  1 drivers
v0x138593d50_0 .net *"_ivl_42", 4 0, L_0x1385f3e80;  1 drivers
v0x138593e00_0 .net *"_ivl_44", 4 0, L_0x1385f3f20;  1 drivers
L_0x13007e700 .functor BUFT 1, C4<00001>, C4<0>, C4<0>, C4<0>;
v0x138593eb0_0 .net/2u *"_ivl_48", 4 0, L_0x13007e700;  1 drivers
v0x138593f60_0 .net *"_ivl_50", 4 0, L_0x1385f4030;  1 drivers
v0x138594010_0 .net *"_ivl_52", 4 0, L_0x1385f41a0;  1 drivers
L_0x13007e670 .functor BUFT 1, C4<00>, C4<0>, C4<0>, C4<0>;
v0x1385941a0_0 .net *"_ivl_7", 1 0, L_0x13007e670;  1 drivers
v0x138594230 .array "mem", 0 15, 31 0;
v0x1385942d0_0 .net "rd_handshake", 0 0, L_0x1385f3b50;  1 drivers
v0x138594370_0 .var "rd_ptr", 4 0;
v0x138594420_0 .net "wr_handshake", 0 0, L_0x1385f3c00;  1 drivers
v0x1385944c0_0 .var "wr_ptr", 4 0;
L_0x1385f2d10 .array/port v0x138594230, L_0x1385f2e50;
L_0x1385f2db0 .part v0x138594370_0, 0, 4;
L_0x1385f2e50 .concat [ 4 2 0 0], L_0x1385f2db0, L_0x13007e670;
L_0x1385f3150 .reduce/nor L_0x1385f30a0;
L_0x1385f3230 .part v0x138594370_0, 4, 1;
L_0x1385f32d0 .part v0x1385944c0_0, 4, 1;
L_0x1385f34a0 .part v0x138594370_0, 0, 4;
L_0x1385f35c0 .part v0x1385944c0_0, 0, 4;
L_0x1385f3750 .reduce/nor L_0x1385f3660;
L_0x1385f3d00 .arith/sub 5, v0x1385944c0_0, v0x138594370_0;
L_0x1385f3e80 .arith/sum 5, v0x138594370_0, L_0x13007e6b8;
L_0x1385f3f90 .reduce/nor L_0x1385f3f20;
L_0x1385f4030 .arith/sum 5, v0x1385944c0_0, L_0x13007e700;
L_0x1385f4270 .reduce/nor L_0x1385f41a0;
S_0x138594f10 .scope generate, "DYNAMICS_ID" "DYNAMICS_ID" 22 132, 22 132 0, S_0x1384ba4b0;
 .timescale -9 -12;
S_0x138595150 .scope generate, "ID_MAP[0]" "ID_MAP[0]" 22 151, 22 151 0, S_0x138594f10;
 .timescale -9 -12;
P_0x13858b330 .param/l "buf_idx" 1 22 151, +C4<00>;
L_0x1385f65a0 .functor XOR 5, L_0x1385f64b0, o0x1300602c0, C4<00000>, C4<00000>;
L_0x1385f66f0 .functor XOR 5, L_0x1385f64b0, L_0x1385f8eb0, C4<00000>, C4<00000>;
v0x1385952e0_0 .net *"_ivl_11", 0 0, L_0x1385f6760;  1 drivers
v0x138595380_0 .net *"_ivl_3", 4 0, L_0x1385f65a0;  1 drivers
v0x138595430_0 .net *"_ivl_6", 0 0, L_0x1385f6610;  1 drivers
v0x1385954e0_0 .net *"_ivl_8", 4 0, L_0x1385f66f0;  1 drivers
L_0x1385f6610 .reduce/nor L_0x1385f65a0;
L_0x1385f6760 .reduce/nor L_0x1385f66f0;
S_0x138595590 .scope generate, "ID_MAP[1]" "ID_MAP[1]" 22 151, 22 151 0, S_0x138594f10;
 .timescale -9 -12;
P_0x138595770 .param/l "buf_idx" 1 22 151, +C4<01>;
L_0x1385f6920 .functor XOR 5, L_0x1385f6840, o0x1300602c0, C4<00000>, C4<00000>;
L_0x1385f6af0 .functor XOR 5, L_0x1385f6840, L_0x1385f8eb0, C4<00000>, C4<00000>;
v0x138595800_0 .net *"_ivl_11", 0 0, L_0x1385f6ba0;  1 drivers
v0x1385958a0_0 .net *"_ivl_3", 4 0, L_0x1385f6920;  1 drivers
v0x138595950_0 .net *"_ivl_6", 0 0, L_0x1385f6a10;  1 drivers
v0x138595a00_0 .net *"_ivl_8", 4 0, L_0x1385f6af0;  1 drivers
L_0x1385f6a10 .reduce/nor L_0x1385f6920;
L_0x1385f6ba0 .reduce/nor L_0x1385f6af0;
S_0x138595ab0 .scope generate, "ID_MAP[2]" "ID_MAP[2]" 22 151, 22 151 0, S_0x138594f10;
 .timescale -9 -12;
P_0x138595ca0 .param/l "buf_idx" 1 22 151, +C4<010>;
L_0x1385f6d80 .functor XOR 5, L_0x1385f6c80, o0x1300602c0, C4<00000>, C4<00000>;
L_0x1385f6ed0 .functor XOR 5, L_0x1385f6c80, L_0x1385f8eb0, C4<00000>, C4<00000>;
v0x138595d30_0 .net *"_ivl_11", 0 0, L_0x1385f6f40;  1 drivers
v0x138595dd0_0 .net *"_ivl_3", 4 0, L_0x1385f6d80;  1 drivers
v0x138595e80_0 .net *"_ivl_6", 0 0, L_0x1385f6df0;  1 drivers
v0x138595f30_0 .net *"_ivl_8", 4 0, L_0x1385f6ed0;  1 drivers
L_0x1385f6df0 .reduce/nor L_0x1385f6d80;
L_0x1385f6f40 .reduce/nor L_0x1385f6ed0;
S_0x138595fe0 .scope generate, "ID_MAP[3]" "ID_MAP[3]" 22 151, 22 151 0, S_0x138594f10;
 .timescale -9 -12;
P_0x1385961b0 .param/l "buf_idx" 1 22 151, +C4<011>;
L_0x1385f72d0 .functor XOR 5, L_0x1385f7020, o0x1300602c0, C4<00000>, C4<00000>;
L_0x1385f7600 .functor XOR 5, L_0x1385f7020, L_0x1385f8eb0, C4<00000>, C4<00000>;
v0x138596250_0 .net *"_ivl_11", 0 0, L_0x1385f76f0;  1 drivers
v0x1385962f0_0 .net *"_ivl_3", 4 0, L_0x1385f72d0;  1 drivers
v0x1385963a0_0 .net *"_ivl_6", 0 0, L_0x1385f73c0;  1 drivers
v0x138596450_0 .net *"_ivl_8", 4 0, L_0x1385f7600;  1 drivers
L_0x1385f73c0 .reduce/nor L_0x1385f72d0;
L_0x1385f76f0 .reduce/nor L_0x1385f7600;
S_0x138596500 .scope module, "bwd_id_encoder" "onehot_encoder" 22 138, 24 2 0, S_0x138594f10;
 .timescale -9 -12;
    .port_info 0 /INPUT 4 "i";
    .port_info 1 /OUTPUT 2 "o";
P_0x138596700 .param/l "EXT_BIT" 1 24 12, +C4<000000000000000000000000000000000>;
P_0x138596740 .param/l "INPUT_W" 0 24 4, +C4<00000000000000000000000000000100>;
P_0x138596780 .param/l "OUTPUT_W" 0 24 5, +C4<00000000000000000000000000000010>;
v0x138598eb0_0 .net "i", 3 0, L_0x1385f7140;  alias, 1 drivers
v0x138598f60_0 .net "i_ext", 3 0, L_0x1385f5350;  1 drivers
v0x138599010_0 .net "o", 1 0, L_0x1385f5700;  alias, 1 drivers
v0x1385990d0 .array "o_bit_set", 1 0;
v0x1385990d0_0 .net v0x1385990d0 0, 1 0, L_0x1385f5500; 1 drivers
v0x1385990d0_1 .net v0x1385990d0 1, 1 0, L_0x1385f5a20; 1 drivers
L_0x1385f5460 .part L_0x1385f5350, 1, 1;
L_0x1385f5620 .part L_0x1385f5350, 3, 1;
L_0x1385f5700 .concat8 [ 1 1 0 0], L_0x1385f53c0, L_0x1385f5820;
L_0x1385f5900 .part L_0x1385f5350, 2, 1;
L_0x1385f5b00 .part L_0x1385f5350, 3, 1;
S_0x1385969c0 .scope generate, "O_MAP[0]" "O_MAP[0]" 24 29, 24 29 0, S_0x138596500;
 .timescale -9 -12;
P_0x138596b80 .param/l "o_bit_idx" 1 24 29, +C4<00>;
v0x138597a50_0 .net *"_ivl_2", 0 0, L_0x1385f53c0;  1 drivers
L_0x1385f53c0 .reduce/or L_0x1385f5500;
S_0x138596c20 .scope generate, "I_MAP[0]" "I_MAP[0]" 24 30, 24 30 0, S_0x1385969c0;
 .timescale -9 -12;
P_0x138596d90 .param/l "i_bit_idx" 1 24 30, +C4<00>;
S_0x138596e10 .scope generate, "I_MAP[1]" "I_MAP[1]" 24 30, 24 30 0, S_0x1385969c0;
 .timescale -9 -12;
P_0x138596fe0 .param/l "i_bit_idx" 1 24 30, +C4<01>;
S_0x138597070 .scope generate, "genblk1" "genblk1" 24 31, 24 31 0, S_0x138596e10;
 .timescale -9 -12;
v0x138597230_0 .net *"_ivl_3", 0 0, L_0x1385f5460;  1 drivers
S_0x1385972f0 .scope generate, "I_MAP[2]" "I_MAP[2]" 24 30, 24 30 0, S_0x1385969c0;
 .timescale -9 -12;
P_0x1385974e0 .param/l "i_bit_idx" 1 24 30, +C4<010>;
S_0x138597570 .scope generate, "I_MAP[3]" "I_MAP[3]" 24 30, 24 30 0, S_0x1385969c0;
 .timescale -9 -12;
P_0x138597730 .param/l "i_bit_idx" 1 24 30, +C4<011>;
S_0x1385977d0 .scope generate, "genblk1" "genblk1" 24 31, 24 31 0, S_0x138597570;
 .timescale -9 -12;
v0x138597990_0 .net *"_ivl_4", 0 0, L_0x1385f5620;  1 drivers
L_0x1385f5500 .concat8 [ 1 1 0 0], L_0x1385f5460, L_0x1385f5620;
S_0x138597b00 .scope generate, "O_MAP[1]" "O_MAP[1]" 24 29, 24 29 0, S_0x138596500;
 .timescale -9 -12;
P_0x138597ce0 .param/l "o_bit_idx" 1 24 29, +C4<01>;
v0x138598c20_0 .net *"_ivl_2", 0 0, L_0x1385f5820;  1 drivers
L_0x1385f5820 .reduce/or L_0x1385f5a20;
S_0x138597d70 .scope generate, "I_MAP[0]" "I_MAP[0]" 24 30, 24 30 0, S_0x138597b00;
 .timescale -9 -12;
P_0x138597f40 .param/l "i_bit_idx" 1 24 30, +C4<00>;
S_0x138597fe0 .scope generate, "I_MAP[1]" "I_MAP[1]" 24 30, 24 30 0, S_0x138597b00;
 .timescale -9 -12;
P_0x1385981b0 .param/l "i_bit_idx" 1 24 30, +C4<01>;
S_0x138598240 .scope generate, "I_MAP[2]" "I_MAP[2]" 24 30, 24 30 0, S_0x138597b00;
 .timescale -9 -12;
P_0x138598420 .param/l "i_bit_idx" 1 24 30, +C4<010>;
S_0x1385984b0 .scope generate, "genblk1" "genblk1" 24 31, 24 31 0, S_0x138598240;
 .timescale -9 -12;
v0x138598670_0 .net *"_ivl_3", 0 0, L_0x1385f5900;  1 drivers
S_0x138598730 .scope generate, "I_MAP[3]" "I_MAP[3]" 24 30, 24 30 0, S_0x138597b00;
 .timescale -9 -12;
P_0x138598900 .param/l "i_bit_idx" 1 24 30, +C4<011>;
S_0x1385989a0 .scope generate, "genblk1" "genblk1" 24 31, 24 31 0, S_0x138598730;
 .timescale -9 -12;
v0x138598b60_0 .net *"_ivl_4", 0 0, L_0x1385f5b00;  1 drivers
L_0x1385f5a20 .concat8 [ 1 1 0 0], L_0x1385f5900, L_0x1385f5b00;
S_0x138598cd0 .scope generate, "genblk1" "genblk1" 24 21, 24 21 0, S_0x138596500;
 .timescale -9 -12;
L_0x1385f5350 .functor BUFZ 4, L_0x1385f7140, C4<0000>, C4<0000>, C4<0000>;
S_0x1385991d0 .scope module, "ord_id_encoder" "onehot_encoder" 22 146, 24 2 0, S_0x138594f10;
 .timescale -9 -12;
    .port_info 0 /INPUT 4 "i";
    .port_info 1 /OUTPUT 2 "o";
P_0x138599390 .param/l "EXT_BIT" 1 24 12, +C4<000000000000000000000000000000000>;
P_0x1385993d0 .param/l "INPUT_W" 0 24 4, +C4<00000000000000000000000000000100>;
P_0x138599410 .param/l "OUTPUT_W" 0 24 5, +C4<00000000000000000000000000000010>;
v0x13859bb50_0 .net "i", 3 0, L_0x1385f74a0;  alias, 1 drivers
v0x13859bc00_0 .net "i_ext", 3 0, L_0x1385f5be0;  1 drivers
v0x13859bcb0_0 .net "o", 1 0, L_0x1385f5fd0;  alias, 1 drivers
v0x13859bd70 .array "o_bit_set", 1 0;
v0x13859bd70_0 .net v0x13859bd70 0, 1 0, L_0x1385f5dd0; 1 drivers
v0x13859bd70_1 .net v0x13859bd70 1, 1 0, L_0x1385f62f0; 1 drivers
L_0x1385f5cf0 .part L_0x1385f5be0, 1, 1;
L_0x1385f5ef0 .part L_0x1385f5be0, 3, 1;
L_0x1385f5fd0 .concat8 [ 1 1 0 0], L_0x1385f5c50, L_0x1385f60f0;
L_0x1385f61d0 .part L_0x1385f5be0, 2, 1;
L_0x1385f63d0 .part L_0x1385f5be0, 3, 1;
S_0x138599670 .scope generate, "O_MAP[0]" "O_MAP[0]" 24 29, 24 29 0, S_0x1385991d0;
 .timescale -9 -12;
P_0x138599830 .param/l "o_bit_idx" 1 24 29, +C4<00>;
v0x13859a6f0_0 .net *"_ivl_2", 0 0, L_0x1385f5c50;  1 drivers
L_0x1385f5c50 .reduce/or L_0x1385f5dd0;
S_0x1385998c0 .scope generate, "I_MAP[0]" "I_MAP[0]" 24 30, 24 30 0, S_0x138599670;
 .timescale -9 -12;
P_0x138599a30 .param/l "i_bit_idx" 1 24 30, +C4<00>;
S_0x138599ab0 .scope generate, "I_MAP[1]" "I_MAP[1]" 24 30, 24 30 0, S_0x138599670;
 .timescale -9 -12;
P_0x138599c80 .param/l "i_bit_idx" 1 24 30, +C4<01>;
S_0x138599d10 .scope generate, "genblk1" "genblk1" 24 31, 24 31 0, S_0x138599ab0;
 .timescale -9 -12;
v0x138599ed0_0 .net *"_ivl_3", 0 0, L_0x1385f5cf0;  1 drivers
S_0x138599f90 .scope generate, "I_MAP[2]" "I_MAP[2]" 24 30, 24 30 0, S_0x138599670;
 .timescale -9 -12;
P_0x13859a180 .param/l "i_bit_idx" 1 24 30, +C4<010>;
S_0x13859a210 .scope generate, "I_MAP[3]" "I_MAP[3]" 24 30, 24 30 0, S_0x138599670;
 .timescale -9 -12;
P_0x13859a3d0 .param/l "i_bit_idx" 1 24 30, +C4<011>;
S_0x13859a470 .scope generate, "genblk1" "genblk1" 24 31, 24 31 0, S_0x13859a210;
 .timescale -9 -12;
v0x13859a630_0 .net *"_ivl_4", 0 0, L_0x1385f5ef0;  1 drivers
L_0x1385f5dd0 .concat8 [ 1 1 0 0], L_0x1385f5cf0, L_0x1385f5ef0;
S_0x13859a7a0 .scope generate, "O_MAP[1]" "O_MAP[1]" 24 29, 24 29 0, S_0x1385991d0;
 .timescale -9 -12;
P_0x13859a980 .param/l "o_bit_idx" 1 24 29, +C4<01>;
v0x13859b8c0_0 .net *"_ivl_2", 0 0, L_0x1385f60f0;  1 drivers
L_0x1385f60f0 .reduce/or L_0x1385f62f0;
S_0x13859aa10 .scope generate, "I_MAP[0]" "I_MAP[0]" 24 30, 24 30 0, S_0x13859a7a0;
 .timescale -9 -12;
P_0x13859abe0 .param/l "i_bit_idx" 1 24 30, +C4<00>;
S_0x13859ac80 .scope generate, "I_MAP[1]" "I_MAP[1]" 24 30, 24 30 0, S_0x13859a7a0;
 .timescale -9 -12;
P_0x13859ae50 .param/l "i_bit_idx" 1 24 30, +C4<01>;
S_0x13859aee0 .scope generate, "I_MAP[2]" "I_MAP[2]" 24 30, 24 30 0, S_0x13859a7a0;
 .timescale -9 -12;
P_0x13859b0c0 .param/l "i_bit_idx" 1 24 30, +C4<010>;
S_0x13859b150 .scope generate, "genblk1" "genblk1" 24 31, 24 31 0, S_0x13859aee0;
 .timescale -9 -12;
v0x13859b310_0 .net *"_ivl_3", 0 0, L_0x1385f61d0;  1 drivers
S_0x13859b3d0 .scope generate, "I_MAP[3]" "I_MAP[3]" 24 30, 24 30 0, S_0x13859a7a0;
 .timescale -9 -12;
P_0x13859b5a0 .param/l "i_bit_idx" 1 24 30, +C4<011>;
S_0x13859b640 .scope generate, "genblk1" "genblk1" 24 31, 24 31 0, S_0x13859b3d0;
 .timescale -9 -12;
v0x13859b800_0 .net *"_ivl_4", 0 0, L_0x1385f63d0;  1 drivers
L_0x1385f62f0 .concat8 [ 1 1 0 0], L_0x1385f61d0, L_0x1385f63d0;
S_0x13859b970 .scope generate, "genblk1" "genblk1" 24 21, 24 21 0, S_0x1385991d0;
 .timescale -9 -12;
L_0x1385f5be0 .functor BUFZ 4, L_0x1385f74a0, C4<0000>, C4<0000>, C4<0000>;
S_0x13859be70 .scope module, "ord_buf" "sync_fifo" 22 62, 23 1 0, S_0x1384ba4b0;
 .timescale -9 -12;
    .port_info 0 /INPUT 1 "clk";
    .port_info 1 /INPUT 21 "data_i";
    .port_info 2 /OUTPUT 21 "data_o";
    .port_info 3 /INPUT 1 "wr_valid_i";
    .port_info 4 /INPUT 1 "rd_valid_i";
    .port_info 5 /OUTPUT 1 "empty_o";
    .port_info 6 /OUTPUT 1 "full_o";
    .port_info 7 /OUTPUT 1 "wr_ready_o";
    .port_info 8 /OUTPUT 1 "rd_ready_o";
    .port_info 9 /OUTPUT 1 "almost_empty_o";
    .port_info 10 /OUTPUT 1 "almost_full_o";
    .port_info 11 /OUTPUT 5 "counter";
    .port_info 12 /INPUT 1 "rst_n";
P_0x13859c030 .param/l "ADDR_WIDTH" 0 23 15, +C4<00000000000000000000000000000100>;
P_0x13859c070 .param/str "CONCAT_ORDER" 0 23 11, "LSB";
P_0x13859c0b0 .param/l "DATA_WIDTH" 0 23 5, +C4<000000000000000000000000000010101>;
P_0x13859c0f0 .param/str "DECONCAT_ORDER" 0 23 13, "LSB";
P_0x13859c130 .param/l "FIFO_DEPTH" 0 23 6, +C4<00000000000000000000000000010000>;
P_0x13859c170 .param/l "FIFO_TYPE" 0 23 4, +C4<00000000000000000000000000000001>;
P_0x13859c1b0 .param/l "IN_DATA_WIDTH" 0 23 8, +C4<000000000000000000000000000010101>;
P_0x13859c1f0 .param/l "OUT_DATA_WIDTH" 0 23 9, +C4<000000000000000000000000000010101>;
v0x13859da20_0 .net "almost_empty_o", 0 0, L_0x1385f8a10;  1 drivers
v0x13859dad0_0 .net "almost_full_o", 0 0, L_0x1385f8cf0;  1 drivers
v0x13859db70_0 .net "clk", 0 0, o0x13005d140;  alias, 0 drivers
v0x13859dc80_0 .net "counter", 4 0, L_0x1385f8780;  1 drivers
v0x13859dd10_0 .net "data_i", 20 0, L_0x1385f8d90;  1 drivers
v0x13859dda0_0 .net "data_o", 20 0, L_0x1385f7a70;  1 drivers
v0x13859de30_0 .net "empty_o", 0 0, L_0x1385f7bd0;  1 drivers
v0x13859dec0_0 .net "full_o", 0 0, L_0x1385f8300;  1 drivers
v0x13859df60_0 .net "rd_ready_o", 0 0, L_0x1385f84a0;  alias, 1 drivers
v0x13859e070_0 .net "rd_valid_i", 0 0, L_0x1385f9290;  alias, 1 drivers
v0x13859e100_0 .net "rst_n", 0 0, o0x13005d2c0;  alias, 0 drivers
v0x13859e210_0 .net "wr_ready_o", 0 0, L_0x1385f83b0;  alias, 1 drivers
v0x13859e2a0_0 .net "wr_valid_i", 0 0, o0x13005fcf0;  alias, 0 drivers
S_0x13859c7f0 .scope generate, "NORMAL_FIFO" "NORMAL_FIFO" 23 40, 23 40 0, S_0x13859be70;
 .timescale -9 -12;
L_0x1385f7a70 .functor BUFZ 21, L_0x1385f77d0, C4<000000000000000000000>, C4<000000000000000000000>, C4<000000000000000000000>;
L_0x1385f7b20 .functor XOR 5, v0x13859d820_0, v0x13859d970_0, C4<00000>, C4<00000>;
L_0x1385f7e30 .functor XOR 1, L_0x1385f7cb0, L_0x1385f7d50, C4<0>, C4<0>;
L_0x1385f80e0 .functor XOR 4, L_0x1385f7f20, L_0x1385f8040, C4<0000>, C4<0000>;
L_0x1385f8300 .functor AND 1, L_0x1385f7e30, L_0x1385f81d0, C4<1>, C4<1>;
L_0x1385f83b0 .functor NOT 1, L_0x1385f8300, C4<0>, C4<0>, C4<0>;
L_0x1385f84a0 .functor NOT 1, L_0x1385f7bd0, C4<0>, C4<0>, C4<0>;
L_0x1385f85d0 .functor AND 1, L_0x1385f9290, L_0x1385f84a0, C4<1>, C4<1>;
L_0x1385f8680 .functor AND 1, o0x13005fcf0, L_0x1385f83b0, C4<1>, C4<1>;
L_0x1385f89a0 .functor XOR 5, v0x13859d970_0, L_0x1385f8900, C4<00000>, C4<00000>;
L_0x1385f8c20 .functor XOR 5, L_0x1385f8ab0, v0x13859d820_0, C4<00000>, C4<00000>;
v0x13859c550_0 .net *"_ivl_0", 20 0, L_0x1385f77d0;  1 drivers
v0x13859c9d0_0 .net *"_ivl_10", 4 0, L_0x1385f7b20;  1 drivers
v0x13859ca80_0 .net *"_ivl_15", 0 0, L_0x1385f7cb0;  1 drivers
v0x13859cb40_0 .net *"_ivl_17", 0 0, L_0x1385f7d50;  1 drivers
v0x13859cbf0_0 .net *"_ivl_18", 0 0, L_0x1385f7e30;  1 drivers
v0x13859cce0_0 .net *"_ivl_21", 3 0, L_0x1385f7f20;  1 drivers
v0x13859cd90_0 .net *"_ivl_23", 3 0, L_0x1385f8040;  1 drivers
v0x13859ce40_0 .net *"_ivl_24", 3 0, L_0x1385f80e0;  1 drivers
v0x13859cef0_0 .net *"_ivl_27", 0 0, L_0x1385f81d0;  1 drivers
v0x13859d000_0 .net *"_ivl_3", 3 0, L_0x1385f7870;  1 drivers
v0x13859d0a0_0 .net *"_ivl_4", 5 0, L_0x1385f7910;  1 drivers
L_0x13007e790 .functor BUFT 1, C4<00001>, C4<0>, C4<0>, C4<0>;
v0x13859d150_0 .net/2u *"_ivl_40", 4 0, L_0x13007e790;  1 drivers
v0x13859d200_0 .net *"_ivl_42", 4 0, L_0x1385f8900;  1 drivers
v0x13859d2b0_0 .net *"_ivl_44", 4 0, L_0x1385f89a0;  1 drivers
L_0x13007e7d8 .functor BUFT 1, C4<00001>, C4<0>, C4<0>, C4<0>;
v0x13859d360_0 .net/2u *"_ivl_48", 4 0, L_0x13007e7d8;  1 drivers
v0x13859d410_0 .net *"_ivl_50", 4 0, L_0x1385f8ab0;  1 drivers
v0x13859d4c0_0 .net *"_ivl_52", 4 0, L_0x1385f8c20;  1 drivers
L_0x13007e748 .functor BUFT 1, C4<00>, C4<0>, C4<0>, C4<0>;
v0x13859d650_0 .net *"_ivl_7", 1 0, L_0x13007e748;  1 drivers
v0x13859d6e0 .array "mem", 0 15, 20 0;
v0x13859d780_0 .net "rd_handshake", 0 0, L_0x1385f85d0;  1 drivers
v0x13859d820_0 .var "rd_ptr", 4 0;
v0x13859d8d0_0 .net "wr_handshake", 0 0, L_0x1385f8680;  1 drivers
v0x13859d970_0 .var "wr_ptr", 4 0;
L_0x1385f77d0 .array/port v0x13859d6e0, L_0x1385f7910;
L_0x1385f7870 .part v0x13859d820_0, 0, 4;
L_0x1385f7910 .concat [ 4 2 0 0], L_0x1385f7870, L_0x13007e748;
L_0x1385f7bd0 .reduce/nor L_0x1385f7b20;
L_0x1385f7cb0 .part v0x13859d820_0, 4, 1;
L_0x1385f7d50 .part v0x13859d970_0, 4, 1;
L_0x1385f7f20 .part v0x13859d820_0, 0, 4;
L_0x1385f8040 .part v0x13859d970_0, 0, 4;
L_0x1385f81d0 .reduce/nor L_0x1385f80e0;
L_0x1385f8780 .arith/sub 5, v0x13859d970_0, v0x13859d820_0;
L_0x1385f8900 .arith/sum 5, v0x13859d820_0, L_0x13007e790;
L_0x1385f8a10 .reduce/nor L_0x1385f89a0;
L_0x1385f8ab0 .arith/sum 5, v0x13859d970_0, L_0x13007e7d8;
L_0x1385f8cf0 .reduce/nor L_0x1385f8c20;
S_0x1384b9410 .scope module, "splitter" "splitter" 25 1;
 .timescale -9 -12;
    .port_info 0 /INPUT 1 "clk";
    .port_info 1 /INPUT 1 "rst_n";
    .port_info 2 /INPUT 32 "bwd_data";
    .port_info 3 /INPUT 1 "bwd_vld";
    .port_info 4 /OUTPUT 1 "bwd_rdy";
    .port_info 5 /INPUT 32 "rem_data";
    .port_info 6 /INPUT 1 "rem_flg";
    .port_info 7 /OUTPUT 32 "fwd_data";
    .port_info 8 /OUTPUT 1 "fwd_vld";
    .port_info 9 /INPUT 1 "fwd_rdy";
P_0x138468520 .param/l "DATA_W" 0 25 2, +C4<00000000000000000000000000100000>;
o0x130060b30 .functor BUFZ 1, c4<z>; HiZ drive
L_0x1385f9970 .functor NOT 1, o0x130060b30, C4<0>, C4<0>, C4<0>;
L_0x1385f4dd0 .functor AND 1, L_0x1385f9970, L_0x1385fa570, C4<1>, C4<1>;
L_0x1385fa0e0 .functor NOT 1, v0x1385a0d90_0, C4<0>, C4<0>, C4<0>;
L_0x1385fa150 .functor OR 1, L_0x1385f4dd0, L_0x1385fa0e0, C4<0>, C4<0>;
L_0x1385fa200 .functor BUFZ 32, v0x1385a0c80_0, C4<00000000000000000000000000000000>, C4<00000000000000000000000000000000>, C4<00000000000000000000000000000000>;
L_0x1385fa270 .functor BUFZ 1, v0x1385a0d90_0, C4<0>, C4<0>, C4<0>;
o0x130060950 .functor BUFZ 1, c4<z>; HiZ drive
L_0x1385fa440 .functor AND 1, o0x130060950, L_0x1385fa150, C4<1>, C4<1>;
o0x130060aa0 .functor BUFZ 1, c4<z>; HiZ drive
L_0x1385fa570 .functor AND 1, L_0x1385fa270, o0x130060aa0, C4<1>, C4<1>;
v0x1385a0750_0 .net *"_ivl_0", 0 0, L_0x1385f9970;  1 drivers
v0x1385a0810_0 .net *"_ivl_2", 0 0, L_0x1385f4dd0;  1 drivers
v0x1385a08b0_0 .net *"_ivl_4", 0 0, L_0x1385fa0e0;  1 drivers
o0x1300608c0 .functor BUFZ 32, c4<zzzzzzzzzzzzzzzzzzzzzzzzzzzzzzzz>; HiZ drive
v0x1385a0940_0 .net "bwd_data", 31 0, o0x1300608c0;  0 drivers
v0x1385a09d0_0 .net "bwd_hsk", 0 0, L_0x1385fa440;  1 drivers
v0x1385a0aa0_0 .net "bwd_rdy", 0 0, L_0x1385fa150;  1 drivers
v0x1385a0b40_0 .net "bwd_vld", 0 0, o0x130060950;  0 drivers
o0x130060980 .functor BUFZ 1, c4<z>; HiZ drive
v0x1385a0be0_0 .net "clk", 0 0, o0x130060980;  0 drivers
v0x1385a0c80_0 .var "data_buf", 31 0;
v0x1385a0d90_0 .var "data_exist", 0 0;
v0x1385a0e30_0 .net "data_wr_en", 0 0, L_0x1385fa320;  1 drivers
v0x1385a0ed0_0 .net "fwd_data", 31 0, L_0x1385fa200;  1 drivers
v0x1385a0f80_0 .net "fwd_hsk", 0 0, L_0x1385fa570;  1 drivers
v0x1385a1020_0 .net "fwd_rdy", 0 0, o0x130060aa0;  0 drivers
v0x1385a10c0_0 .net "fwd_vld", 0 0, L_0x1385fa270;  1 drivers
o0x130060b00 .functor BUFZ 32, c4<zzzzzzzzzzzzzzzzzzzzzzzzzzzzzzzz>; HiZ drive
v0x1385a1160_0 .net "rem_data", 31 0, o0x130060b00;  0 drivers
v0x1385a1210_0 .net "rem_flg", 0 0, o0x130060b30;  0 drivers
o0x130060b60 .functor BUFZ 1, c4<z>; HiZ drive
v0x1385a13a0_0 .net "rst_n", 0 0, o0x130060b60;  0 drivers
E_0x1385a06a0/0 .event negedge, v0x1385a13a0_0;
E_0x1385a06a0/1 .event posedge, v0x1385a0be0_0;
E_0x1385a06a0 .event/or E_0x1385a06a0/0, E_0x1385a06a0/1;
E_0x1385a0700 .event posedge, v0x1385a0be0_0;
L_0x1385fa320 .functor MUXZ 1, L_0x1385fa440, L_0x1385fa570, o0x130060b30, C4<>;
    .scope S_0x1384b88d0;
T_0 ;
    %wait E_0x13845fa50;
    %load/vec4 v0x138516ae0_0;
    %flag_set/vec4 8;
    %jmp/0xz  T_0.0, 8;
    %load/vec4 v0x1385184d0_0;
    %load/vec4 v0x13841e4c0_0;
    %pad/u 7;
    %ix/vec4 3;
    %ix/load 4, 0, 0; Constant delay
    %assign/vec4/a/d v0x138419410, 0, 4;
T_0.0 ;
    %jmp T_0;
    .thread T_0;
    .scope S_0x1384b88d0;
T_1 ;
    %wait E_0x138440180;
    %load/vec4 v0x138540d80_0;
    %nor/r;
    %flag_set/vec4 8;
    %jmp/0xz  T_1.0, 8;
    %pushi/vec4 0, 0, 6;
    %assign/vec4 v0x1384155d0_0, 0;
    %jmp T_1.1;
T_1.0 ;
    %load/vec4 v0x138516ae0_0;
    %flag_set/vec4 8;
    %jmp/0xz  T_1.2, 8;
    %load/vec4 v0x13841de90_0;
    %assign/vec4 v0x1384155d0_0, 0;
T_1.2 ;
T_1.1 ;
    %jmp T_1;
    .thread T_1;
    .scope S_0x1384b88d0;
T_2 ;
    %wait E_0x138440180;
    %load/vec4 v0x138540d80_0;
    %nor/r;
    %flag_set/vec4 8;
    %jmp/0xz  T_2.0, 8;
    %pushi/vec4 0, 0, 6;
    %assign/vec4 v0x138415c00_0, 0;
    %jmp T_2.1;
T_2.0 ;
    %load/vec4 v0x138416080_0;
    %assign/vec4 v0x138415c00_0, 0;
T_2.1 ;
    %jmp T_2;
    .thread T_2;
    .scope S_0x1384b88d0;
T_3 ;
    %wait E_0x13f7fb3c0;
    %load/vec4 v0x138540d80_0;
    %nor/r;
    %flag_set/vec4 8;
    %jmp/0xz  T_3.0, 8;
    %pushi/vec4 0, 0, 6;
    %assign/vec4 v0x1384194f0_0, 0;
    %jmp T_3.1;
T_3.0 ;
    %load/vec4 v0x13841bc00_0;
    %flag_set/vec4 8;
    %jmp/0xz  T_3.2, 8;
    %load/vec4 v0x138420fb0_0;
    %assign/vec4 v0x1384194f0_0, 0;
T_3.2 ;
T_3.1 ;
    %jmp T_3;
    .thread T_3;
    .scope S_0x1384b88d0;
T_4 ;
    %wait E_0x13f7fb3c0;
    %load/vec4 v0x138540d80_0;
    %nor/r;
    %flag_set/vec4 8;
    %jmp/0xz  T_4.0, 8;
    %pushi/vec4 0, 0, 6;
    %assign/vec4 v0x138420850_0, 0;
    %jmp T_4.1;
T_4.0 ;
    %load/vec4 v0x138420ed0_0;
    %assign/vec4 v0x138420850_0, 0;
T_4.1 ;
    %jmp T_4;
    .thread T_4;
    .scope S_0x1384b2b30;
T_5 ;
    %wait E_0x138440180;
    %load/vec4 v0x138540d80_0;
    %nor/r;
    %flag_set/vec4 8;
    %jmp/0xz  T_5.0, 8;
    %pushi/vec4 0, 0, 6;
    %ix/load 3, 0, 0;
    %flag_set/imm 4, 0;
    %ix/load 4, 0, 0; Constant delay
    %assign/vec4/a/d v0x138421690, 0, 4;
    %jmp T_5.1;
T_5.0 ;
    %load/vec4 v0x138420850_0;
    %ix/load 3, 0, 0;
    %flag_set/imm 4, 0;
    %ix/load 4, 0, 0; Constant delay
    %assign/vec4/a/d v0x138421690, 0, 4;
T_5.1 ;
    %jmp T_5;
    .thread T_5;
    .scope S_0x1384aea40;
T_6 ;
    %wait E_0x138440180;
    %load/vec4 v0x138540d80_0;
    %nor/r;
    %flag_set/vec4 8;
    %jmp/0xz  T_6.0, 8;
    %pushi/vec4 0, 0, 6;
    %ix/load 3, 1, 0;
    %flag_set/imm 4, 0;
    %ix/load 4, 0, 0; Constant delay
    %assign/vec4/a/d v0x138421690, 0, 4;
    %jmp T_6.1;
T_6.0 ;
    %ix/load 4, 0, 0;
    %flag_set/imm 4, 0;
    %load/vec4a v0x138421690, 4;
    %ix/load 3, 1, 0;
    %flag_set/imm 4, 0;
    %ix/load 4, 0, 0; Constant delay
    %assign/vec4/a/d v0x138421690, 0, 4;
T_6.1 ;
    %jmp T_6;
    .thread T_6;
    .scope S_0x1384ac1e0;
T_7 ;
    %wait E_0x13f7fb3c0;
    %load/vec4 v0x138540d80_0;
    %nor/r;
    %flag_set/vec4 8;
    %jmp/0xz  T_7.0, 8;
    %pushi/vec4 0, 0, 6;
    %ix/load 3, 0, 0;
    %flag_set/imm 4, 0;
    %ix/load 4, 0, 0; Constant delay
    %assign/vec4/a/d v0x1384043c0, 0, 4;
    %jmp T_7.1;
T_7.0 ;
    %load/vec4 v0x138415c00_0;
    %ix/load 3, 0, 0;
    %flag_set/imm 4, 0;
    %ix/load 4, 0, 0; Constant delay
    %assign/vec4/a/d v0x1384043c0, 0, 4;
T_7.1 ;
    %jmp T_7;
    .thread T_7;
    .scope S_0x1384fc320;
T_8 ;
    %wait E_0x13f7fb3c0;
    %load/vec4 v0x138540d80_0;
    %nor/r;
    %flag_set/vec4 8;
    %jmp/0xz  T_8.0, 8;
    %pushi/vec4 0, 0, 6;
    %ix/load 3, 1, 0;
    %flag_set/imm 4, 0;
    %ix/load 4, 0, 0; Constant delay
    %assign/vec4/a/d v0x1384043c0, 0, 4;
    %jmp T_8.1;
T_8.0 ;
    %ix/load 4, 0, 0;
    %flag_set/imm 4, 0;
    %load/vec4a v0x1384043c0, 4;
    %ix/load 3, 1, 0;
    %flag_set/imm 4, 0;
    %ix/load 4, 0, 0; Constant delay
    %assign/vec4/a/d v0x1384043c0, 0, 4;
T_8.1 ;
    %jmp T_8;
    .thread T_8;
    .scope S_0x13847bd20;
T_9 ;
    %wait E_0x13f77b0d0;
    %load/vec4 v0x1384cbc80_0;
    %nor/r;
    %flag_set/vec4 8;
    %jmp/0xz  T_9.0, 8;
    %pushi/vec4 0, 0, 1;
    %assign/vec4 v0x13f750330_0, 0;
    %jmp T_9.1;
T_9.0 ;
    %load/vec4 v0x13851dfc0_0;
    %flag_set/vec4 8;
    %jmp/0xz  T_9.2, 8;
    %load/vec4 v0x13f750330_0;
    %inv;
    %assign/vec4 v0x13f750330_0, 0;
T_9.2 ;
T_9.1 ;
    %jmp T_9;
    .thread T_9;
    .scope S_0x13847bd20;
T_10 ;
    %wait E_0x13f77b0d0;
    %load/vec4 v0x1384cbc80_0;
    %nor/r;
    %flag_set/vec4 8;
    %jmp/0xz  T_10.0, 8;
    %pushi/vec4 0, 0, 1;
    %assign/vec4 v0x1383ffc10_0, 0;
    %jmp T_10.1;
T_10.0 ;
    %load/vec4 v0x13823d650_0;
    %flag_set/vec4 8;
    %jmp/0xz  T_10.2, 8;
    %load/vec4 v0x1383ffc10_0;
    %inv;
    %assign/vec4 v0x1383ffc10_0, 0;
T_10.2 ;
T_10.1 ;
    %jmp T_10;
    .thread T_10;
    .scope S_0x13847bd20;
T_11 ;
    %wait E_0x13f77b0d0;
    %load/vec4 v0x1384cbc80_0;
    %nor/r;
    %flag_set/vec4 8;
    %jmp/0xz  T_11.0, 8;
    %jmp T_11.1;
T_11.0 ;
    %load/vec4 v0x13851dfc0_0;
    %flag_set/vec4 8;
    %jmp/0xz  T_11.2, 8;
    %load/vec4 v0x1384b0900_0;
    %assign/vec4 v0x1384b6e60_0, 0;
T_11.2 ;
T_11.1 ;
    %jmp T_11;
    .thread T_11;
    .scope S_0x138541e20;
T_12 ;
    %wait E_0x13f77b0d0;
    %load/vec4 v0x13844ed90_0;
    %flag_set/vec4 8;
    %jmp/0xz  T_12.0, 8;
    %load/vec4 v0x13844dd40_0;
    %assign/vec4 v0x13844f480_0, 0;
T_12.0 ;
    %jmp T_12;
    .thread T_12;
    .scope S_0x138541e20;
T_13 ;
    %wait E_0x13f720640;
    %load/vec4 v0x13844d150_0;
    %inv;
    %flag_set/vec4 8;
    %jmp/0xz  T_13.0, 8;
    %pushi/vec4 0, 0, 1;
    %assign/vec4 v0x13844e7e0_0, 0;
    %jmp T_13.1;
T_13.0 ;
    %load/vec4 v0x13844e750_0;
    %load/vec4 v0x13844ed90_0;
    %or;
    %flag_set/vec4 8;
    %jmp/0xz  T_13.2, 8;
    %load/vec4 v0x13844ed90_0;
    %assign/vec4 v0x13844e7e0_0, 0;
T_13.2 ;
T_13.1 ;
    %jmp T_13;
    .thread T_13;
    .scope S_0x138541e20;
T_14 ;
    %wait E_0x13f720640;
    %load/vec4 v0x13844d150_0;
    %inv;
    %flag_set/vec4 8;
    %jmp/0xz  T_14.0, 8;
    %pushi/vec4 0, 0, 1;
    %assign/vec4 v0x13844e430_0, 0;
    %jmp T_14.1;
T_14.0 ;
    %load/vec4 v0x13844ed90_0;
    %flag_set/vec4 8;
    %jmp/0xz  T_14.2, 8;
    %load/vec4 v0x13844e430_0;
    %inv;
    %assign/vec4 v0x13844e430_0, 0;
T_14.2 ;
T_14.1 ;
    %jmp T_14;
    .thread T_14;
    .scope S_0x138541e20;
T_15 ;
    %wait E_0x13f720640;
    %load/vec4 v0x13844d150_0;
    %inv;
    %flag_set/vec4 8;
    %jmp/0xz  T_15.0, 8;
    %pushi/vec4 0, 0, 1;
    %assign/vec4 v0x13844e3a0_0, 0;
    %jmp T_15.1;
T_15.0 ;
    %load/vec4 v0x13844e750_0;
    %flag_set/vec4 8;
    %jmp/0xz  T_15.2, 8;
    %load/vec4 v0x13844e3a0_0;
    %inv;
    %assign/vec4 v0x13844e3a0_0, 0;
T_15.2 ;
T_15.1 ;
    %jmp T_15;
    .thread T_15;
    .scope S_0x1384794a0;
T_16 ;
    %wait E_0x13f77b0d0;
    %load/vec4 v0x13f7d09b0_0;
    %nor/r;
    %flag_set/vec4 8;
    %jmp/0xz  T_16.0, 8;
    %pushi/vec4 0, 0, 1;
    %assign/vec4 v0x138493340_0, 0;
    %jmp T_16.1;
T_16.0 ;
    %load/vec4 v0x1384ca000_0;
    %flag_set/vec4 8;
    %jmp/0xz  T_16.2, 8;
    %load/vec4 v0x138493340_0;
    %inv;
    %assign/vec4 v0x138493340_0, 0;
T_16.2 ;
T_16.1 ;
    %jmp T_16;
    .thread T_16;
    .scope S_0x1384794a0;
T_17 ;
    %wait E_0x13f77b0d0;
    %load/vec4 v0x13f7d09b0_0;
    %nor/r;
    %flag_set/vec4 8;
    %jmp/0xz  T_17.0, 8;
    %pushi/vec4 0, 0, 1;
    %assign/vec4 v0x13841c050_0, 0;
    %jmp T_17.1;
T_17.0 ;
    %load/vec4 v0x138482ce0_0;
    %flag_set/vec4 8;
    %jmp/0xz  T_17.2, 8;
    %load/vec4 v0x13841c050_0;
    %inv;
    %assign/vec4 v0x13841c050_0, 0;
T_17.2 ;
T_17.1 ;
    %jmp T_17;
    .thread T_17;
    .scope S_0x1384794a0;
T_18 ;
    %wait E_0x13f77b0d0;
    %load/vec4 v0x13f7d09b0_0;
    %nor/r;
    %flag_set/vec4 8;
    %jmp/0xz  T_18.0, 8;
    %jmp T_18.1;
T_18.0 ;
    %load/vec4 v0x1384ca000_0;
    %flag_set/vec4 8;
    %jmp/0xz  T_18.2, 8;
    %load/vec4 v0x138430d90_0;
    %assign/vec4 v0x1384ca990_0, 0;
T_18.2 ;
T_18.1 ;
    %jmp T_18;
    .thread T_18;
    .scope S_0x13847e5a0;
T_19 ;
    %wait E_0x13f77b0d0;
    %load/vec4 v0x138294cb0_0;
    %nor/r;
    %flag_set/vec4 8;
    %jmp/0xz  T_19.0, 8;
    %pushi/vec4 0, 0, 1;
    %assign/vec4 v0x138533510_0, 0;
    %jmp T_19.1;
T_19.0 ;
    %load/vec4 v0x138539090_0;
    %flag_set/vec4 8;
    %jmp/0xz  T_19.2, 8;
    %load/vec4 v0x138533510_0;
    %inv;
    %assign/vec4 v0x138533510_0, 0;
T_19.2 ;
T_19.1 ;
    %jmp T_19;
    .thread T_19;
    .scope S_0x13847e5a0;
T_20 ;
    %wait E_0x13f77b0d0;
    %load/vec4 v0x138294cb0_0;
    %nor/r;
    %flag_set/vec4 8;
    %jmp/0xz  T_20.0, 8;
    %pushi/vec4 0, 0, 1;
    %assign/vec4 v0x138532220_0, 0;
    %jmp T_20.1;
T_20.0 ;
    %load/vec4 v0x138532b90_0;
    %flag_set/vec4 8;
    %jmp/0xz  T_20.2, 8;
    %load/vec4 v0x138532220_0;
    %inv;
    %assign/vec4 v0x138532220_0, 0;
T_20.2 ;
T_20.1 ;
    %jmp T_20;
    .thread T_20;
    .scope S_0x13847e5a0;
T_21 ;
    %wait E_0x13f77b0d0;
    %load/vec4 v0x138294cb0_0;
    %nor/r;
    %flag_set/vec4 8;
    %jmp/0xz  T_21.0, 8;
    %jmp T_21.1;
T_21.0 ;
    %load/vec4 v0x138539090_0;
    %flag_set/vec4 8;
    %jmp/0xz  T_21.2, 8;
    %load/vec4 v0x1385318c0_0;
    %assign/vec4 v0x138538a10_0, 0;
T_21.2 ;
T_21.1 ;
    %jmp T_21;
    .thread T_21;
    .scope S_0x138506030;
T_22 ;
    %wait E_0x13f77b0d0;
    %load/vec4 v0x1384523c0_0;
    %flag_set/vec4 8;
    %jmp/0xz  T_22.0, 8;
    %load/vec4 v0x1384517e0_0;
    %assign/vec4 v0x138452a60_0, 0;
T_22.0 ;
    %jmp T_22;
    .thread T_22;
    .scope S_0x138506030;
T_23 ;
    %wait E_0x13f720640;
    %load/vec4 v0x1384500d0_0;
    %inv;
    %flag_set/vec4 8;
    %jmp/0xz  T_23.0, 8;
    %pushi/vec4 0, 0, 1;
    %assign/vec4 v0x138451e70_0, 0;
    %jmp T_23.1;
T_23.0 ;
    %load/vec4 v0x138451de0_0;
    %load/vec4 v0x1384523c0_0;
    %or;
    %flag_set/vec4 8;
    %jmp/0xz  T_23.2, 8;
    %load/vec4 v0x1384523c0_0;
    %assign/vec4 v0x138451e70_0, 0;
T_23.2 ;
T_23.1 ;
    %jmp T_23;
    .thread T_23;
    .scope S_0x138506030;
T_24 ;
    %wait E_0x13f720640;
    %load/vec4 v0x1384500d0_0;
    %inv;
    %flag_set/vec4 8;
    %jmp/0xz  T_24.0, 8;
    %pushi/vec4 0, 0, 1;
    %assign/vec4 v0x13844bd90_0, 0;
    %jmp T_24.1;
T_24.0 ;
    %load/vec4 v0x1384523c0_0;
    %flag_set/vec4 8;
    %jmp/0xz  T_24.2, 8;
    %load/vec4 v0x13844bd90_0;
    %inv;
    %assign/vec4 v0x13844bd90_0, 0;
T_24.2 ;
T_24.1 ;
    %jmp T_24;
    .thread T_24;
    .scope S_0x138506030;
T_25 ;
    %wait E_0x13f720640;
    %load/vec4 v0x1384500d0_0;
    %inv;
    %flag_set/vec4 8;
    %jmp/0xz  T_25.0, 8;
    %pushi/vec4 0, 0, 1;
    %assign/vec4 v0x13844bd00_0, 0;
    %jmp T_25.1;
T_25.0 ;
    %load/vec4 v0x138451de0_0;
    %flag_set/vec4 8;
    %jmp/0xz  T_25.2, 8;
    %load/vec4 v0x13844bd00_0;
    %inv;
    %assign/vec4 v0x13844bd00_0, 0;
T_25.2 ;
T_25.1 ;
    %jmp T_25;
    .thread T_25;
    .scope S_0x1383fdbe0;
T_26 ;
    %wait E_0x13f720640;
    %load/vec4 v0x13843e110_0;
    %inv;
    %flag_set/vec4 8;
    %jmp/0xz  T_26.0, 8;
    %pushi/vec4 0, 0, 8;
    %assign/vec4 v0x1384bc580_0, 0;
    %jmp T_26.1;
T_26.0 ;
    %load/vec4 v0x13845fc60_0;
    %load/vec4 v0x13845fbd0_0;
    %and;
    %flag_set/vec4 8;
    %jmp/0xz  T_26.2, 8;
    %load/vec4 v0x13845f590_0;
    %flag_set/vec4 8;
    %jmp/0xz  T_26.4, 8;
    %pushi/vec4 0, 0, 8;
    %assign/vec4 v0x1384bc580_0, 0;
    %jmp T_26.5;
T_26.4 ;
    %load/vec4 v0x1384bc580_0;
    %addi 1, 0, 8;
    %assign/vec4 v0x1384bc580_0, 0;
T_26.5 ;
T_26.2 ;
T_26.1 ;
    %jmp T_26;
    .thread T_26;
    .scope S_0x1383fdbe0;
T_27 ;
    %wait E_0x13f720640;
    %load/vec4 v0x13843e110_0;
    %inv;
    %flag_set/vec4 8;
    %jmp/0xz  T_27.0, 8;
    %pushi/vec4 0, 0, 8;
    %assign/vec4 v0x138440210_0, 0;
    %jmp T_27.1;
T_27.0 ;
    %load/vec4 v0x1384672d0_0;
    %load/vec4 v0x138467240_0;
    %and;
    %flag_set/vec4 8;
    %jmp/0xz  T_27.2, 8;
    %load/vec4 v0x138462d30_0;
    %flag_set/vec4 8;
    %jmp/0xz  T_27.4, 8;
    %pushi/vec4 0, 0, 8;
    %assign/vec4 v0x138440210_0, 0;
    %jmp T_27.5;
T_27.4 ;
    %load/vec4 v0x138440210_0;
    %addi 1, 0, 8;
    %assign/vec4 v0x138440210_0, 0;
T_27.5 ;
T_27.2 ;
T_27.1 ;
    %jmp T_27;
    .thread T_27;
    .scope S_0x138545f70;
T_28 ;
    %wait E_0x13829c580;
    %load/vec4 v0x1385496f0_0;
    %nor/r;
    %flag_set/vec4 8;
    %jmp/0xz  T_28.0, 8;
    %pushi/vec4 0, 0, 4;
    %ix/load 3, 0, 0;
    %flag_set/imm 4, 0;
    %ix/load 4, 0, 0; Constant delay
    %assign/vec4/a/d v0x138548f30, 0, 4;
    %jmp T_28.1;
T_28.0 ;
    %load/vec4 v0x138549930_0;
    %load/vec4 v0x138549420_0;
    %nor/r;
    %and;
    %flag_set/vec4 8;
    %jmp/0xz  T_28.2, 8;
    %ix/load 4, 0, 0;
    %flag_set/imm 4, 0;
    %load/vec4a v0x138548fc0, 4;
    %ix/load 3, 0, 0;
    %flag_set/imm 4, 0;
    %ix/load 4, 0, 0; Constant delay
    %assign/vec4/a/d v0x138548f30, 0, 4;
T_28.2 ;
T_28.1 ;
    %jmp T_28;
    .thread T_28;
    .scope S_0x1385460e0;
T_29 ;
    %wait E_0x13829c580;
    %load/vec4 v0x1385496f0_0;
    %nor/r;
    %flag_set/vec4 8;
    %jmp/0xz  T_29.0, 8;
    %pushi/vec4 0, 0, 4;
    %ix/load 3, 1, 0;
    %flag_set/imm 4, 0;
    %ix/load 4, 0, 0; Constant delay
    %assign/vec4/a/d v0x138548f30, 0, 4;
    %jmp T_29.1;
T_29.0 ;
    %load/vec4 v0x138549930_0;
    %load/vec4 v0x138549420_0;
    %nor/r;
    %and;
    %flag_set/vec4 8;
    %jmp/0xz  T_29.2, 8;
    %ix/load 4, 1, 0;
    %flag_set/imm 4, 0;
    %load/vec4a v0x138548fc0, 4;
    %ix/load 3, 1, 0;
    %flag_set/imm 4, 0;
    %ix/load 4, 0, 0; Constant delay
    %assign/vec4/a/d v0x138548f30, 0, 4;
T_29.2 ;
T_29.1 ;
    %jmp T_29;
    .thread T_29;
    .scope S_0x138546250;
T_30 ;
    %wait E_0x13829c580;
    %load/vec4 v0x1385496f0_0;
    %nor/r;
    %flag_set/vec4 8;
    %jmp/0xz  T_30.0, 8;
    %pushi/vec4 0, 0, 4;
    %ix/load 3, 2, 0;
    %flag_set/imm 4, 0;
    %ix/load 4, 0, 0; Constant delay
    %assign/vec4/a/d v0x138548f30, 0, 4;
    %jmp T_30.1;
T_30.0 ;
    %load/vec4 v0x138549930_0;
    %load/vec4 v0x138549420_0;
    %nor/r;
    %and;
    %flag_set/vec4 8;
    %jmp/0xz  T_30.2, 8;
    %ix/load 4, 2, 0;
    %flag_set/imm 4, 0;
    %load/vec4a v0x138548fc0, 4;
    %ix/load 3, 2, 0;
    %flag_set/imm 4, 0;
    %ix/load 4, 0, 0; Constant delay
    %assign/vec4/a/d v0x138548f30, 0, 4;
T_30.2 ;
T_30.1 ;
    %jmp T_30;
    .thread T_30;
    .scope S_0x1385463c0;
T_31 ;
    %wait E_0x13829c580;
    %load/vec4 v0x1385496f0_0;
    %nor/r;
    %flag_set/vec4 8;
    %jmp/0xz  T_31.0, 8;
    %pushi/vec4 0, 0, 4;
    %ix/load 3, 3, 0;
    %flag_set/imm 4, 0;
    %ix/load 4, 0, 0; Constant delay
    %assign/vec4/a/d v0x138548f30, 0, 4;
    %jmp T_31.1;
T_31.0 ;
    %load/vec4 v0x138549930_0;
    %load/vec4 v0x138549420_0;
    %nor/r;
    %and;
    %flag_set/vec4 8;
    %jmp/0xz  T_31.2, 8;
    %ix/load 4, 3, 0;
    %flag_set/imm 4, 0;
    %load/vec4a v0x138548fc0, 4;
    %ix/load 3, 3, 0;
    %flag_set/imm 4, 0;
    %ix/load 4, 0, 0; Constant delay
    %assign/vec4/a/d v0x138548f30, 0, 4;
T_31.2 ;
T_31.1 ;
    %jmp T_31;
    .thread T_31;
    .scope S_0x138546530;
T_32 ;
    %wait E_0x13829c580;
    %load/vec4 v0x1385496f0_0;
    %nor/r;
    %flag_set/vec4 8;
    %jmp/0xz  T_32.0, 8;
    %pushi/vec4 0, 0, 4;
    %ix/load 3, 4, 0;
    %flag_set/imm 4, 0;
    %ix/load 4, 0, 0; Constant delay
    %assign/vec4/a/d v0x138548f30, 0, 4;
    %jmp T_32.1;
T_32.0 ;
    %load/vec4 v0x138549930_0;
    %load/vec4 v0x138549420_0;
    %nor/r;
    %and;
    %flag_set/vec4 8;
    %jmp/0xz  T_32.2, 8;
    %ix/load 4, 4, 0;
    %flag_set/imm 4, 0;
    %load/vec4a v0x138548fc0, 4;
    %ix/load 3, 4, 0;
    %flag_set/imm 4, 0;
    %ix/load 4, 0, 0; Constant delay
    %assign/vec4/a/d v0x138548f30, 0, 4;
T_32.2 ;
T_32.1 ;
    %jmp T_32;
    .thread T_32;
    .scope S_0x1385466a0;
T_33 ;
    %wait E_0x13829c580;
    %load/vec4 v0x1385496f0_0;
    %nor/r;
    %flag_set/vec4 8;
    %jmp/0xz  T_33.0, 8;
    %pushi/vec4 0, 0, 4;
    %ix/load 3, 5, 0;
    %flag_set/imm 4, 0;
    %ix/load 4, 0, 0; Constant delay
    %assign/vec4/a/d v0x138548f30, 0, 4;
    %jmp T_33.1;
T_33.0 ;
    %load/vec4 v0x138549930_0;
    %load/vec4 v0x138549420_0;
    %nor/r;
    %and;
    %flag_set/vec4 8;
    %jmp/0xz  T_33.2, 8;
    %ix/load 4, 5, 0;
    %flag_set/imm 4, 0;
    %load/vec4a v0x138548fc0, 4;
    %ix/load 3, 5, 0;
    %flag_set/imm 4, 0;
    %ix/load 4, 0, 0; Constant delay
    %assign/vec4/a/d v0x138548f30, 0, 4;
T_33.2 ;
T_33.1 ;
    %jmp T_33;
    .thread T_33;
    .scope S_0x138546810;
T_34 ;
    %wait E_0x13829c580;
    %load/vec4 v0x1385496f0_0;
    %nor/r;
    %flag_set/vec4 8;
    %jmp/0xz  T_34.0, 8;
    %pushi/vec4 0, 0, 4;
    %ix/load 3, 6, 0;
    %flag_set/imm 4, 0;
    %ix/load 4, 0, 0; Constant delay
    %assign/vec4/a/d v0x138548f30, 0, 4;
    %jmp T_34.1;
T_34.0 ;
    %load/vec4 v0x138549930_0;
    %load/vec4 v0x138549420_0;
    %nor/r;
    %and;
    %flag_set/vec4 8;
    %jmp/0xz  T_34.2, 8;
    %ix/load 4, 6, 0;
    %flag_set/imm 4, 0;
    %load/vec4a v0x138548fc0, 4;
    %ix/load 3, 6, 0;
    %flag_set/imm 4, 0;
    %ix/load 4, 0, 0; Constant delay
    %assign/vec4/a/d v0x138548f30, 0, 4;
T_34.2 ;
T_34.1 ;
    %jmp T_34;
    .thread T_34;
    .scope S_0x138546980;
T_35 ;
    %wait E_0x13829c580;
    %load/vec4 v0x1385496f0_0;
    %nor/r;
    %flag_set/vec4 8;
    %jmp/0xz  T_35.0, 8;
    %pushi/vec4 0, 0, 4;
    %ix/load 3, 7, 0;
    %flag_set/imm 4, 0;
    %ix/load 4, 0, 0; Constant delay
    %assign/vec4/a/d v0x138548f30, 0, 4;
    %jmp T_35.1;
T_35.0 ;
    %load/vec4 v0x138549930_0;
    %load/vec4 v0x138549420_0;
    %nor/r;
    %and;
    %flag_set/vec4 8;
    %jmp/0xz  T_35.2, 8;
    %ix/load 4, 7, 0;
    %flag_set/imm 4, 0;
    %load/vec4a v0x138548fc0, 4;
    %ix/load 3, 7, 0;
    %flag_set/imm 4, 0;
    %ix/load 4, 0, 0; Constant delay
    %assign/vec4/a/d v0x138548f30, 0, 4;
T_35.2 ;
T_35.1 ;
    %jmp T_35;
    .thread T_35;
    .scope S_0x138545b50;
T_36 ;
    %wait E_0x13829c580;
    %load/vec4 v0x1385496f0_0;
    %nor/r;
    %flag_set/vec4 8;
    %jmp/0xz  T_36.0, 8;
    %pushi/vec4 0, 0, 4;
    %assign/vec4 v0x138549780_0, 0;
    %jmp T_36.1;
T_36.0 ;
    %load/vec4 v0x138549930_0;
    %load/vec4 v0x138549420_0;
    %nor/r;
    %and;
    %flag_set/vec4 8;
    %jmp/0xz  T_36.2, 8;
    %load/vec4 v0x138549810_0;
    %assign/vec4 v0x138549780_0, 0;
T_36.2 ;
T_36.1 ;
    %jmp T_36;
    .thread T_36;
    .scope S_0x138545b50;
T_37 ;
    %wait E_0x13829c580;
    %load/vec4 v0x1385496f0_0;
    %nor/r;
    %flag_set/vec4 8;
    %jmp/0xz  T_37.0, 8;
    %pushi/vec4 0, 0, 4;
    %assign/vec4 v0x1385494b0_0, 0;
    %jmp T_37.1;
T_37.0 ;
    %load/vec4 v0x138549660_0;
    %load/vec4 v0x138549390_0;
    %nor/r;
    %and;
    %flag_set/vec4 8;
    %jmp/0xz  T_37.2, 8;
    %load/vec4 v0x138549540_0;
    %assign/vec4 v0x1385494b0_0, 0;
T_37.2 ;
T_37.1 ;
    %jmp T_37;
    .thread T_37;
    .scope S_0x13854a1c0;
T_38 ;
    %wait E_0x13829c580;
    %load/vec4 v0x13854c4c0_0;
    %nor/r;
    %flag_set/vec4 8;
    %jmp/0xz  T_38.0, 8;
    %pushi/vec4 0, 0, 45;
    %ix/load 3, 0, 0;
    %flag_set/imm 4, 0;
    %ix/load 4, 0, 0; Constant delay
    %assign/vec4/a/d v0x13854bd00, 0, 4;
    %jmp T_38.1;
T_38.0 ;
    %load/vec4 v0x13854c700_0;
    %load/vec4 v0x13854c1f0_0;
    %nor/r;
    %and;
    %flag_set/vec4 8;
    %jmp/0xz  T_38.2, 8;
    %ix/load 4, 0, 0;
    %flag_set/imm 4, 0;
    %load/vec4a v0x13854bd90, 4;
    %ix/load 3, 0, 0;
    %flag_set/imm 4, 0;
    %ix/load 4, 0, 0; Constant delay
    %assign/vec4/a/d v0x13854bd00, 0, 4;
T_38.2 ;
T_38.1 ;
    %jmp T_38;
    .thread T_38;
    .scope S_0x13854a330;
T_39 ;
    %wait E_0x13829c580;
    %load/vec4 v0x13854c4c0_0;
    %nor/r;
    %flag_set/vec4 8;
    %jmp/0xz  T_39.0, 8;
    %pushi/vec4 0, 0, 45;
    %ix/load 3, 1, 0;
    %flag_set/imm 4, 0;
    %ix/load 4, 0, 0; Constant delay
    %assign/vec4/a/d v0x13854bd00, 0, 4;
    %jmp T_39.1;
T_39.0 ;
    %load/vec4 v0x13854c700_0;
    %load/vec4 v0x13854c1f0_0;
    %nor/r;
    %and;
    %flag_set/vec4 8;
    %jmp/0xz  T_39.2, 8;
    %ix/load 4, 1, 0;
    %flag_set/imm 4, 0;
    %load/vec4a v0x13854bd90, 4;
    %ix/load 3, 1, 0;
    %flag_set/imm 4, 0;
    %ix/load 4, 0, 0; Constant delay
    %assign/vec4/a/d v0x13854bd00, 0, 4;
T_39.2 ;
T_39.1 ;
    %jmp T_39;
    .thread T_39;
    .scope S_0x13854a4a0;
T_40 ;
    %wait E_0x13829c580;
    %load/vec4 v0x13854c4c0_0;
    %nor/r;
    %flag_set/vec4 8;
    %jmp/0xz  T_40.0, 8;
    %pushi/vec4 0, 0, 45;
    %ix/load 3, 2, 0;
    %flag_set/imm 4, 0;
    %ix/load 4, 0, 0; Constant delay
    %assign/vec4/a/d v0x13854bd00, 0, 4;
    %jmp T_40.1;
T_40.0 ;
    %load/vec4 v0x13854c700_0;
    %load/vec4 v0x13854c1f0_0;
    %nor/r;
    %and;
    %flag_set/vec4 8;
    %jmp/0xz  T_40.2, 8;
    %ix/load 4, 2, 0;
    %flag_set/imm 4, 0;
    %load/vec4a v0x13854bd90, 4;
    %ix/load 3, 2, 0;
    %flag_set/imm 4, 0;
    %ix/load 4, 0, 0; Constant delay
    %assign/vec4/a/d v0x13854bd00, 0, 4;
T_40.2 ;
T_40.1 ;
    %jmp T_40;
    .thread T_40;
    .scope S_0x13854a610;
T_41 ;
    %wait E_0x13829c580;
    %load/vec4 v0x13854c4c0_0;
    %nor/r;
    %flag_set/vec4 8;
    %jmp/0xz  T_41.0, 8;
    %pushi/vec4 0, 0, 45;
    %ix/load 3, 3, 0;
    %flag_set/imm 4, 0;
    %ix/load 4, 0, 0; Constant delay
    %assign/vec4/a/d v0x13854bd00, 0, 4;
    %jmp T_41.1;
T_41.0 ;
    %load/vec4 v0x13854c700_0;
    %load/vec4 v0x13854c1f0_0;
    %nor/r;
    %and;
    %flag_set/vec4 8;
    %jmp/0xz  T_41.2, 8;
    %ix/load 4, 3, 0;
    %flag_set/imm 4, 0;
    %load/vec4a v0x13854bd90, 4;
    %ix/load 3, 3, 0;
    %flag_set/imm 4, 0;
    %ix/load 4, 0, 0; Constant delay
    %assign/vec4/a/d v0x13854bd00, 0, 4;
T_41.2 ;
T_41.1 ;
    %jmp T_41;
    .thread T_41;
    .scope S_0x138549e30;
T_42 ;
    %wait E_0x13829c580;
    %load/vec4 v0x13854c4c0_0;
    %nor/r;
    %flag_set/vec4 8;
    %jmp/0xz  T_42.0, 8;
    %pushi/vec4 0, 0, 3;
    %assign/vec4 v0x13854c550_0, 0;
    %jmp T_42.1;
T_42.0 ;
    %load/vec4 v0x13854c700_0;
    %load/vec4 v0x13854c1f0_0;
    %nor/r;
    %and;
    %flag_set/vec4 8;
    %jmp/0xz  T_42.2, 8;
    %load/vec4 v0x13854c5e0_0;
    %assign/vec4 v0x13854c550_0, 0;
T_42.2 ;
T_42.1 ;
    %jmp T_42;
    .thread T_42;
    .scope S_0x138549e30;
T_43 ;
    %wait E_0x13829c580;
    %load/vec4 v0x13854c4c0_0;
    %nor/r;
    %flag_set/vec4 8;
    %jmp/0xz  T_43.0, 8;
    %pushi/vec4 0, 0, 3;
    %assign/vec4 v0x13854c280_0, 0;
    %jmp T_43.1;
T_43.0 ;
    %load/vec4 v0x13854c430_0;
    %load/vec4 v0x13854c160_0;
    %nor/r;
    %and;
    %flag_set/vec4 8;
    %jmp/0xz  T_43.2, 8;
    %load/vec4 v0x13854c310_0;
    %assign/vec4 v0x13854c280_0, 0;
T_43.2 ;
T_43.1 ;
    %jmp T_43;
    .thread T_43;
    .scope S_0x138549cc0;
T_44 ;
    %wait E_0x13829c580;
    %load/vec4 v0x13854da90_0;
    %nor/r;
    %flag_set/vec4 8;
    %jmp/0xz  T_44.0, 8;
    %jmp T_44.1;
T_44.0 ;
    %load/vec4 v0x13854d6a0_0;
    %assign/vec4 v0x13854cd30_0, 0;
T_44.1 ;
    %jmp T_44;
    .thread T_44;
    .scope S_0x138549cc0;
T_45 ;
    %wait E_0x13829c580;
    %load/vec4 v0x13854da90_0;
    %nor/r;
    %flag_set/vec4 8;
    %jmp/0xz  T_45.0, 8;
    %pushi/vec4 0, 0, 1;
    %assign/vec4 v0x13854d000_0, 0;
    %jmp T_45.1;
T_45.0 ;
    %load/vec4 v0x13854d7c0_0;
    %assign/vec4 v0x13854d000_0, 0;
T_45.1 ;
    %jmp T_45;
    .thread T_45;
    .scope S_0x138549cc0;
T_46 ;
    %wait E_0x13829c580;
    %load/vec4 v0x13854da90_0;
    %nor/r;
    %flag_set/vec4 8;
    %jmp/0xz  T_46.0, 8;
    %pushi/vec4 1, 0, 1;
    %assign/vec4 v0x13854cf70_0, 0;
    %pushi/vec4 1, 0, 1;
    %assign/vec4 v0x13854cee0_0, 0;
    %jmp T_46.1;
T_46.0 ;
    %load/vec4 v0x13854ce50_0;
    %assign/vec4 v0x13854cf70_0, 0;
    %load/vec4 v0x13854cf70_0;
    %assign/vec4 v0x13854cee0_0, 0;
T_46.1 ;
    %jmp T_46;
    .thread T_46;
    .scope S_0x1385442b0;
T_47 ;
    %wait E_0x13829c580;
    %load/vec4 v0x13854dbb0_0;
    %inv;
    %flag_set/vec4 8;
    %jmp/0xz  T_47.0, 8;
    %pushi/vec4 0, 0, 3;
    %assign/vec4 v0x13854fb60_0, 0;
    %jmp T_47.1;
T_47.0 ;
    %load/vec4 v0x13854fbf0_0;
    %flag_set/vec4 8;
    %jmp/0xz  T_47.2, 8;
    %load/vec4 v0x13854fad0_0;
    %assign/vec4 v0x13854fb60_0, 0;
T_47.2 ;
T_47.1 ;
    %jmp T_47;
    .thread T_47;
    .scope S_0x13856a9a0;
T_48 ;
    %wait E_0x13829c580;
    %load/vec4 v0x13856da20_0;
    %nor/r;
    %flag_set/vec4 8;
    %jmp/0xz  T_48.0, 8;
    %pushi/vec4 0, 0, 33;
    %ix/load 3, 0, 0;
    %flag_set/imm 4, 0;
    %ix/load 4, 0, 0; Constant delay
    %assign/vec4/a/d v0x13856d0d0, 0, 4;
    %jmp T_48.1;
T_48.0 ;
    %load/vec4 v0x13856dcc0_0;
    %load/vec4 v0x13856d6d0_0;
    %nor/r;
    %and;
    %flag_set/vec4 8;
    %jmp/0xz  T_48.2, 8;
    %ix/load 4, 0, 0;
    %flag_set/imm 4, 0;
    %load/vec4a v0x13856d1d0, 4;
    %ix/load 3, 0, 0;
    %flag_set/imm 4, 0;
    %ix/load 4, 0, 0; Constant delay
    %assign/vec4/a/d v0x13856d0d0, 0, 4;
T_48.2 ;
T_48.1 ;
    %jmp T_48;
    .thread T_48;
    .scope S_0x13856abe0;
T_49 ;
    %wait E_0x13829c580;
    %load/vec4 v0x13856da20_0;
    %nor/r;
    %flag_set/vec4 8;
    %jmp/0xz  T_49.0, 8;
    %pushi/vec4 0, 0, 33;
    %ix/load 3, 1, 0;
    %flag_set/imm 4, 0;
    %ix/load 4, 0, 0; Constant delay
    %assign/vec4/a/d v0x13856d0d0, 0, 4;
    %jmp T_49.1;
T_49.0 ;
    %load/vec4 v0x13856dcc0_0;
    %load/vec4 v0x13856d6d0_0;
    %nor/r;
    %and;
    %flag_set/vec4 8;
    %jmp/0xz  T_49.2, 8;
    %ix/load 4, 1, 0;
    %flag_set/imm 4, 0;
    %load/vec4a v0x13856d1d0, 4;
    %ix/load 3, 1, 0;
    %flag_set/imm 4, 0;
    %ix/load 4, 0, 0; Constant delay
    %assign/vec4/a/d v0x13856d0d0, 0, 4;
T_49.2 ;
T_49.1 ;
    %jmp T_49;
    .thread T_49;
    .scope S_0x13856add0;
T_50 ;
    %wait E_0x13829c580;
    %load/vec4 v0x13856da20_0;
    %nor/r;
    %flag_set/vec4 8;
    %jmp/0xz  T_50.0, 8;
    %pushi/vec4 0, 0, 33;
    %ix/load 3, 2, 0;
    %flag_set/imm 4, 0;
    %ix/load 4, 0, 0; Constant delay
    %assign/vec4/a/d v0x13856d0d0, 0, 4;
    %jmp T_50.1;
T_50.0 ;
    %load/vec4 v0x13856dcc0_0;
    %load/vec4 v0x13856d6d0_0;
    %nor/r;
    %and;
    %flag_set/vec4 8;
    %jmp/0xz  T_50.2, 8;
    %ix/load 4, 2, 0;
    %flag_set/imm 4, 0;
    %load/vec4a v0x13856d1d0, 4;
    %ix/load 3, 2, 0;
    %flag_set/imm 4, 0;
    %ix/load 4, 0, 0; Constant delay
    %assign/vec4/a/d v0x13856d0d0, 0, 4;
T_50.2 ;
T_50.1 ;
    %jmp T_50;
    .thread T_50;
    .scope S_0x13856b020;
T_51 ;
    %wait E_0x13829c580;
    %load/vec4 v0x13856da20_0;
    %nor/r;
    %flag_set/vec4 8;
    %jmp/0xz  T_51.0, 8;
    %pushi/vec4 0, 0, 33;
    %ix/load 3, 3, 0;
    %flag_set/imm 4, 0;
    %ix/load 4, 0, 0; Constant delay
    %assign/vec4/a/d v0x13856d0d0, 0, 4;
    %jmp T_51.1;
T_51.0 ;
    %load/vec4 v0x13856dcc0_0;
    %load/vec4 v0x13856d6d0_0;
    %nor/r;
    %and;
    %flag_set/vec4 8;
    %jmp/0xz  T_51.2, 8;
    %ix/load 4, 3, 0;
    %flag_set/imm 4, 0;
    %load/vec4a v0x13856d1d0, 4;
    %ix/load 3, 3, 0;
    %flag_set/imm 4, 0;
    %ix/load 4, 0, 0; Constant delay
    %assign/vec4/a/d v0x13856d0d0, 0, 4;
T_51.2 ;
T_51.1 ;
    %jmp T_51;
    .thread T_51;
    .scope S_0x13856a3d0;
T_52 ;
    %wait E_0x13829c580;
    %load/vec4 v0x13856da20_0;
    %nor/r;
    %flag_set/vec4 8;
    %jmp/0xz  T_52.0, 8;
    %pushi/vec4 0, 0, 3;
    %assign/vec4 v0x13856dab0_0, 0;
    %jmp T_52.1;
T_52.0 ;
    %load/vec4 v0x13856dcc0_0;
    %load/vec4 v0x13856d6d0_0;
    %nor/r;
    %and;
    %flag_set/vec4 8;
    %jmp/0xz  T_52.2, 8;
    %load/vec4 v0x13856db60_0;
    %assign/vec4 v0x13856dab0_0, 0;
T_52.2 ;
T_52.1 ;
    %jmp T_52;
    .thread T_52;
    .scope S_0x13856a3d0;
T_53 ;
    %wait E_0x13829c580;
    %load/vec4 v0x13856da20_0;
    %nor/r;
    %flag_set/vec4 8;
    %jmp/0xz  T_53.0, 8;
    %pushi/vec4 0, 0, 3;
    %assign/vec4 v0x13856d770_0, 0;
    %jmp T_53.1;
T_53.0 ;
    %load/vec4 v0x13856d980_0;
    %load/vec4 v0x13856d630_0;
    %nor/r;
    %and;
    %flag_set/vec4 8;
    %jmp/0xz  T_53.2, 8;
    %load/vec4 v0x13856d820_0;
    %assign/vec4 v0x13856d770_0, 0;
T_53.2 ;
T_53.1 ;
    %jmp T_53;
    .thread T_53;
    .scope S_0x13856a260;
T_54 ;
    %wait E_0x13829c580;
    %load/vec4 v0x13856f3d0_0;
    %nor/r;
    %flag_set/vec4 8;
    %jmp/0xz  T_54.0, 8;
    %jmp T_54.1;
T_54.0 ;
    %load/vec4 v0x13856ef60_0;
    %assign/vec4 v0x13856e520_0, 0;
T_54.1 ;
    %jmp T_54;
    .thread T_54;
    .scope S_0x13856a260;
T_55 ;
    %wait E_0x13829c580;
    %load/vec4 v0x13856f3d0_0;
    %nor/r;
    %flag_set/vec4 8;
    %jmp/0xz  T_55.0, 8;
    %pushi/vec4 0, 0, 1;
    %assign/vec4 v0x13856e850_0, 0;
    %jmp T_55.1;
T_55.0 ;
    %load/vec4 v0x13856f080_0;
    %assign/vec4 v0x13856e850_0, 0;
T_55.1 ;
    %jmp T_55;
    .thread T_55;
    .scope S_0x13856a260;
T_56 ;
    %wait E_0x13829c580;
    %load/vec4 v0x13856f3d0_0;
    %nor/r;
    %flag_set/vec4 8;
    %jmp/0xz  T_56.0, 8;
    %pushi/vec4 1, 0, 1;
    %assign/vec4 v0x13856e7b0_0, 0;
    %pushi/vec4 1, 0, 1;
    %assign/vec4 v0x13856e710_0, 0;
    %jmp T_56.1;
T_56.0 ;
    %load/vec4 v0x13856e670_0;
    %assign/vec4 v0x13856e7b0_0, 0;
    %load/vec4 v0x13856e7b0_0;
    %assign/vec4 v0x13856e710_0, 0;
T_56.1 ;
    %jmp T_56;
    .thread T_56;
    .scope S_0x138550910;
T_57 ;
    %wait E_0x13829c580;
    %load/vec4 v0x1385542e0_0;
    %nor/r;
    %flag_set/vec4 8;
    %jmp/0xz  T_57.0, 8;
    %pushi/vec4 0, 0, 7;
    %ix/load 3, 0, 0;
    %flag_set/imm 4, 0;
    %ix/load 4, 0, 0; Constant delay
    %assign/vec4/a/d v0x1385538d0, 0, 4;
    %jmp T_57.1;
T_57.0 ;
    %load/vec4 v0x138554580_0;
    %load/vec4 v0x138553f90_0;
    %nor/r;
    %and;
    %flag_set/vec4 8;
    %jmp/0xz  T_57.2, 8;
    %ix/load 4, 0, 0;
    %flag_set/imm 4, 0;
    %load/vec4a v0x1385539f0, 4;
    %ix/load 3, 0, 0;
    %flag_set/imm 4, 0;
    %ix/load 4, 0, 0; Constant delay
    %assign/vec4/a/d v0x1385538d0, 0, 4;
T_57.2 ;
T_57.1 ;
    %jmp T_57;
    .thread T_57;
    .scope S_0x138550a80;
T_58 ;
    %wait E_0x13829c580;
    %load/vec4 v0x1385542e0_0;
    %nor/r;
    %flag_set/vec4 8;
    %jmp/0xz  T_58.0, 8;
    %pushi/vec4 0, 0, 7;
    %ix/load 3, 1, 0;
    %flag_set/imm 4, 0;
    %ix/load 4, 0, 0; Constant delay
    %assign/vec4/a/d v0x1385538d0, 0, 4;
    %jmp T_58.1;
T_58.0 ;
    %load/vec4 v0x138554580_0;
    %load/vec4 v0x138553f90_0;
    %nor/r;
    %and;
    %flag_set/vec4 8;
    %jmp/0xz  T_58.2, 8;
    %ix/load 4, 1, 0;
    %flag_set/imm 4, 0;
    %load/vec4a v0x1385539f0, 4;
    %ix/load 3, 1, 0;
    %flag_set/imm 4, 0;
    %ix/load 4, 0, 0; Constant delay
    %assign/vec4/a/d v0x1385538d0, 0, 4;
T_58.2 ;
T_58.1 ;
    %jmp T_58;
    .thread T_58;
    .scope S_0x138550bf0;
T_59 ;
    %wait E_0x13829c580;
    %load/vec4 v0x1385542e0_0;
    %nor/r;
    %flag_set/vec4 8;
    %jmp/0xz  T_59.0, 8;
    %pushi/vec4 0, 0, 7;
    %ix/load 3, 2, 0;
    %flag_set/imm 4, 0;
    %ix/load 4, 0, 0; Constant delay
    %assign/vec4/a/d v0x1385538d0, 0, 4;
    %jmp T_59.1;
T_59.0 ;
    %load/vec4 v0x138554580_0;
    %load/vec4 v0x138553f90_0;
    %nor/r;
    %and;
    %flag_set/vec4 8;
    %jmp/0xz  T_59.2, 8;
    %ix/load 4, 2, 0;
    %flag_set/imm 4, 0;
    %load/vec4a v0x1385539f0, 4;
    %ix/load 3, 2, 0;
    %flag_set/imm 4, 0;
    %ix/load 4, 0, 0; Constant delay
    %assign/vec4/a/d v0x1385538d0, 0, 4;
T_59.2 ;
T_59.1 ;
    %jmp T_59;
    .thread T_59;
    .scope S_0x138550d60;
T_60 ;
    %wait E_0x13829c580;
    %load/vec4 v0x1385542e0_0;
    %nor/r;
    %flag_set/vec4 8;
    %jmp/0xz  T_60.0, 8;
    %pushi/vec4 0, 0, 7;
    %ix/load 3, 3, 0;
    %flag_set/imm 4, 0;
    %ix/load 4, 0, 0; Constant delay
    %assign/vec4/a/d v0x1385538d0, 0, 4;
    %jmp T_60.1;
T_60.0 ;
    %load/vec4 v0x138554580_0;
    %load/vec4 v0x138553f90_0;
    %nor/r;
    %and;
    %flag_set/vec4 8;
    %jmp/0xz  T_60.2, 8;
    %ix/load 4, 3, 0;
    %flag_set/imm 4, 0;
    %load/vec4a v0x1385539f0, 4;
    %ix/load 3, 3, 0;
    %flag_set/imm 4, 0;
    %ix/load 4, 0, 0; Constant delay
    %assign/vec4/a/d v0x1385538d0, 0, 4;
T_60.2 ;
T_60.1 ;
    %jmp T_60;
    .thread T_60;
    .scope S_0x138550ed0;
T_61 ;
    %wait E_0x13829c580;
    %load/vec4 v0x1385542e0_0;
    %nor/r;
    %flag_set/vec4 8;
    %jmp/0xz  T_61.0, 8;
    %pushi/vec4 0, 0, 7;
    %ix/load 3, 4, 0;
    %flag_set/imm 4, 0;
    %ix/load 4, 0, 0; Constant delay
    %assign/vec4/a/d v0x1385538d0, 0, 4;
    %jmp T_61.1;
T_61.0 ;
    %load/vec4 v0x138554580_0;
    %load/vec4 v0x138553f90_0;
    %nor/r;
    %and;
    %flag_set/vec4 8;
    %jmp/0xz  T_61.2, 8;
    %ix/load 4, 4, 0;
    %flag_set/imm 4, 0;
    %load/vec4a v0x1385539f0, 4;
    %ix/load 3, 4, 0;
    %flag_set/imm 4, 0;
    %ix/load 4, 0, 0; Constant delay
    %assign/vec4/a/d v0x1385538d0, 0, 4;
T_61.2 ;
T_61.1 ;
    %jmp T_61;
    .thread T_61;
    .scope S_0x138551040;
T_62 ;
    %wait E_0x13829c580;
    %load/vec4 v0x1385542e0_0;
    %nor/r;
    %flag_set/vec4 8;
    %jmp/0xz  T_62.0, 8;
    %pushi/vec4 0, 0, 7;
    %ix/load 3, 5, 0;
    %flag_set/imm 4, 0;
    %ix/load 4, 0, 0; Constant delay
    %assign/vec4/a/d v0x1385538d0, 0, 4;
    %jmp T_62.1;
T_62.0 ;
    %load/vec4 v0x138554580_0;
    %load/vec4 v0x138553f90_0;
    %nor/r;
    %and;
    %flag_set/vec4 8;
    %jmp/0xz  T_62.2, 8;
    %ix/load 4, 5, 0;
    %flag_set/imm 4, 0;
    %load/vec4a v0x1385539f0, 4;
    %ix/load 3, 5, 0;
    %flag_set/imm 4, 0;
    %ix/load 4, 0, 0; Constant delay
    %assign/vec4/a/d v0x1385538d0, 0, 4;
T_62.2 ;
T_62.1 ;
    %jmp T_62;
    .thread T_62;
    .scope S_0x1385511b0;
T_63 ;
    %wait E_0x13829c580;
    %load/vec4 v0x1385542e0_0;
    %nor/r;
    %flag_set/vec4 8;
    %jmp/0xz  T_63.0, 8;
    %pushi/vec4 0, 0, 7;
    %ix/load 3, 6, 0;
    %flag_set/imm 4, 0;
    %ix/load 4, 0, 0; Constant delay
    %assign/vec4/a/d v0x1385538d0, 0, 4;
    %jmp T_63.1;
T_63.0 ;
    %load/vec4 v0x138554580_0;
    %load/vec4 v0x138553f90_0;
    %nor/r;
    %and;
    %flag_set/vec4 8;
    %jmp/0xz  T_63.2, 8;
    %ix/load 4, 6, 0;
    %flag_set/imm 4, 0;
    %load/vec4a v0x1385539f0, 4;
    %ix/load 3, 6, 0;
    %flag_set/imm 4, 0;
    %ix/load 4, 0, 0; Constant delay
    %assign/vec4/a/d v0x1385538d0, 0, 4;
T_63.2 ;
T_63.1 ;
    %jmp T_63;
    .thread T_63;
    .scope S_0x138551320;
T_64 ;
    %wait E_0x13829c580;
    %load/vec4 v0x1385542e0_0;
    %nor/r;
    %flag_set/vec4 8;
    %jmp/0xz  T_64.0, 8;
    %pushi/vec4 0, 0, 7;
    %ix/load 3, 7, 0;
    %flag_set/imm 4, 0;
    %ix/load 4, 0, 0; Constant delay
    %assign/vec4/a/d v0x1385538d0, 0, 4;
    %jmp T_64.1;
T_64.0 ;
    %load/vec4 v0x138554580_0;
    %load/vec4 v0x138553f90_0;
    %nor/r;
    %and;
    %flag_set/vec4 8;
    %jmp/0xz  T_64.2, 8;
    %ix/load 4, 7, 0;
    %flag_set/imm 4, 0;
    %load/vec4a v0x1385539f0, 4;
    %ix/load 3, 7, 0;
    %flag_set/imm 4, 0;
    %ix/load 4, 0, 0; Constant delay
    %assign/vec4/a/d v0x1385538d0, 0, 4;
T_64.2 ;
T_64.1 ;
    %jmp T_64;
    .thread T_64;
    .scope S_0x138550580;
T_65 ;
    %wait E_0x13829c580;
    %load/vec4 v0x1385542e0_0;
    %nor/r;
    %flag_set/vec4 8;
    %jmp/0xz  T_65.0, 8;
    %pushi/vec4 0, 0, 4;
    %assign/vec4 v0x138554370_0, 0;
    %jmp T_65.1;
T_65.0 ;
    %load/vec4 v0x138554580_0;
    %load/vec4 v0x138553f90_0;
    %nor/r;
    %and;
    %flag_set/vec4 8;
    %jmp/0xz  T_65.2, 8;
    %load/vec4 v0x138554420_0;
    %assign/vec4 v0x138554370_0, 0;
T_65.2 ;
T_65.1 ;
    %jmp T_65;
    .thread T_65;
    .scope S_0x138550580;
T_66 ;
    %wait E_0x13829c580;
    %load/vec4 v0x1385542e0_0;
    %nor/r;
    %flag_set/vec4 8;
    %jmp/0xz  T_66.0, 8;
    %pushi/vec4 0, 0, 4;
    %assign/vec4 v0x138554030_0, 0;
    %jmp T_66.1;
T_66.0 ;
    %load/vec4 v0x138554240_0;
    %load/vec4 v0x138553ef0_0;
    %nor/r;
    %and;
    %flag_set/vec4 8;
    %jmp/0xz  T_66.2, 8;
    %load/vec4 v0x1385540e0_0;
    %assign/vec4 v0x138554030_0, 0;
T_66.2 ;
T_66.1 ;
    %jmp T_66;
    .thread T_66;
    .scope S_0x138554f00;
T_67 ;
    %wait E_0x13829c580;
    %load/vec4 v0x138559ec0_0;
    %nor/r;
    %flag_set/vec4 8;
    %jmp/0xz  T_67.0, 8;
    %pushi/vec4 0, 0, 7;
    %ix/load 3, 0, 0;
    %flag_set/imm 4, 0;
    %ix/load 4, 0, 0; Constant delay
    %assign/vec4/a/d v0x1385594b0, 0, 4;
    %jmp T_67.1;
T_67.0 ;
    %load/vec4 v0x13855a160_0;
    %load/vec4 v0x138559b70_0;
    %nor/r;
    %and;
    %flag_set/vec4 8;
    %jmp/0xz  T_67.2, 8;
    %ix/load 4, 0, 0;
    %flag_set/imm 4, 0;
    %load/vec4a v0x1385595d0, 4;
    %ix/load 3, 0, 0;
    %flag_set/imm 4, 0;
    %ix/load 4, 0, 0; Constant delay
    %assign/vec4/a/d v0x1385594b0, 0, 4;
T_67.2 ;
T_67.1 ;
    %jmp T_67;
    .thread T_67;
    .scope S_0x138555140;
T_68 ;
    %wait E_0x13829c580;
    %load/vec4 v0x138559ec0_0;
    %nor/r;
    %flag_set/vec4 8;
    %jmp/0xz  T_68.0, 8;
    %pushi/vec4 0, 0, 7;
    %ix/load 3, 1, 0;
    %flag_set/imm 4, 0;
    %ix/load 4, 0, 0; Constant delay
    %assign/vec4/a/d v0x1385594b0, 0, 4;
    %jmp T_68.1;
T_68.0 ;
    %load/vec4 v0x13855a160_0;
    %load/vec4 v0x138559b70_0;
    %nor/r;
    %and;
    %flag_set/vec4 8;
    %jmp/0xz  T_68.2, 8;
    %ix/load 4, 1, 0;
    %flag_set/imm 4, 0;
    %load/vec4a v0x1385595d0, 4;
    %ix/load 3, 1, 0;
    %flag_set/imm 4, 0;
    %ix/load 4, 0, 0; Constant delay
    %assign/vec4/a/d v0x1385594b0, 0, 4;
T_68.2 ;
T_68.1 ;
    %jmp T_68;
    .thread T_68;
    .scope S_0x138555330;
T_69 ;
    %wait E_0x13829c580;
    %load/vec4 v0x138559ec0_0;
    %nor/r;
    %flag_set/vec4 8;
    %jmp/0xz  T_69.0, 8;
    %pushi/vec4 0, 0, 7;
    %ix/load 3, 2, 0;
    %flag_set/imm 4, 0;
    %ix/load 4, 0, 0; Constant delay
    %assign/vec4/a/d v0x1385594b0, 0, 4;
    %jmp T_69.1;
T_69.0 ;
    %load/vec4 v0x13855a160_0;
    %load/vec4 v0x138559b70_0;
    %nor/r;
    %and;
    %flag_set/vec4 8;
    %jmp/0xz  T_69.2, 8;
    %ix/load 4, 2, 0;
    %flag_set/imm 4, 0;
    %load/vec4a v0x1385595d0, 4;
    %ix/load 3, 2, 0;
    %flag_set/imm 4, 0;
    %ix/load 4, 0, 0; Constant delay
    %assign/vec4/a/d v0x1385594b0, 0, 4;
T_69.2 ;
T_69.1 ;
    %jmp T_69;
    .thread T_69;
    .scope S_0x138555580;
T_70 ;
    %wait E_0x13829c580;
    %load/vec4 v0x138559ec0_0;
    %nor/r;
    %flag_set/vec4 8;
    %jmp/0xz  T_70.0, 8;
    %pushi/vec4 0, 0, 7;
    %ix/load 3, 3, 0;
    %flag_set/imm 4, 0;
    %ix/load 4, 0, 0; Constant delay
    %assign/vec4/a/d v0x1385594b0, 0, 4;
    %jmp T_70.1;
T_70.0 ;
    %load/vec4 v0x13855a160_0;
    %load/vec4 v0x138559b70_0;
    %nor/r;
    %and;
    %flag_set/vec4 8;
    %jmp/0xz  T_70.2, 8;
    %ix/load 4, 3, 0;
    %flag_set/imm 4, 0;
    %load/vec4a v0x1385595d0, 4;
    %ix/load 3, 3, 0;
    %flag_set/imm 4, 0;
    %ix/load 4, 0, 0; Constant delay
    %assign/vec4/a/d v0x1385594b0, 0, 4;
T_70.2 ;
T_70.1 ;
    %jmp T_70;
    .thread T_70;
    .scope S_0x1385557e0;
T_71 ;
    %wait E_0x13829c580;
    %load/vec4 v0x138559ec0_0;
    %nor/r;
    %flag_set/vec4 8;
    %jmp/0xz  T_71.0, 8;
    %pushi/vec4 0, 0, 7;
    %ix/load 3, 4, 0;
    %flag_set/imm 4, 0;
    %ix/load 4, 0, 0; Constant delay
    %assign/vec4/a/d v0x1385594b0, 0, 4;
    %jmp T_71.1;
T_71.0 ;
    %load/vec4 v0x13855a160_0;
    %load/vec4 v0x138559b70_0;
    %nor/r;
    %and;
    %flag_set/vec4 8;
    %jmp/0xz  T_71.2, 8;
    %ix/load 4, 4, 0;
    %flag_set/imm 4, 0;
    %load/vec4a v0x1385595d0, 4;
    %ix/load 3, 4, 0;
    %flag_set/imm 4, 0;
    %ix/load 4, 0, 0; Constant delay
    %assign/vec4/a/d v0x1385594b0, 0, 4;
T_71.2 ;
T_71.1 ;
    %jmp T_71;
    .thread T_71;
    .scope S_0x138555a80;
T_72 ;
    %wait E_0x13829c580;
    %load/vec4 v0x138559ec0_0;
    %nor/r;
    %flag_set/vec4 8;
    %jmp/0xz  T_72.0, 8;
    %pushi/vec4 0, 0, 7;
    %ix/load 3, 5, 0;
    %flag_set/imm 4, 0;
    %ix/load 4, 0, 0; Constant delay
    %assign/vec4/a/d v0x1385594b0, 0, 4;
    %jmp T_72.1;
T_72.0 ;
    %load/vec4 v0x13855a160_0;
    %load/vec4 v0x138559b70_0;
    %nor/r;
    %and;
    %flag_set/vec4 8;
    %jmp/0xz  T_72.2, 8;
    %ix/load 4, 5, 0;
    %flag_set/imm 4, 0;
    %load/vec4a v0x1385595d0, 4;
    %ix/load 3, 5, 0;
    %flag_set/imm 4, 0;
    %ix/load 4, 0, 0; Constant delay
    %assign/vec4/a/d v0x1385594b0, 0, 4;
T_72.2 ;
T_72.1 ;
    %jmp T_72;
    .thread T_72;
    .scope S_0x138555cc0;
T_73 ;
    %wait E_0x13829c580;
    %load/vec4 v0x138559ec0_0;
    %nor/r;
    %flag_set/vec4 8;
    %jmp/0xz  T_73.0, 8;
    %pushi/vec4 0, 0, 7;
    %ix/load 3, 6, 0;
    %flag_set/imm 4, 0;
    %ix/load 4, 0, 0; Constant delay
    %assign/vec4/a/d v0x1385594b0, 0, 4;
    %jmp T_73.1;
T_73.0 ;
    %load/vec4 v0x13855a160_0;
    %load/vec4 v0x138559b70_0;
    %nor/r;
    %and;
    %flag_set/vec4 8;
    %jmp/0xz  T_73.2, 8;
    %ix/load 4, 6, 0;
    %flag_set/imm 4, 0;
    %load/vec4a v0x1385595d0, 4;
    %ix/load 3, 6, 0;
    %flag_set/imm 4, 0;
    %ix/load 4, 0, 0; Constant delay
    %assign/vec4/a/d v0x1385594b0, 0, 4;
T_73.2 ;
T_73.1 ;
    %jmp T_73;
    .thread T_73;
    .scope S_0x138555f20;
T_74 ;
    %wait E_0x13829c580;
    %load/vec4 v0x138559ec0_0;
    %nor/r;
    %flag_set/vec4 8;
    %jmp/0xz  T_74.0, 8;
    %pushi/vec4 0, 0, 7;
    %ix/load 3, 7, 0;
    %flag_set/imm 4, 0;
    %ix/load 4, 0, 0; Constant delay
    %assign/vec4/a/d v0x1385594b0, 0, 4;
    %jmp T_74.1;
T_74.0 ;
    %load/vec4 v0x13855a160_0;
    %load/vec4 v0x138559b70_0;
    %nor/r;
    %and;
    %flag_set/vec4 8;
    %jmp/0xz  T_74.2, 8;
    %ix/load 4, 7, 0;
    %flag_set/imm 4, 0;
    %load/vec4a v0x1385595d0, 4;
    %ix/load 3, 7, 0;
    %flag_set/imm 4, 0;
    %ix/load 4, 0, 0; Constant delay
    %assign/vec4/a/d v0x1385594b0, 0, 4;
T_74.2 ;
T_74.1 ;
    %jmp T_74;
    .thread T_74;
    .scope S_0x1385548e0;
T_75 ;
    %wait E_0x13829c580;
    %load/vec4 v0x138559ec0_0;
    %nor/r;
    %flag_set/vec4 8;
    %jmp/0xz  T_75.0, 8;
    %pushi/vec4 0, 0, 4;
    %assign/vec4 v0x138559f50_0, 0;
    %jmp T_75.1;
T_75.0 ;
    %load/vec4 v0x13855a160_0;
    %load/vec4 v0x138559b70_0;
    %nor/r;
    %and;
    %flag_set/vec4 8;
    %jmp/0xz  T_75.2, 8;
    %load/vec4 v0x13855a000_0;
    %assign/vec4 v0x138559f50_0, 0;
T_75.2 ;
T_75.1 ;
    %jmp T_75;
    .thread T_75;
    .scope S_0x1385548e0;
T_76 ;
    %wait E_0x13829c580;
    %load/vec4 v0x138559ec0_0;
    %nor/r;
    %flag_set/vec4 8;
    %jmp/0xz  T_76.0, 8;
    %pushi/vec4 0, 0, 4;
    %assign/vec4 v0x138559c10_0, 0;
    %jmp T_76.1;
T_76.0 ;
    %load/vec4 v0x138559e20_0;
    %load/vec4 v0x138559ad0_0;
    %nor/r;
    %and;
    %flag_set/vec4 8;
    %jmp/0xz  T_76.2, 8;
    %load/vec4 v0x138559cc0_0;
    %assign/vec4 v0x138559c10_0, 0;
T_76.2 ;
T_76.1 ;
    %jmp T_76;
    .thread T_76;
    .scope S_0x13855c520;
T_77 ;
    %wait E_0x13829c580;
    %load/vec4 v0x138561630_0;
    %nor/r;
    %flag_set/vec4 8;
    %jmp/0xz  T_77.0, 8;
    %pushi/vec4 0, 0, 1;
    %ix/load 3, 0, 0;
    %flag_set/imm 4, 0;
    %ix/load 4, 0, 0; Constant delay
    %assign/vec4/a/d v0x138560b20, 0, 4;
    %jmp T_77.1;
T_77.0 ;
    %load/vec4 v0x1385619e0_0;
    %load/vec4 v0x1385612e0_0;
    %nor/r;
    %and;
    %flag_set/vec4 8;
    %jmp/0xz  T_77.2, 8;
    %ix/load 4, 0, 0;
    %flag_set/imm 4, 0;
    %load/vec4a v0x138560c40, 4;
    %ix/load 3, 0, 0;
    %flag_set/imm 4, 0;
    %ix/load 4, 0, 0; Constant delay
    %assign/vec4/a/d v0x138560b20, 0, 4;
T_77.2 ;
T_77.1 ;
    %jmp T_77;
    .thread T_77;
    .scope S_0x13855c7a0;
T_78 ;
    %wait E_0x13829c580;
    %load/vec4 v0x138561630_0;
    %nor/r;
    %flag_set/vec4 8;
    %jmp/0xz  T_78.0, 8;
    %pushi/vec4 0, 0, 1;
    %ix/load 3, 1, 0;
    %flag_set/imm 4, 0;
    %ix/load 4, 0, 0; Constant delay
    %assign/vec4/a/d v0x138560b20, 0, 4;
    %jmp T_78.1;
T_78.0 ;
    %load/vec4 v0x1385619e0_0;
    %load/vec4 v0x1385612e0_0;
    %nor/r;
    %and;
    %flag_set/vec4 8;
    %jmp/0xz  T_78.2, 8;
    %ix/load 4, 1, 0;
    %flag_set/imm 4, 0;
    %load/vec4a v0x138560c40, 4;
    %ix/load 3, 1, 0;
    %flag_set/imm 4, 0;
    %ix/load 4, 0, 0; Constant delay
    %assign/vec4/a/d v0x138560b20, 0, 4;
T_78.2 ;
T_78.1 ;
    %jmp T_78;
    .thread T_78;
    .scope S_0x13855c990;
T_79 ;
    %wait E_0x13829c580;
    %load/vec4 v0x138561630_0;
    %nor/r;
    %flag_set/vec4 8;
    %jmp/0xz  T_79.0, 8;
    %pushi/vec4 0, 0, 1;
    %ix/load 3, 2, 0;
    %flag_set/imm 4, 0;
    %ix/load 4, 0, 0; Constant delay
    %assign/vec4/a/d v0x138560b20, 0, 4;
    %jmp T_79.1;
T_79.0 ;
    %load/vec4 v0x1385619e0_0;
    %load/vec4 v0x1385612e0_0;
    %nor/r;
    %and;
    %flag_set/vec4 8;
    %jmp/0xz  T_79.2, 8;
    %ix/load 4, 2, 0;
    %flag_set/imm 4, 0;
    %load/vec4a v0x138560c40, 4;
    %ix/load 3, 2, 0;
    %flag_set/imm 4, 0;
    %ix/load 4, 0, 0; Constant delay
    %assign/vec4/a/d v0x138560b20, 0, 4;
T_79.2 ;
T_79.1 ;
    %jmp T_79;
    .thread T_79;
    .scope S_0x13855cbf0;
T_80 ;
    %wait E_0x13829c580;
    %load/vec4 v0x138561630_0;
    %nor/r;
    %flag_set/vec4 8;
    %jmp/0xz  T_80.0, 8;
    %pushi/vec4 0, 0, 1;
    %ix/load 3, 3, 0;
    %flag_set/imm 4, 0;
    %ix/load 4, 0, 0; Constant delay
    %assign/vec4/a/d v0x138560b20, 0, 4;
    %jmp T_80.1;
T_80.0 ;
    %load/vec4 v0x1385619e0_0;
    %load/vec4 v0x1385612e0_0;
    %nor/r;
    %and;
    %flag_set/vec4 8;
    %jmp/0xz  T_80.2, 8;
    %ix/load 4, 3, 0;
    %flag_set/imm 4, 0;
    %load/vec4a v0x138560c40, 4;
    %ix/load 3, 3, 0;
    %flag_set/imm 4, 0;
    %ix/load 4, 0, 0; Constant delay
    %assign/vec4/a/d v0x138560b20, 0, 4;
T_80.2 ;
T_80.1 ;
    %jmp T_80;
    .thread T_80;
    .scope S_0x13855ce50;
T_81 ;
    %wait E_0x13829c580;
    %load/vec4 v0x138561630_0;
    %nor/r;
    %flag_set/vec4 8;
    %jmp/0xz  T_81.0, 8;
    %pushi/vec4 0, 0, 1;
    %ix/load 3, 4, 0;
    %flag_set/imm 4, 0;
    %ix/load 4, 0, 0; Constant delay
    %assign/vec4/a/d v0x138560b20, 0, 4;
    %jmp T_81.1;
T_81.0 ;
    %load/vec4 v0x1385619e0_0;
    %load/vec4 v0x1385612e0_0;
    %nor/r;
    %and;
    %flag_set/vec4 8;
    %jmp/0xz  T_81.2, 8;
    %ix/load 4, 4, 0;
    %flag_set/imm 4, 0;
    %load/vec4a v0x138560c40, 4;
    %ix/load 3, 4, 0;
    %flag_set/imm 4, 0;
    %ix/load 4, 0, 0; Constant delay
    %assign/vec4/a/d v0x138560b20, 0, 4;
T_81.2 ;
T_81.1 ;
    %jmp T_81;
    .thread T_81;
    .scope S_0x13855d0f0;
T_82 ;
    %wait E_0x13829c580;
    %load/vec4 v0x138561630_0;
    %nor/r;
    %flag_set/vec4 8;
    %jmp/0xz  T_82.0, 8;
    %pushi/vec4 0, 0, 1;
    %ix/load 3, 5, 0;
    %flag_set/imm 4, 0;
    %ix/load 4, 0, 0; Constant delay
    %assign/vec4/a/d v0x138560b20, 0, 4;
    %jmp T_82.1;
T_82.0 ;
    %load/vec4 v0x1385619e0_0;
    %load/vec4 v0x1385612e0_0;
    %nor/r;
    %and;
    %flag_set/vec4 8;
    %jmp/0xz  T_82.2, 8;
    %ix/load 4, 5, 0;
    %flag_set/imm 4, 0;
    %load/vec4a v0x138560c40, 4;
    %ix/load 3, 5, 0;
    %flag_set/imm 4, 0;
    %ix/load 4, 0, 0; Constant delay
    %assign/vec4/a/d v0x138560b20, 0, 4;
T_82.2 ;
T_82.1 ;
    %jmp T_82;
    .thread T_82;
    .scope S_0x13855d330;
T_83 ;
    %wait E_0x13829c580;
    %load/vec4 v0x138561630_0;
    %nor/r;
    %flag_set/vec4 8;
    %jmp/0xz  T_83.0, 8;
    %pushi/vec4 0, 0, 1;
    %ix/load 3, 6, 0;
    %flag_set/imm 4, 0;
    %ix/load 4, 0, 0; Constant delay
    %assign/vec4/a/d v0x138560b20, 0, 4;
    %jmp T_83.1;
T_83.0 ;
    %load/vec4 v0x1385619e0_0;
    %load/vec4 v0x1385612e0_0;
    %nor/r;
    %and;
    %flag_set/vec4 8;
    %jmp/0xz  T_83.2, 8;
    %ix/load 4, 6, 0;
    %flag_set/imm 4, 0;
    %load/vec4a v0x138560c40, 4;
    %ix/load 3, 6, 0;
    %flag_set/imm 4, 0;
    %ix/load 4, 0, 0; Constant delay
    %assign/vec4/a/d v0x138560b20, 0, 4;
T_83.2 ;
T_83.1 ;
    %jmp T_83;
    .thread T_83;
    .scope S_0x13855d590;
T_84 ;
    %wait E_0x13829c580;
    %load/vec4 v0x138561630_0;
    %nor/r;
    %flag_set/vec4 8;
    %jmp/0xz  T_84.0, 8;
    %pushi/vec4 0, 0, 1;
    %ix/load 3, 7, 0;
    %flag_set/imm 4, 0;
    %ix/load 4, 0, 0; Constant delay
    %assign/vec4/a/d v0x138560b20, 0, 4;
    %jmp T_84.1;
T_84.0 ;
    %load/vec4 v0x1385619e0_0;
    %load/vec4 v0x1385612e0_0;
    %nor/r;
    %and;
    %flag_set/vec4 8;
    %jmp/0xz  T_84.2, 8;
    %ix/load 4, 7, 0;
    %flag_set/imm 4, 0;
    %load/vec4a v0x138560c40, 4;
    %ix/load 3, 7, 0;
    %flag_set/imm 4, 0;
    %ix/load 4, 0, 0; Constant delay
    %assign/vec4/a/d v0x138560b20, 0, 4;
T_84.2 ;
T_84.1 ;
    %jmp T_84;
    .thread T_84;
    .scope S_0x13855bf00;
T_85 ;
    %wait E_0x13829c580;
    %load/vec4 v0x138561630_0;
    %nor/r;
    %flag_set/vec4 8;
    %jmp/0xz  T_85.0, 8;
    %pushi/vec4 0, 0, 4;
    %assign/vec4 v0x13f7bf7a0_0, 0;
    %jmp T_85.1;
T_85.0 ;
    %load/vec4 v0x1385619e0_0;
    %load/vec4 v0x1385612e0_0;
    %nor/r;
    %and;
    %flag_set/vec4 8;
    %jmp/0xz  T_85.2, 8;
    %load/vec4 v0x1385618c0_0;
    %assign/vec4 v0x13f7bf7a0_0, 0;
T_85.2 ;
T_85.1 ;
    %jmp T_85;
    .thread T_85;
    .scope S_0x13855bf00;
T_86 ;
    %wait E_0x13829c580;
    %load/vec4 v0x138561630_0;
    %nor/r;
    %flag_set/vec4 8;
    %jmp/0xz  T_86.0, 8;
    %pushi/vec4 0, 0, 4;
    %assign/vec4 v0x138561380_0, 0;
    %jmp T_86.1;
T_86.0 ;
    %load/vec4 v0x138561590_0;
    %load/vec4 v0x138561250_0;
    %nor/r;
    %and;
    %flag_set/vec4 8;
    %jmp/0xz  T_86.2, 8;
    %load/vec4 v0x138561430_0;
    %assign/vec4 v0x138561380_0, 0;
T_86.2 ;
T_86.1 ;
    %jmp T_86;
    .thread T_86;
    .scope S_0x138562250;
T_87 ;
    %wait E_0x13829c580;
    %load/vec4 v0x138563760_0;
    %flag_set/vec4 8;
    %jmp/0xz  T_87.0, 8;
    %load/vec4 v0x138563180_0;
    %load/vec4 v0x138563800_0;
    %parti/s 1, 0, 2;
    %pad/u 3;
    %ix/vec4 3;
    %ix/load 4, 0, 0; Constant delay
    %assign/vec4/a/d v0x1385632e0, 0, 4;
T_87.0 ;
    %jmp T_87;
    .thread T_87;
    .scope S_0x138562250;
T_88 ;
    %wait E_0x13829c580;
    %load/vec4 v0x1385636d0_0;
    %nor/r;
    %flag_set/vec4 8;
    %jmp/0xz  T_88.0, 8;
    %pushi/vec4 0, 0, 2;
    %assign/vec4 v0x138563800_0, 0;
    %jmp T_88.1;
T_88.0 ;
    %load/vec4 v0x138563760_0;
    %flag_set/vec4 8;
    %jmp/0xz  T_88.2, 8;
    %load/vec4 v0x138563800_0;
    %addi 1, 0, 2;
    %assign/vec4 v0x138563800_0, 0;
T_88.2 ;
T_88.1 ;
    %jmp T_88;
    .thread T_88;
    .scope S_0x138562250;
T_89 ;
    %wait E_0x13829c580;
    %load/vec4 v0x1385636d0_0;
    %nor/r;
    %flag_set/vec4 8;
    %jmp/0xz  T_89.0, 8;
    %pushi/vec4 0, 0, 2;
    %assign/vec4 v0x138563500_0, 0;
    %jmp T_89.1;
T_89.0 ;
    %load/vec4 v0x138563470_0;
    %flag_set/vec4 8;
    %jmp/0xz  T_89.2, 8;
    %load/vec4 v0x138563500_0;
    %addi 1, 0, 2;
    %assign/vec4 v0x138563500_0, 0;
T_89.2 ;
T_89.1 ;
    %jmp T_89;
    .thread T_89;
    .scope S_0x138561fc0;
T_90 ;
    %wait E_0x1385621f0;
    %load/vec4 v0x1385645f0_0;
    %store/vec4 v0x138564fe0_0, 0, 1;
    %load/vec4 v0x1385645f0_0;
    %dup/vec4;
    %pushi/vec4 0, 0, 1;
    %cmp/u;
    %jmp/1 T_90.0, 6;
    %dup/vec4;
    %pushi/vec4 1, 0, 1;
    %cmp/u;
    %jmp/1 T_90.1, 6;
    %jmp T_90.2;
T_90.0 ;
    %load/vec4 v0x138564790_0;
    %flag_set/vec4 8;
    %jmp/0xz  T_90.3, 8;
    %pushi/vec4 1, 0, 1;
    %store/vec4 v0x138564fe0_0, 0, 1;
T_90.3 ;
    %jmp T_90.2;
T_90.1 ;
    %load/vec4 v0x138564f40_0;
    %nor/r;
    %flag_set/vec4 8;
    %jmp/0xz  T_90.5, 8;
    %pushi/vec4 0, 0, 1;
    %store/vec4 v0x138564fe0_0, 0, 1;
T_90.5 ;
    %jmp T_90.2;
T_90.2 ;
    %pop/vec4 1;
    %jmp T_90;
    .thread T_90, $push;
    .scope S_0x138561fc0;
T_91 ;
    %wait E_0x13829c580;
    %load/vec4 v0x138564a60_0;
    %flag_set/vec4 8;
    %jmp/0xz  T_91.0, 8;
    %load/vec4 v0x1385649d0_0;
    %assign/vec4 v0x138564b80_0, 0;
T_91.0 ;
    %jmp T_91;
    .thread T_91;
    .scope S_0x138561fc0;
T_92 ;
    %wait E_0x13829c580;
    %load/vec4 v0x138565700_0;
    %nor/r;
    %flag_set/vec4 8;
    %jmp/0xz  T_92.0, 8;
    %pushi/vec4 0, 0, 1;
    %assign/vec4 v0x138564f40_0, 0;
    %jmp T_92.1;
T_92.0 ;
    %load/vec4 v0x138564e00_0;
    %flag_set/vec4 8;
    %jmp/0xz  T_92.2, 8;
    %load/vec4 v0x138564d60_0;
    %assign/vec4 v0x138564f40_0, 0;
T_92.2 ;
T_92.1 ;
    %jmp T_92;
    .thread T_92;
    .scope S_0x138561fc0;
T_93 ;
    %wait E_0x13829c580;
    %load/vec4 v0x1385655e0_0;
    %assign/vec4 v0x138564c20_0, 0;
    %jmp T_93;
    .thread T_93;
    .scope S_0x138561fc0;
T_94 ;
    %wait E_0x13829c580;
    %load/vec4 v0x138564c20_0;
    %flag_set/vec4 8;
    %jmp/0xz  T_94.0, 8;
    %load/vec4 v0x1385646e0_0;
    %assign/vec4 v0x1385648b0_0, 0;
T_94.0 ;
    %jmp T_94;
    .thread T_94;
    .scope S_0x138561fc0;
T_95 ;
    %wait E_0x13829c580;
    %load/vec4 v0x138565700_0;
    %nor/r;
    %flag_set/vec4 8;
    %jmp/0xz  T_95.0, 8;
    %pushi/vec4 0, 0, 1;
    %assign/vec4 v0x138564940_0, 0;
    %jmp T_95.1;
T_95.0 ;
    %load/vec4 v0x138564c20_0;
    %flag_set/vec4 8;
    %jmp/0xz  T_95.2, 8;
    %load/vec4 v0x138564790_0;
    %load/vec4 v0x138564f40_0;
    %nor/r;
    %load/vec4 v0x1385645f0_0;
    %pushi/vec4 1, 0, 1;
    %cmp/e;
    %flag_get/vec4 4;
    %and;
    %inv;
    %and;
    %assign/vec4 v0x138564940_0, 0;
T_95.2 ;
T_95.1 ;
    %jmp T_95;
    .thread T_95;
    .scope S_0x138561fc0;
T_96 ;
    %wait E_0x13829c580;
    %load/vec4 v0x138565700_0;
    %inv;
    %flag_set/vec4 8;
    %jmp/0xz  T_96.0, 8;
    %pushi/vec4 0, 0, 1;
    %assign/vec4 v0x1385645f0_0, 0;
    %jmp T_96.1;
T_96.0 ;
    %load/vec4 v0x138564fe0_0;
    %assign/vec4 v0x1385645f0_0, 0;
T_96.1 ;
    %jmp T_96;
    .thread T_96;
    .scope S_0x13852e890;
T_97 ;
    %wait E_0x13829c580;
    %load/vec4 v0x138409830_0;
    %nor/r;
    %flag_set/vec4 8;
    %jmp/0xz  T_97.0, 8;
    %pushi/vec4 0, 0, 4;
    %ix/load 3, 0, 0;
    %flag_set/imm 4, 0;
    %ix/load 4, 0, 0; Constant delay
    %assign/vec4/a/d v0x13840f0a0, 0, 4;
    %jmp T_97.1;
T_97.0 ;
    %load/vec4 v0x138406a80_0;
    %load/vec4 v0x13840bc60_0;
    %nor/r;
    %and;
    %flag_set/vec4 8;
    %jmp/0xz  T_97.2, 8;
    %ix/load 4, 0, 0;
    %flag_set/imm 4, 0;
    %load/vec4a v0x13840f130, 4;
    %ix/load 3, 0, 0;
    %flag_set/imm 4, 0;
    %ix/load 4, 0, 0; Constant delay
    %assign/vec4/a/d v0x13840f0a0, 0, 4;
T_97.2 ;
T_97.1 ;
    %jmp T_97;
    .thread T_97;
    .scope S_0x13852d440;
T_98 ;
    %wait E_0x13829c580;
    %load/vec4 v0x138409830_0;
    %nor/r;
    %flag_set/vec4 8;
    %jmp/0xz  T_98.0, 8;
    %pushi/vec4 0, 0, 4;
    %ix/load 3, 1, 0;
    %flag_set/imm 4, 0;
    %ix/load 4, 0, 0; Constant delay
    %assign/vec4/a/d v0x13840f0a0, 0, 4;
    %jmp T_98.1;
T_98.0 ;
    %load/vec4 v0x138406a80_0;
    %load/vec4 v0x13840bc60_0;
    %nor/r;
    %and;
    %flag_set/vec4 8;
    %jmp/0xz  T_98.2, 8;
    %ix/load 4, 1, 0;
    %flag_set/imm 4, 0;
    %load/vec4a v0x13840f130, 4;
    %ix/load 3, 1, 0;
    %flag_set/imm 4, 0;
    %ix/load 4, 0, 0; Constant delay
    %assign/vec4/a/d v0x13840f0a0, 0, 4;
T_98.2 ;
T_98.1 ;
    %jmp T_98;
    .thread T_98;
    .scope S_0x13852bff0;
T_99 ;
    %wait E_0x13829c580;
    %load/vec4 v0x138409830_0;
    %nor/r;
    %flag_set/vec4 8;
    %jmp/0xz  T_99.0, 8;
    %pushi/vec4 0, 0, 4;
    %ix/load 3, 2, 0;
    %flag_set/imm 4, 0;
    %ix/load 4, 0, 0; Constant delay
    %assign/vec4/a/d v0x13840f0a0, 0, 4;
    %jmp T_99.1;
T_99.0 ;
    %load/vec4 v0x138406a80_0;
    %load/vec4 v0x13840bc60_0;
    %nor/r;
    %and;
    %flag_set/vec4 8;
    %jmp/0xz  T_99.2, 8;
    %ix/load 4, 2, 0;
    %flag_set/imm 4, 0;
    %load/vec4a v0x13840f130, 4;
    %ix/load 3, 2, 0;
    %flag_set/imm 4, 0;
    %ix/load 4, 0, 0; Constant delay
    %assign/vec4/a/d v0x13840f0a0, 0, 4;
T_99.2 ;
T_99.1 ;
    %jmp T_99;
    .thread T_99;
    .scope S_0x13852aba0;
T_100 ;
    %wait E_0x13829c580;
    %load/vec4 v0x138409830_0;
    %nor/r;
    %flag_set/vec4 8;
    %jmp/0xz  T_100.0, 8;
    %pushi/vec4 0, 0, 4;
    %ix/load 3, 3, 0;
    %flag_set/imm 4, 0;
    %ix/load 4, 0, 0; Constant delay
    %assign/vec4/a/d v0x13840f0a0, 0, 4;
    %jmp T_100.1;
T_100.0 ;
    %load/vec4 v0x138406a80_0;
    %load/vec4 v0x13840bc60_0;
    %nor/r;
    %and;
    %flag_set/vec4 8;
    %jmp/0xz  T_100.2, 8;
    %ix/load 4, 3, 0;
    %flag_set/imm 4, 0;
    %load/vec4a v0x13840f130, 4;
    %ix/load 3, 3, 0;
    %flag_set/imm 4, 0;
    %ix/load 4, 0, 0; Constant delay
    %assign/vec4/a/d v0x13840f0a0, 0, 4;
T_100.2 ;
T_100.1 ;
    %jmp T_100;
    .thread T_100;
    .scope S_0x138529750;
T_101 ;
    %wait E_0x13829c580;
    %load/vec4 v0x138409830_0;
    %nor/r;
    %flag_set/vec4 8;
    %jmp/0xz  T_101.0, 8;
    %pushi/vec4 0, 0, 4;
    %ix/load 3, 4, 0;
    %flag_set/imm 4, 0;
    %ix/load 4, 0, 0; Constant delay
    %assign/vec4/a/d v0x13840f0a0, 0, 4;
    %jmp T_101.1;
T_101.0 ;
    %load/vec4 v0x138406a80_0;
    %load/vec4 v0x13840bc60_0;
    %nor/r;
    %and;
    %flag_set/vec4 8;
    %jmp/0xz  T_101.2, 8;
    %ix/load 4, 4, 0;
    %flag_set/imm 4, 0;
    %load/vec4a v0x13840f130, 4;
    %ix/load 3, 4, 0;
    %flag_set/imm 4, 0;
    %ix/load 4, 0, 0; Constant delay
    %assign/vec4/a/d v0x13840f0a0, 0, 4;
T_101.2 ;
T_101.1 ;
    %jmp T_101;
    .thread T_101;
    .scope S_0x138528320;
T_102 ;
    %wait E_0x13829c580;
    %load/vec4 v0x138409830_0;
    %nor/r;
    %flag_set/vec4 8;
    %jmp/0xz  T_102.0, 8;
    %pushi/vec4 0, 0, 4;
    %ix/load 3, 5, 0;
    %flag_set/imm 4, 0;
    %ix/load 4, 0, 0; Constant delay
    %assign/vec4/a/d v0x13840f0a0, 0, 4;
    %jmp T_102.1;
T_102.0 ;
    %load/vec4 v0x138406a80_0;
    %load/vec4 v0x13840bc60_0;
    %nor/r;
    %and;
    %flag_set/vec4 8;
    %jmp/0xz  T_102.2, 8;
    %ix/load 4, 5, 0;
    %flag_set/imm 4, 0;
    %load/vec4a v0x13840f130, 4;
    %ix/load 3, 5, 0;
    %flag_set/imm 4, 0;
    %ix/load 4, 0, 0; Constant delay
    %assign/vec4/a/d v0x13840f0a0, 0, 4;
T_102.2 ;
T_102.1 ;
    %jmp T_102;
    .thread T_102;
    .scope S_0x138526ef0;
T_103 ;
    %wait E_0x13829c580;
    %load/vec4 v0x138409830_0;
    %nor/r;
    %flag_set/vec4 8;
    %jmp/0xz  T_103.0, 8;
    %pushi/vec4 0, 0, 4;
    %ix/load 3, 6, 0;
    %flag_set/imm 4, 0;
    %ix/load 4, 0, 0; Constant delay
    %assign/vec4/a/d v0x13840f0a0, 0, 4;
    %jmp T_103.1;
T_103.0 ;
    %load/vec4 v0x138406a80_0;
    %load/vec4 v0x13840bc60_0;
    %nor/r;
    %and;
    %flag_set/vec4 8;
    %jmp/0xz  T_103.2, 8;
    %ix/load 4, 6, 0;
    %flag_set/imm 4, 0;
    %load/vec4a v0x13840f130, 4;
    %ix/load 3, 6, 0;
    %flag_set/imm 4, 0;
    %ix/load 4, 0, 0; Constant delay
    %assign/vec4/a/d v0x13840f0a0, 0, 4;
T_103.2 ;
T_103.1 ;
    %jmp T_103;
    .thread T_103;
    .scope S_0x138525aa0;
T_104 ;
    %wait E_0x13829c580;
    %load/vec4 v0x138409830_0;
    %nor/r;
    %flag_set/vec4 8;
    %jmp/0xz  T_104.0, 8;
    %pushi/vec4 0, 0, 4;
    %ix/load 3, 7, 0;
    %flag_set/imm 4, 0;
    %ix/load 4, 0, 0; Constant delay
    %assign/vec4/a/d v0x13840f0a0, 0, 4;
    %jmp T_104.1;
T_104.0 ;
    %load/vec4 v0x138406a80_0;
    %load/vec4 v0x13840bc60_0;
    %nor/r;
    %and;
    %flag_set/vec4 8;
    %jmp/0xz  T_104.2, 8;
    %ix/load 4, 7, 0;
    %flag_set/imm 4, 0;
    %load/vec4a v0x13840f130, 4;
    %ix/load 3, 7, 0;
    %flag_set/imm 4, 0;
    %ix/load 4, 0, 0; Constant delay
    %assign/vec4/a/d v0x13840f0a0, 0, 4;
T_104.2 ;
T_104.1 ;
    %jmp T_104;
    .thread T_104;
    .scope S_0x1385345a0;
T_105 ;
    %wait E_0x13829c580;
    %load/vec4 v0x138409830_0;
    %nor/r;
    %flag_set/vec4 8;
    %jmp/0xz  T_105.0, 8;
    %pushi/vec4 0, 0, 4;
    %assign/vec4 v0x1384098c0_0, 0;
    %jmp T_105.1;
T_105.0 ;
    %load/vec4 v0x138406a80_0;
    %load/vec4 v0x13840bc60_0;
    %nor/r;
    %and;
    %flag_set/vec4 8;
    %jmp/0xz  T_105.2, 8;
    %load/vec4 v0x138406e70_0;
    %assign/vec4 v0x1384098c0_0, 0;
T_105.2 ;
T_105.1 ;
    %jmp T_105;
    .thread T_105;
    .scope S_0x1385345a0;
T_106 ;
    %wait E_0x13829c580;
    %load/vec4 v0x138409830_0;
    %nor/r;
    %flag_set/vec4 8;
    %jmp/0xz  T_106.0, 8;
    %pushi/vec4 0, 0, 4;
    %assign/vec4 v0x13840b320_0, 0;
    %jmp T_106.1;
T_106.0 ;
    %load/vec4 v0x13840ab00_0;
    %load/vec4 v0x13840bbd0_0;
    %nor/r;
    %and;
    %flag_set/vec4 8;
    %jmp/0xz  T_106.2, 8;
    %load/vec4 v0x13840b3b0_0;
    %assign/vec4 v0x13840b320_0, 0;
T_106.2 ;
T_106.1 ;
    %jmp T_106;
    .thread T_106;
    .scope S_0x13846b940;
T_107 ;
    %wait E_0x13829c580;
    %load/vec4 v0x13843b690_0;
    %nor/r;
    %flag_set/vec4 8;
    %jmp/0xz  T_107.0, 8;
    %pushi/vec4 0, 0, 45;
    %ix/load 3, 0, 0;
    %flag_set/imm 4, 0;
    %ix/load 4, 0, 0; Constant delay
    %assign/vec4/a/d v0x13845c4c0, 0, 4;
    %jmp T_107.1;
T_107.0 ;
    %load/vec4 v0x138518820_0;
    %load/vec4 v0x13843d9b0_0;
    %nor/r;
    %and;
    %flag_set/vec4 8;
    %jmp/0xz  T_107.2, 8;
    %ix/load 4, 0, 0;
    %flag_set/imm 4, 0;
    %load/vec4a v0x13845c550, 4;
    %ix/load 3, 0, 0;
    %flag_set/imm 4, 0;
    %ix/load 4, 0, 0; Constant delay
    %assign/vec4/a/d v0x13845c4c0, 0, 4;
T_107.2 ;
T_107.1 ;
    %jmp T_107;
    .thread T_107;
    .scope S_0x13846b240;
T_108 ;
    %wait E_0x13829c580;
    %load/vec4 v0x13843b690_0;
    %nor/r;
    %flag_set/vec4 8;
    %jmp/0xz  T_108.0, 8;
    %pushi/vec4 0, 0, 45;
    %ix/load 3, 1, 0;
    %flag_set/imm 4, 0;
    %ix/load 4, 0, 0; Constant delay
    %assign/vec4/a/d v0x13845c4c0, 0, 4;
    %jmp T_108.1;
T_108.0 ;
    %load/vec4 v0x138518820_0;
    %load/vec4 v0x13843d9b0_0;
    %nor/r;
    %and;
    %flag_set/vec4 8;
    %jmp/0xz  T_108.2, 8;
    %ix/load 4, 1, 0;
    %flag_set/imm 4, 0;
    %load/vec4a v0x13845c550, 4;
    %ix/load 3, 1, 0;
    %flag_set/imm 4, 0;
    %ix/load 4, 0, 0; Constant delay
    %assign/vec4/a/d v0x13845c4c0, 0, 4;
T_108.2 ;
T_108.1 ;
    %jmp T_108;
    .thread T_108;
    .scope S_0x13846ab20;
T_109 ;
    %wait E_0x13829c580;
    %load/vec4 v0x13843b690_0;
    %nor/r;
    %flag_set/vec4 8;
    %jmp/0xz  T_109.0, 8;
    %pushi/vec4 0, 0, 45;
    %ix/load 3, 2, 0;
    %flag_set/imm 4, 0;
    %ix/load 4, 0, 0; Constant delay
    %assign/vec4/a/d v0x13845c4c0, 0, 4;
    %jmp T_109.1;
T_109.0 ;
    %load/vec4 v0x138518820_0;
    %load/vec4 v0x13843d9b0_0;
    %nor/r;
    %and;
    %flag_set/vec4 8;
    %jmp/0xz  T_109.2, 8;
    %ix/load 4, 2, 0;
    %flag_set/imm 4, 0;
    %load/vec4a v0x13845c550, 4;
    %ix/load 3, 2, 0;
    %flag_set/imm 4, 0;
    %ix/load 4, 0, 0; Constant delay
    %assign/vec4/a/d v0x13845c4c0, 0, 4;
T_109.2 ;
T_109.1 ;
    %jmp T_109;
    .thread T_109;
    .scope S_0x138469d90;
T_110 ;
    %wait E_0x13829c580;
    %load/vec4 v0x13843b690_0;
    %nor/r;
    %flag_set/vec4 8;
    %jmp/0xz  T_110.0, 8;
    %pushi/vec4 0, 0, 45;
    %ix/load 3, 3, 0;
    %flag_set/imm 4, 0;
    %ix/load 4, 0, 0; Constant delay
    %assign/vec4/a/d v0x13845c4c0, 0, 4;
    %jmp T_110.1;
T_110.0 ;
    %load/vec4 v0x138518820_0;
    %load/vec4 v0x13843d9b0_0;
    %nor/r;
    %and;
    %flag_set/vec4 8;
    %jmp/0xz  T_110.2, 8;
    %ix/load 4, 3, 0;
    %flag_set/imm 4, 0;
    %load/vec4a v0x13845c550, 4;
    %ix/load 3, 3, 0;
    %flag_set/imm 4, 0;
    %ix/load 4, 0, 0; Constant delay
    %assign/vec4/a/d v0x13845c4c0, 0, 4;
T_110.2 ;
T_110.1 ;
    %jmp T_110;
    .thread T_110;
    .scope S_0x138440ae0;
T_111 ;
    %wait E_0x13829c580;
    %load/vec4 v0x13843b690_0;
    %nor/r;
    %flag_set/vec4 8;
    %jmp/0xz  T_111.0, 8;
    %pushi/vec4 0, 0, 3;
    %assign/vec4 v0x13843b720_0, 0;
    %jmp T_111.1;
T_111.0 ;
    %load/vec4 v0x138518820_0;
    %load/vec4 v0x13843d9b0_0;
    %nor/r;
    %and;
    %flag_set/vec4 8;
    %jmp/0xz  T_111.2, 8;
    %load/vec4 v0x13843acd0_0;
    %assign/vec4 v0x13843b720_0, 0;
T_111.2 ;
T_111.1 ;
    %jmp T_111;
    .thread T_111;
    .scope S_0x138440ae0;
T_112 ;
    %wait E_0x13829c580;
    %load/vec4 v0x13843b690_0;
    %nor/r;
    %flag_set/vec4 8;
    %jmp/0xz  T_112.0, 8;
    %pushi/vec4 0, 0, 3;
    %assign/vec4 v0x138438ec0_0, 0;
    %jmp T_112.1;
T_112.0 ;
    %load/vec4 v0x13843bcf0_0;
    %load/vec4 v0x13843d920_0;
    %nor/r;
    %and;
    %flag_set/vec4 8;
    %jmp/0xz  T_112.2, 8;
    %load/vec4 v0x138438f50_0;
    %assign/vec4 v0x138438ec0_0, 0;
T_112.2 ;
T_112.1 ;
    %jmp T_112;
    .thread T_112;
    .scope S_0x138449620;
T_113 ;
    %wait E_0x13829c580;
    %load/vec4 v0x1384b8d90_0;
    %nor/r;
    %flag_set/vec4 8;
    %jmp/0xz  T_113.0, 8;
    %jmp T_113.1;
T_113.0 ;
    %load/vec4 v0x1384bc990_0;
    %assign/vec4 v0x1383f94e0_0, 0;
T_113.1 ;
    %jmp T_113;
    .thread T_113;
    .scope S_0x138449620;
T_114 ;
    %wait E_0x13829c580;
    %load/vec4 v0x1384b8d90_0;
    %nor/r;
    %flag_set/vec4 8;
    %jmp/0xz  T_114.0, 8;
    %pushi/vec4 0, 0, 1;
    %assign/vec4 v0x138450700_0, 0;
    %jmp T_114.1;
T_114.0 ;
    %load/vec4 v0x1384bafd0_0;
    %assign/vec4 v0x138450700_0, 0;
T_114.1 ;
    %jmp T_114;
    .thread T_114;
    .scope S_0x138449620;
T_115 ;
    %wait E_0x13829c580;
    %load/vec4 v0x1384b8d90_0;
    %nor/r;
    %flag_set/vec4 8;
    %jmp/0xz  T_115.0, 8;
    %pushi/vec4 1, 0, 1;
    %assign/vec4 v0x1384534b0_0, 0;
    %pushi/vec4 1, 0, 1;
    %assign/vec4 v0x138453420_0, 0;
    %jmp T_115.1;
T_115.0 ;
    %load/vec4 v0x1384538a0_0;
    %assign/vec4 v0x1384534b0_0, 0;
    %load/vec4 v0x1384534b0_0;
    %assign/vec4 v0x138453420_0, 0;
T_115.1 ;
    %jmp T_115;
    .thread T_115;
    .scope S_0x138362a10;
T_116 ;
    %wait E_0x13829c580;
    %load/vec4 v0x1384b31d0_0;
    %inv;
    %flag_set/vec4 8;
    %jmp/0xz  T_116.0, 8;
    %pushi/vec4 0, 0, 3;
    %assign/vec4 v0x1384295d0_0, 0;
    %jmp T_116.1;
T_116.0 ;
    %load/vec4 v0x138426df0_0;
    %flag_set/vec4 8;
    %jmp/0xz  T_116.2, 8;
    %load/vec4 v0x138429540_0;
    %assign/vec4 v0x1384295d0_0, 0;
T_116.2 ;
T_116.1 ;
    %jmp T_116;
    .thread T_116;
    .scope S_0x13845c690;
T_117 ;
    %wait E_0x13829c580;
    %load/vec4 v0x13843c520_0;
    %nor/r;
    %flag_set/vec4 8;
    %jmp/0xz  T_117.0, 8;
    %pushi/vec4 0, 0, 40;
    %ix/load 3, 0, 0;
    %flag_set/imm 4, 0;
    %ix/load 4, 0, 0; Constant delay
    %assign/vec4/a/d v0x138460b80, 0, 4;
    %jmp T_117.1;
T_117.0 ;
    %load/vec4 v0x1384ba980_0;
    %load/vec4 v0x13845b8a0_0;
    %nor/r;
    %and;
    %flag_set/vec4 8;
    %jmp/0xz  T_117.2, 8;
    %ix/load 4, 0, 0;
    %flag_set/imm 4, 0;
    %load/vec4a v0x138460c10, 4;
    %ix/load 3, 0, 0;
    %flag_set/imm 4, 0;
    %ix/load 4, 0, 0; Constant delay
    %assign/vec4/a/d v0x138460b80, 0, 4;
T_117.2 ;
T_117.1 ;
    %jmp T_117;
    .thread T_117;
    .scope S_0x138462100;
T_118 ;
    %wait E_0x13829c580;
    %load/vec4 v0x13843c520_0;
    %nor/r;
    %flag_set/vec4 8;
    %jmp/0xz  T_118.0, 8;
    %pushi/vec4 0, 0, 40;
    %ix/load 3, 1, 0;
    %flag_set/imm 4, 0;
    %ix/load 4, 0, 0; Constant delay
    %assign/vec4/a/d v0x138460b80, 0, 4;
    %jmp T_118.1;
T_118.0 ;
    %load/vec4 v0x1384ba980_0;
    %load/vec4 v0x13845b8a0_0;
    %nor/r;
    %and;
    %flag_set/vec4 8;
    %jmp/0xz  T_118.2, 8;
    %ix/load 4, 1, 0;
    %flag_set/imm 4, 0;
    %load/vec4a v0x138460c10, 4;
    %ix/load 3, 1, 0;
    %flag_set/imm 4, 0;
    %ix/load 4, 0, 0; Constant delay
    %assign/vec4/a/d v0x138460b80, 0, 4;
T_118.2 ;
T_118.1 ;
    %jmp T_118;
    .thread T_118;
    .scope S_0x1384619e0;
T_119 ;
    %wait E_0x13829c580;
    %load/vec4 v0x13843c520_0;
    %nor/r;
    %flag_set/vec4 8;
    %jmp/0xz  T_119.0, 8;
    %pushi/vec4 0, 0, 40;
    %ix/load 3, 2, 0;
    %flag_set/imm 4, 0;
    %ix/load 4, 0, 0; Constant delay
    %assign/vec4/a/d v0x138460b80, 0, 4;
    %jmp T_119.1;
T_119.0 ;
    %load/vec4 v0x1384ba980_0;
    %load/vec4 v0x13845b8a0_0;
    %nor/r;
    %and;
    %flag_set/vec4 8;
    %jmp/0xz  T_119.2, 8;
    %ix/load 4, 2, 0;
    %flag_set/imm 4, 0;
    %load/vec4a v0x138460c10, 4;
    %ix/load 3, 2, 0;
    %flag_set/imm 4, 0;
    %ix/load 4, 0, 0; Constant delay
    %assign/vec4/a/d v0x138460b80, 0, 4;
T_119.2 ;
T_119.1 ;
    %jmp T_119;
    .thread T_119;
    .scope S_0x1384612b0;
T_120 ;
    %wait E_0x13829c580;
    %load/vec4 v0x13843c520_0;
    %nor/r;
    %flag_set/vec4 8;
    %jmp/0xz  T_120.0, 8;
    %pushi/vec4 0, 0, 40;
    %ix/load 3, 3, 0;
    %flag_set/imm 4, 0;
    %ix/load 4, 0, 0; Constant delay
    %assign/vec4/a/d v0x138460b80, 0, 4;
    %jmp T_120.1;
T_120.0 ;
    %load/vec4 v0x1384ba980_0;
    %load/vec4 v0x13845b8a0_0;
    %nor/r;
    %and;
    %flag_set/vec4 8;
    %jmp/0xz  T_120.2, 8;
    %ix/load 4, 3, 0;
    %flag_set/imm 4, 0;
    %load/vec4a v0x138460c10, 4;
    %ix/load 3, 3, 0;
    %flag_set/imm 4, 0;
    %ix/load 4, 0, 0; Constant delay
    %assign/vec4/a/d v0x138460b80, 0, 4;
T_120.2 ;
T_120.1 ;
    %jmp T_120;
    .thread T_120;
    .scope S_0x13843fea0;
T_121 ;
    %wait E_0x13829c580;
    %load/vec4 v0x13843c520_0;
    %nor/r;
    %flag_set/vec4 8;
    %jmp/0xz  T_121.0, 8;
    %pushi/vec4 0, 0, 40;
    %ix/load 3, 4, 0;
    %flag_set/imm 4, 0;
    %ix/load 4, 0, 0; Constant delay
    %assign/vec4/a/d v0x138460b80, 0, 4;
    %jmp T_121.1;
T_121.0 ;
    %load/vec4 v0x1384ba980_0;
    %load/vec4 v0x13845b8a0_0;
    %nor/r;
    %and;
    %flag_set/vec4 8;
    %jmp/0xz  T_121.2, 8;
    %ix/load 4, 4, 0;
    %flag_set/imm 4, 0;
    %load/vec4a v0x138460c10, 4;
    %ix/load 3, 4, 0;
    %flag_set/imm 4, 0;
    %ix/load 4, 0, 0; Constant delay
    %assign/vec4/a/d v0x138460b80, 0, 4;
T_121.2 ;
T_121.1 ;
    %jmp T_121;
    .thread T_121;
    .scope S_0x1384392a0;
T_122 ;
    %wait E_0x13829c580;
    %load/vec4 v0x13843c520_0;
    %nor/r;
    %flag_set/vec4 8;
    %jmp/0xz  T_122.0, 8;
    %pushi/vec4 0, 0, 40;
    %ix/load 3, 5, 0;
    %flag_set/imm 4, 0;
    %ix/load 4, 0, 0; Constant delay
    %assign/vec4/a/d v0x138460b80, 0, 4;
    %jmp T_122.1;
T_122.0 ;
    %load/vec4 v0x1384ba980_0;
    %load/vec4 v0x13845b8a0_0;
    %nor/r;
    %and;
    %flag_set/vec4 8;
    %jmp/0xz  T_122.2, 8;
    %ix/load 4, 5, 0;
    %flag_set/imm 4, 0;
    %load/vec4a v0x138460c10, 4;
    %ix/load 3, 5, 0;
    %flag_set/imm 4, 0;
    %ix/load 4, 0, 0; Constant delay
    %assign/vec4/a/d v0x138460b80, 0, 4;
T_122.2 ;
T_122.1 ;
    %jmp T_122;
    .thread T_122;
    .scope S_0x13843dcc0;
T_123 ;
    %wait E_0x13829c580;
    %load/vec4 v0x13843c520_0;
    %nor/r;
    %flag_set/vec4 8;
    %jmp/0xz  T_123.0, 8;
    %pushi/vec4 0, 0, 40;
    %ix/load 3, 6, 0;
    %flag_set/imm 4, 0;
    %ix/load 4, 0, 0; Constant delay
    %assign/vec4/a/d v0x138460b80, 0, 4;
    %jmp T_123.1;
T_123.0 ;
    %load/vec4 v0x1384ba980_0;
    %load/vec4 v0x13845b8a0_0;
    %nor/r;
    %and;
    %flag_set/vec4 8;
    %jmp/0xz  T_123.2, 8;
    %ix/load 4, 6, 0;
    %flag_set/imm 4, 0;
    %load/vec4a v0x138460c10, 4;
    %ix/load 3, 6, 0;
    %flag_set/imm 4, 0;
    %ix/load 4, 0, 0; Constant delay
    %assign/vec4/a/d v0x138460b80, 0, 4;
T_123.2 ;
T_123.1 ;
    %jmp T_123;
    .thread T_123;
    .scope S_0x13843d070;
T_124 ;
    %wait E_0x13829c580;
    %load/vec4 v0x13843c520_0;
    %nor/r;
    %flag_set/vec4 8;
    %jmp/0xz  T_124.0, 8;
    %pushi/vec4 0, 0, 40;
    %ix/load 3, 7, 0;
    %flag_set/imm 4, 0;
    %ix/load 4, 0, 0; Constant delay
    %assign/vec4/a/d v0x138460b80, 0, 4;
    %jmp T_124.1;
T_124.0 ;
    %load/vec4 v0x1384ba980_0;
    %load/vec4 v0x13845b8a0_0;
    %nor/r;
    %and;
    %flag_set/vec4 8;
    %jmp/0xz  T_124.2, 8;
    %ix/load 4, 7, 0;
    %flag_set/imm 4, 0;
    %load/vec4a v0x138460c10, 4;
    %ix/load 3, 7, 0;
    %flag_set/imm 4, 0;
    %ix/load 4, 0, 0; Constant delay
    %assign/vec4/a/d v0x138460b80, 0, 4;
T_124.2 ;
T_124.1 ;
    %jmp T_124;
    .thread T_124;
    .scope S_0x1384bd6f0;
T_125 ;
    %wait E_0x13829c580;
    %load/vec4 v0x13843c520_0;
    %nor/r;
    %flag_set/vec4 8;
    %jmp/0xz  T_125.0, 8;
    %pushi/vec4 0, 0, 40;
    %ix/load 3, 8, 0;
    %flag_set/imm 4, 0;
    %ix/load 4, 0, 0; Constant delay
    %assign/vec4/a/d v0x138460b80, 0, 4;
    %jmp T_125.1;
T_125.0 ;
    %load/vec4 v0x1384ba980_0;
    %load/vec4 v0x13845b8a0_0;
    %nor/r;
    %and;
    %flag_set/vec4 8;
    %jmp/0xz  T_125.2, 8;
    %ix/load 4, 8, 0;
    %flag_set/imm 4, 0;
    %load/vec4a v0x138460c10, 4;
    %ix/load 3, 8, 0;
    %flag_set/imm 4, 0;
    %ix/load 4, 0, 0; Constant delay
    %assign/vec4/a/d v0x138460b80, 0, 4;
T_125.2 ;
T_125.1 ;
    %jmp T_125;
    .thread T_125;
    .scope S_0x1384bcfa0;
T_126 ;
    %wait E_0x13829c580;
    %load/vec4 v0x13843c520_0;
    %nor/r;
    %flag_set/vec4 8;
    %jmp/0xz  T_126.0, 8;
    %pushi/vec4 0, 0, 40;
    %ix/load 3, 9, 0;
    %flag_set/imm 4, 0;
    %ix/load 4, 0, 0; Constant delay
    %assign/vec4/a/d v0x138460b80, 0, 4;
    %jmp T_126.1;
T_126.0 ;
    %load/vec4 v0x1384ba980_0;
    %load/vec4 v0x13845b8a0_0;
    %nor/r;
    %and;
    %flag_set/vec4 8;
    %jmp/0xz  T_126.2, 8;
    %ix/load 4, 9, 0;
    %flag_set/imm 4, 0;
    %load/vec4a v0x138460c10, 4;
    %ix/load 3, 9, 0;
    %flag_set/imm 4, 0;
    %ix/load 4, 0, 0; Constant delay
    %assign/vec4/a/d v0x138460b80, 0, 4;
T_126.2 ;
T_126.1 ;
    %jmp T_126;
    .thread T_126;
    .scope S_0x1384bcc80;
T_127 ;
    %wait E_0x13829c580;
    %load/vec4 v0x13843c520_0;
    %nor/r;
    %flag_set/vec4 8;
    %jmp/0xz  T_127.0, 8;
    %pushi/vec4 0, 0, 40;
    %ix/load 3, 10, 0;
    %flag_set/imm 4, 0;
    %ix/load 4, 0, 0; Constant delay
    %assign/vec4/a/d v0x138460b80, 0, 4;
    %jmp T_127.1;
T_127.0 ;
    %load/vec4 v0x1384ba980_0;
    %load/vec4 v0x13845b8a0_0;
    %nor/r;
    %and;
    %flag_set/vec4 8;
    %jmp/0xz  T_127.2, 8;
    %ix/load 4, 10, 0;
    %flag_set/imm 4, 0;
    %load/vec4a v0x138460c10, 4;
    %ix/load 3, 10, 0;
    %flag_set/imm 4, 0;
    %ix/load 4, 0, 0; Constant delay
    %assign/vec4/a/d v0x138460b80, 0, 4;
T_127.2 ;
T_127.1 ;
    %jmp T_127;
    .thread T_127;
    .scope S_0x1384b9880;
T_128 ;
    %wait E_0x13829c580;
    %load/vec4 v0x13843c520_0;
    %nor/r;
    %flag_set/vec4 8;
    %jmp/0xz  T_128.0, 8;
    %pushi/vec4 0, 0, 40;
    %ix/load 3, 11, 0;
    %flag_set/imm 4, 0;
    %ix/load 4, 0, 0; Constant delay
    %assign/vec4/a/d v0x138460b80, 0, 4;
    %jmp T_128.1;
T_128.0 ;
    %load/vec4 v0x1384ba980_0;
    %load/vec4 v0x13845b8a0_0;
    %nor/r;
    %and;
    %flag_set/vec4 8;
    %jmp/0xz  T_128.2, 8;
    %ix/load 4, 11, 0;
    %flag_set/imm 4, 0;
    %load/vec4a v0x138460c10, 4;
    %ix/load 3, 11, 0;
    %flag_set/imm 4, 0;
    %ix/load 4, 0, 0; Constant delay
    %assign/vec4/a/d v0x138460b80, 0, 4;
T_128.2 ;
T_128.1 ;
    %jmp T_128;
    .thread T_128;
    .scope S_0x1384b72d0;
T_129 ;
    %wait E_0x13829c580;
    %load/vec4 v0x13843c520_0;
    %nor/r;
    %flag_set/vec4 8;
    %jmp/0xz  T_129.0, 8;
    %pushi/vec4 0, 0, 40;
    %ix/load 3, 12, 0;
    %flag_set/imm 4, 0;
    %ix/load 4, 0, 0; Constant delay
    %assign/vec4/a/d v0x138460b80, 0, 4;
    %jmp T_129.1;
T_129.0 ;
    %load/vec4 v0x1384ba980_0;
    %load/vec4 v0x13845b8a0_0;
    %nor/r;
    %and;
    %flag_set/vec4 8;
    %jmp/0xz  T_129.2, 8;
    %ix/load 4, 12, 0;
    %flag_set/imm 4, 0;
    %load/vec4a v0x138460c10, 4;
    %ix/load 3, 12, 0;
    %flag_set/imm 4, 0;
    %ix/load 4, 0, 0; Constant delay
    %assign/vec4/a/d v0x138460b80, 0, 4;
T_129.2 ;
T_129.1 ;
    %jmp T_129;
    .thread T_129;
    .scope S_0x1384a4fe0;
T_130 ;
    %wait E_0x13829c580;
    %load/vec4 v0x13843c520_0;
    %nor/r;
    %flag_set/vec4 8;
    %jmp/0xz  T_130.0, 8;
    %pushi/vec4 0, 0, 40;
    %ix/load 3, 13, 0;
    %flag_set/imm 4, 0;
    %ix/load 4, 0, 0; Constant delay
    %assign/vec4/a/d v0x138460b80, 0, 4;
    %jmp T_130.1;
T_130.0 ;
    %load/vec4 v0x1384ba980_0;
    %load/vec4 v0x13845b8a0_0;
    %nor/r;
    %and;
    %flag_set/vec4 8;
    %jmp/0xz  T_130.2, 8;
    %ix/load 4, 13, 0;
    %flag_set/imm 4, 0;
    %load/vec4a v0x138460c10, 4;
    %ix/load 3, 13, 0;
    %flag_set/imm 4, 0;
    %ix/load 4, 0, 0; Constant delay
    %assign/vec4/a/d v0x138460b80, 0, 4;
T_130.2 ;
T_130.1 ;
    %jmp T_130;
    .thread T_130;
    .scope S_0x1384a4cc0;
T_131 ;
    %wait E_0x13829c580;
    %load/vec4 v0x13843c520_0;
    %nor/r;
    %flag_set/vec4 8;
    %jmp/0xz  T_131.0, 8;
    %pushi/vec4 0, 0, 40;
    %ix/load 3, 14, 0;
    %flag_set/imm 4, 0;
    %ix/load 4, 0, 0; Constant delay
    %assign/vec4/a/d v0x138460b80, 0, 4;
    %jmp T_131.1;
T_131.0 ;
    %load/vec4 v0x1384ba980_0;
    %load/vec4 v0x13845b8a0_0;
    %nor/r;
    %and;
    %flag_set/vec4 8;
    %jmp/0xz  T_131.2, 8;
    %ix/load 4, 14, 0;
    %flag_set/imm 4, 0;
    %load/vec4a v0x138460c10, 4;
    %ix/load 3, 14, 0;
    %flag_set/imm 4, 0;
    %ix/load 4, 0, 0; Constant delay
    %assign/vec4/a/d v0x138460b80, 0, 4;
T_131.2 ;
T_131.1 ;
    %jmp T_131;
    .thread T_131;
    .scope S_0x1384a49a0;
T_132 ;
    %wait E_0x13829c580;
    %load/vec4 v0x13843c520_0;
    %nor/r;
    %flag_set/vec4 8;
    %jmp/0xz  T_132.0, 8;
    %pushi/vec4 0, 0, 40;
    %ix/load 3, 15, 0;
    %flag_set/imm 4, 0;
    %ix/load 4, 0, 0; Constant delay
    %assign/vec4/a/d v0x138460b80, 0, 4;
    %jmp T_132.1;
T_132.0 ;
    %load/vec4 v0x1384ba980_0;
    %load/vec4 v0x13845b8a0_0;
    %nor/r;
    %and;
    %flag_set/vec4 8;
    %jmp/0xz  T_132.2, 8;
    %ix/load 4, 15, 0;
    %flag_set/imm 4, 0;
    %load/vec4a v0x138460c10, 4;
    %ix/load 3, 15, 0;
    %flag_set/imm 4, 0;
    %ix/load 4, 0, 0; Constant delay
    %assign/vec4/a/d v0x138460b80, 0, 4;
T_132.2 ;
T_132.1 ;
    %jmp T_132;
    .thread T_132;
    .scope S_0x13845cdc0;
T_133 ;
    %wait E_0x13829c580;
    %load/vec4 v0x13843c520_0;
    %nor/r;
    %flag_set/vec4 8;
    %jmp/0xz  T_133.0, 8;
    %pushi/vec4 0, 0, 5;
    %assign/vec4 v0x13843af20_0, 0;
    %jmp T_133.1;
T_133.0 ;
    %load/vec4 v0x1384ba980_0;
    %load/vec4 v0x13845b8a0_0;
    %nor/r;
    %and;
    %flag_set/vec4 8;
    %jmp/0xz  T_133.2, 8;
    %load/vec4 v0x13843afb0_0;
    %assign/vec4 v0x13843af20_0, 0;
T_133.2 ;
T_133.1 ;
    %jmp T_133;
    .thread T_133;
    .scope S_0x13845cdc0;
T_134 ;
    %wait E_0x13829c580;
    %load/vec4 v0x13843c520_0;
    %nor/r;
    %flag_set/vec4 8;
    %jmp/0xz  T_134.0, 8;
    %pushi/vec4 0, 0, 5;
    %assign/vec4 v0x13845b930_0, 0;
    %jmp T_134.1;
T_134.0 ;
    %load/vec4 v0x13843c490_0;
    %load/vec4 v0x13845bff0_0;
    %nor/r;
    %and;
    %flag_set/vec4 8;
    %jmp/0xz  T_134.2, 8;
    %load/vec4 v0x13845b1e0_0;
    %assign/vec4 v0x13845b930_0, 0;
T_134.2 ;
T_134.1 ;
    %jmp T_134;
    .thread T_134;
    .scope S_0x138428d50;
T_135 ;
    %wait E_0x13829c580;
    %load/vec4 v0x13847bb20_0;
    %nor/r;
    %flag_set/vec4 8;
    %jmp/0xz  T_135.0, 8;
    %pushi/vec4 0, 0, 40;
    %ix/load 3, 0, 0;
    %flag_set/imm 4, 0;
    %ix/load 4, 0, 0; Constant delay
    %assign/vec4/a/d v0x13848df60, 0, 4;
    %jmp T_135.1;
T_135.0 ;
    %load/vec4 v0x138479190_0;
    %load/vec4 v0x13847f880_0;
    %nor/r;
    %and;
    %flag_set/vec4 8;
    %jmp/0xz  T_135.2, 8;
    %ix/load 4, 0, 0;
    %flag_set/imm 4, 0;
    %load/vec4a v0x138487a00, 4;
    %ix/load 3, 0, 0;
    %flag_set/imm 4, 0;
    %ix/load 4, 0, 0; Constant delay
    %assign/vec4/a/d v0x13848df60, 0, 4;
T_135.2 ;
T_135.1 ;
    %jmp T_135;
    .thread T_135;
    .scope S_0x1384283b0;
T_136 ;
    %wait E_0x13829c580;
    %load/vec4 v0x13847bb20_0;
    %nor/r;
    %flag_set/vec4 8;
    %jmp/0xz  T_136.0, 8;
    %pushi/vec4 0, 0, 40;
    %ix/load 3, 1, 0;
    %flag_set/imm 4, 0;
    %ix/load 4, 0, 0; Constant delay
    %assign/vec4/a/d v0x13848df60, 0, 4;
    %jmp T_136.1;
T_136.0 ;
    %load/vec4 v0x138479190_0;
    %load/vec4 v0x13847f880_0;
    %nor/r;
    %and;
    %flag_set/vec4 8;
    %jmp/0xz  T_136.2, 8;
    %ix/load 4, 1, 0;
    %flag_set/imm 4, 0;
    %load/vec4a v0x138487a00, 4;
    %ix/load 3, 1, 0;
    %flag_set/imm 4, 0;
    %ix/load 4, 0, 0; Constant delay
    %assign/vec4/a/d v0x13848df60, 0, 4;
T_136.2 ;
T_136.1 ;
    %jmp T_136;
    .thread T_136;
    .scope S_0x13841f050;
T_137 ;
    %wait E_0x13829c580;
    %load/vec4 v0x13847bb20_0;
    %nor/r;
    %flag_set/vec4 8;
    %jmp/0xz  T_137.0, 8;
    %pushi/vec4 0, 0, 40;
    %ix/load 3, 2, 0;
    %flag_set/imm 4, 0;
    %ix/load 4, 0, 0; Constant delay
    %assign/vec4/a/d v0x13848df60, 0, 4;
    %jmp T_137.1;
T_137.0 ;
    %load/vec4 v0x138479190_0;
    %load/vec4 v0x13847f880_0;
    %nor/r;
    %and;
    %flag_set/vec4 8;
    %jmp/0xz  T_137.2, 8;
    %ix/load 4, 2, 0;
    %flag_set/imm 4, 0;
    %load/vec4a v0x138487a00, 4;
    %ix/load 3, 2, 0;
    %flag_set/imm 4, 0;
    %ix/load 4, 0, 0; Constant delay
    %assign/vec4/a/d v0x13848df60, 0, 4;
T_137.2 ;
T_137.1 ;
    %jmp T_137;
    .thread T_137;
    .scope S_0x1385197c0;
T_138 ;
    %wait E_0x13829c580;
    %load/vec4 v0x13847bb20_0;
    %nor/r;
    %flag_set/vec4 8;
    %jmp/0xz  T_138.0, 8;
    %pushi/vec4 0, 0, 40;
    %ix/load 3, 3, 0;
    %flag_set/imm 4, 0;
    %ix/load 4, 0, 0; Constant delay
    %assign/vec4/a/d v0x13848df60, 0, 4;
    %jmp T_138.1;
T_138.0 ;
    %load/vec4 v0x138479190_0;
    %load/vec4 v0x13847f880_0;
    %nor/r;
    %and;
    %flag_set/vec4 8;
    %jmp/0xz  T_138.2, 8;
    %ix/load 4, 3, 0;
    %flag_set/imm 4, 0;
    %load/vec4a v0x138487a00, 4;
    %ix/load 3, 3, 0;
    %flag_set/imm 4, 0;
    %ix/load 4, 0, 0; Constant delay
    %assign/vec4/a/d v0x13848df60, 0, 4;
T_138.2 ;
T_138.1 ;
    %jmp T_138;
    .thread T_138;
    .scope S_0x13850e350;
T_139 ;
    %wait E_0x13829c580;
    %load/vec4 v0x13847bb20_0;
    %nor/r;
    %flag_set/vec4 8;
    %jmp/0xz  T_139.0, 8;
    %pushi/vec4 0, 0, 40;
    %ix/load 3, 4, 0;
    %flag_set/imm 4, 0;
    %ix/load 4, 0, 0; Constant delay
    %assign/vec4/a/d v0x13848df60, 0, 4;
    %jmp T_139.1;
T_139.0 ;
    %load/vec4 v0x138479190_0;
    %load/vec4 v0x13847f880_0;
    %nor/r;
    %and;
    %flag_set/vec4 8;
    %jmp/0xz  T_139.2, 8;
    %ix/load 4, 4, 0;
    %flag_set/imm 4, 0;
    %load/vec4a v0x138487a00, 4;
    %ix/load 3, 4, 0;
    %flag_set/imm 4, 0;
    %ix/load 4, 0, 0; Constant delay
    %assign/vec4/a/d v0x13848df60, 0, 4;
T_139.2 ;
T_139.1 ;
    %jmp T_139;
    .thread T_139;
    .scope S_0x1383fd130;
T_140 ;
    %wait E_0x13829c580;
    %load/vec4 v0x13847bb20_0;
    %nor/r;
    %flag_set/vec4 8;
    %jmp/0xz  T_140.0, 8;
    %pushi/vec4 0, 0, 40;
    %ix/load 3, 5, 0;
    %flag_set/imm 4, 0;
    %ix/load 4, 0, 0; Constant delay
    %assign/vec4/a/d v0x13848df60, 0, 4;
    %jmp T_140.1;
T_140.0 ;
    %load/vec4 v0x138479190_0;
    %load/vec4 v0x13847f880_0;
    %nor/r;
    %and;
    %flag_set/vec4 8;
    %jmp/0xz  T_140.2, 8;
    %ix/load 4, 5, 0;
    %flag_set/imm 4, 0;
    %load/vec4a v0x138487a00, 4;
    %ix/load 3, 5, 0;
    %flag_set/imm 4, 0;
    %ix/load 4, 0, 0; Constant delay
    %assign/vec4/a/d v0x13848df60, 0, 4;
T_140.2 ;
T_140.1 ;
    %jmp T_140;
    .thread T_140;
    .scope S_0x1383f97f0;
T_141 ;
    %wait E_0x13829c580;
    %load/vec4 v0x13847bb20_0;
    %nor/r;
    %flag_set/vec4 8;
    %jmp/0xz  T_141.0, 8;
    %pushi/vec4 0, 0, 40;
    %ix/load 3, 6, 0;
    %flag_set/imm 4, 0;
    %ix/load 4, 0, 0; Constant delay
    %assign/vec4/a/d v0x13848df60, 0, 4;
    %jmp T_141.1;
T_141.0 ;
    %load/vec4 v0x138479190_0;
    %load/vec4 v0x13847f880_0;
    %nor/r;
    %and;
    %flag_set/vec4 8;
    %jmp/0xz  T_141.2, 8;
    %ix/load 4, 6, 0;
    %flag_set/imm 4, 0;
    %load/vec4a v0x138487a00, 4;
    %ix/load 3, 6, 0;
    %flag_set/imm 4, 0;
    %ix/load 4, 0, 0; Constant delay
    %assign/vec4/a/d v0x13848df60, 0, 4;
T_141.2 ;
T_141.1 ;
    %jmp T_141;
    .thread T_141;
    .scope S_0x138449e00;
T_142 ;
    %wait E_0x13829c580;
    %load/vec4 v0x13847bb20_0;
    %nor/r;
    %flag_set/vec4 8;
    %jmp/0xz  T_142.0, 8;
    %pushi/vec4 0, 0, 40;
    %ix/load 3, 7, 0;
    %flag_set/imm 4, 0;
    %ix/load 4, 0, 0; Constant delay
    %assign/vec4/a/d v0x13848df60, 0, 4;
    %jmp T_142.1;
T_142.0 ;
    %load/vec4 v0x138479190_0;
    %load/vec4 v0x13847f880_0;
    %nor/r;
    %and;
    %flag_set/vec4 8;
    %jmp/0xz  T_142.2, 8;
    %ix/load 4, 7, 0;
    %flag_set/imm 4, 0;
    %load/vec4a v0x138487a00, 4;
    %ix/load 3, 7, 0;
    %flag_set/imm 4, 0;
    %ix/load 4, 0, 0; Constant delay
    %assign/vec4/a/d v0x13848df60, 0, 4;
T_142.2 ;
T_142.1 ;
    %jmp T_142;
    .thread T_142;
    .scope S_0x13846da20;
T_143 ;
    %wait E_0x13829c580;
    %load/vec4 v0x13847bb20_0;
    %nor/r;
    %flag_set/vec4 8;
    %jmp/0xz  T_143.0, 8;
    %pushi/vec4 0, 0, 40;
    %ix/load 3, 8, 0;
    %flag_set/imm 4, 0;
    %ix/load 4, 0, 0; Constant delay
    %assign/vec4/a/d v0x13848df60, 0, 4;
    %jmp T_143.1;
T_143.0 ;
    %load/vec4 v0x138479190_0;
    %load/vec4 v0x13847f880_0;
    %nor/r;
    %and;
    %flag_set/vec4 8;
    %jmp/0xz  T_143.2, 8;
    %ix/load 4, 8, 0;
    %flag_set/imm 4, 0;
    %load/vec4a v0x138487a00, 4;
    %ix/load 3, 8, 0;
    %flag_set/imm 4, 0;
    %ix/load 4, 0, 0; Constant delay
    %assign/vec4/a/d v0x13848df60, 0, 4;
T_143.2 ;
T_143.1 ;
    %jmp T_143;
    .thread T_143;
    .scope S_0x13846d380;
T_144 ;
    %wait E_0x13829c580;
    %load/vec4 v0x13847bb20_0;
    %nor/r;
    %flag_set/vec4 8;
    %jmp/0xz  T_144.0, 8;
    %pushi/vec4 0, 0, 40;
    %ix/load 3, 9, 0;
    %flag_set/imm 4, 0;
    %ix/load 4, 0, 0; Constant delay
    %assign/vec4/a/d v0x13848df60, 0, 4;
    %jmp T_144.1;
T_144.0 ;
    %load/vec4 v0x138479190_0;
    %load/vec4 v0x13847f880_0;
    %nor/r;
    %and;
    %flag_set/vec4 8;
    %jmp/0xz  T_144.2, 8;
    %ix/load 4, 9, 0;
    %flag_set/imm 4, 0;
    %load/vec4a v0x138487a00, 4;
    %ix/load 3, 9, 0;
    %flag_set/imm 4, 0;
    %ix/load 4, 0, 0; Constant delay
    %assign/vec4/a/d v0x13848df60, 0, 4;
T_144.2 ;
T_144.1 ;
    %jmp T_144;
    .thread T_144;
    .scope S_0x13846cce0;
T_145 ;
    %wait E_0x13829c580;
    %load/vec4 v0x13847bb20_0;
    %nor/r;
    %flag_set/vec4 8;
    %jmp/0xz  T_145.0, 8;
    %pushi/vec4 0, 0, 40;
    %ix/load 3, 10, 0;
    %flag_set/imm 4, 0;
    %ix/load 4, 0, 0; Constant delay
    %assign/vec4/a/d v0x13848df60, 0, 4;
    %jmp T_145.1;
T_145.0 ;
    %load/vec4 v0x138479190_0;
    %load/vec4 v0x13847f880_0;
    %nor/r;
    %and;
    %flag_set/vec4 8;
    %jmp/0xz  T_145.2, 8;
    %ix/load 4, 10, 0;
    %flag_set/imm 4, 0;
    %load/vec4a v0x138487a00, 4;
    %ix/load 3, 10, 0;
    %flag_set/imm 4, 0;
    %ix/load 4, 0, 0; Constant delay
    %assign/vec4/a/d v0x13848df60, 0, 4;
T_145.2 ;
T_145.1 ;
    %jmp T_145;
    .thread T_145;
    .scope S_0x13846bf10;
T_146 ;
    %wait E_0x13829c580;
    %load/vec4 v0x13847bb20_0;
    %nor/r;
    %flag_set/vec4 8;
    %jmp/0xz  T_146.0, 8;
    %pushi/vec4 0, 0, 40;
    %ix/load 3, 11, 0;
    %flag_set/imm 4, 0;
    %ix/load 4, 0, 0; Constant delay
    %assign/vec4/a/d v0x13848df60, 0, 4;
    %jmp T_146.1;
T_146.0 ;
    %load/vec4 v0x138479190_0;
    %load/vec4 v0x13847f880_0;
    %nor/r;
    %and;
    %flag_set/vec4 8;
    %jmp/0xz  T_146.2, 8;
    %ix/load 4, 11, 0;
    %flag_set/imm 4, 0;
    %load/vec4a v0x138487a00, 4;
    %ix/load 3, 11, 0;
    %flag_set/imm 4, 0;
    %ix/load 4, 0, 0; Constant delay
    %assign/vec4/a/d v0x13848df60, 0, 4;
T_146.2 ;
T_146.1 ;
    %jmp T_146;
    .thread T_146;
    .scope S_0x138468f40;
T_147 ;
    %wait E_0x13829c580;
    %load/vec4 v0x13847bb20_0;
    %nor/r;
    %flag_set/vec4 8;
    %jmp/0xz  T_147.0, 8;
    %pushi/vec4 0, 0, 40;
    %ix/load 3, 12, 0;
    %flag_set/imm 4, 0;
    %ix/load 4, 0, 0; Constant delay
    %assign/vec4/a/d v0x13848df60, 0, 4;
    %jmp T_147.1;
T_147.0 ;
    %load/vec4 v0x138479190_0;
    %load/vec4 v0x13847f880_0;
    %nor/r;
    %and;
    %flag_set/vec4 8;
    %jmp/0xz  T_147.2, 8;
    %ix/load 4, 12, 0;
    %flag_set/imm 4, 0;
    %load/vec4a v0x138487a00, 4;
    %ix/load 3, 12, 0;
    %flag_set/imm 4, 0;
    %ix/load 4, 0, 0; Constant delay
    %assign/vec4/a/d v0x13848df60, 0, 4;
T_147.2 ;
T_147.1 ;
    %jmp T_147;
    .thread T_147;
    .scope S_0x1384688a0;
T_148 ;
    %wait E_0x13829c580;
    %load/vec4 v0x13847bb20_0;
    %nor/r;
    %flag_set/vec4 8;
    %jmp/0xz  T_148.0, 8;
    %pushi/vec4 0, 0, 40;
    %ix/load 3, 13, 0;
    %flag_set/imm 4, 0;
    %ix/load 4, 0, 0; Constant delay
    %assign/vec4/a/d v0x13848df60, 0, 4;
    %jmp T_148.1;
T_148.0 ;
    %load/vec4 v0x138479190_0;
    %load/vec4 v0x13847f880_0;
    %nor/r;
    %and;
    %flag_set/vec4 8;
    %jmp/0xz  T_148.2, 8;
    %ix/load 4, 13, 0;
    %flag_set/imm 4, 0;
    %load/vec4a v0x138487a00, 4;
    %ix/load 3, 13, 0;
    %flag_set/imm 4, 0;
    %ix/load 4, 0, 0; Constant delay
    %assign/vec4/a/d v0x13848df60, 0, 4;
T_148.2 ;
T_148.1 ;
    %jmp T_148;
    .thread T_148;
    .scope S_0x138468200;
T_149 ;
    %wait E_0x13829c580;
    %load/vec4 v0x13847bb20_0;
    %nor/r;
    %flag_set/vec4 8;
    %jmp/0xz  T_149.0, 8;
    %pushi/vec4 0, 0, 40;
    %ix/load 3, 14, 0;
    %flag_set/imm 4, 0;
    %ix/load 4, 0, 0; Constant delay
    %assign/vec4/a/d v0x13848df60, 0, 4;
    %jmp T_149.1;
T_149.0 ;
    %load/vec4 v0x138479190_0;
    %load/vec4 v0x13847f880_0;
    %nor/r;
    %and;
    %flag_set/vec4 8;
    %jmp/0xz  T_149.2, 8;
    %ix/load 4, 14, 0;
    %flag_set/imm 4, 0;
    %load/vec4a v0x138487a00, 4;
    %ix/load 3, 14, 0;
    %flag_set/imm 4, 0;
    %ix/load 4, 0, 0; Constant delay
    %assign/vec4/a/d v0x13848df60, 0, 4;
T_149.2 ;
T_149.1 ;
    %jmp T_149;
    .thread T_149;
    .scope S_0x138467420;
T_150 ;
    %wait E_0x13829c580;
    %load/vec4 v0x13847bb20_0;
    %nor/r;
    %flag_set/vec4 8;
    %jmp/0xz  T_150.0, 8;
    %pushi/vec4 0, 0, 40;
    %ix/load 3, 15, 0;
    %flag_set/imm 4, 0;
    %ix/load 4, 0, 0; Constant delay
    %assign/vec4/a/d v0x13848df60, 0, 4;
    %jmp T_150.1;
T_150.0 ;
    %load/vec4 v0x138479190_0;
    %load/vec4 v0x13847f880_0;
    %nor/r;
    %and;
    %flag_set/vec4 8;
    %jmp/0xz  T_150.2, 8;
    %ix/load 4, 15, 0;
    %flag_set/imm 4, 0;
    %load/vec4a v0x138487a00, 4;
    %ix/load 3, 15, 0;
    %flag_set/imm 4, 0;
    %ix/load 4, 0, 0; Constant delay
    %assign/vec4/a/d v0x13848df60, 0, 4;
T_150.2 ;
T_150.1 ;
    %jmp T_150;
    .thread T_150;
    .scope S_0x138423ef0;
T_151 ;
    %wait E_0x13829c580;
    %load/vec4 v0x13847bb20_0;
    %nor/r;
    %flag_set/vec4 8;
    %jmp/0xz  T_151.0, 8;
    %pushi/vec4 0, 0, 5;
    %assign/vec4 v0x13847bbb0_0, 0;
    %jmp T_151.1;
T_151.0 ;
    %load/vec4 v0x138479190_0;
    %load/vec4 v0x13847f880_0;
    %nor/r;
    %and;
    %flag_set/vec4 8;
    %jmp/0xz  T_151.2, 8;
    %load/vec4 v0x13847a6f0_0;
    %assign/vec4 v0x13847bbb0_0, 0;
T_151.2 ;
T_151.1 ;
    %jmp T_151;
    .thread T_151;
    .scope S_0x138423ef0;
T_152 ;
    %wait E_0x13829c580;
    %load/vec4 v0x13847bb20_0;
    %nor/r;
    %flag_set/vec4 8;
    %jmp/0xz  T_152.0, 8;
    %pushi/vec4 0, 0, 5;
    %assign/vec4 v0x13847e3a0_0, 0;
    %jmp T_152.1;
T_152.0 ;
    %load/vec4 v0x13847cfe0_0;
    %load/vec4 v0x13847f7f0_0;
    %nor/r;
    %and;
    %flag_set/vec4 8;
    %jmp/0xz  T_152.2, 8;
    %load/vec4 v0x13847e430_0;
    %assign/vec4 v0x13847e3a0_0, 0;
T_152.2 ;
T_152.1 ;
    %jmp T_152;
    .thread T_152;
    .scope S_0x13844a7a0;
T_153 ;
    %wait E_0x13829c580;
    %load/vec4 v0x138489160_0;
    %flag_set/vec4 8;
    %jmp/0xz  T_153.0, 8;
    %load/vec4 v0x1384e55d0_0;
    %load/vec4 v0x1384891f0_0;
    %parti/s 1, 0, 2;
    %pad/u 3;
    %ix/vec4 3;
    %ix/load 4, 0, 0; Constant delay
    %assign/vec4/a/d v0x1384e56f0, 0, 4;
T_153.0 ;
    %jmp T_153;
    .thread T_153;
    .scope S_0x13844a7a0;
T_154 ;
    %wait E_0x13829c580;
    %load/vec4 v0x1384890d0_0;
    %nor/r;
    %flag_set/vec4 8;
    %jmp/0xz  T_154.0, 8;
    %pushi/vec4 0, 0, 2;
    %assign/vec4 v0x1384891f0_0, 0;
    %jmp T_154.1;
T_154.0 ;
    %load/vec4 v0x138489160_0;
    %flag_set/vec4 8;
    %jmp/0xz  T_154.2, 8;
    %load/vec4 v0x1384891f0_0;
    %addi 1, 0, 2;
    %assign/vec4 v0x1384891f0_0, 0;
T_154.2 ;
T_154.1 ;
    %jmp T_154;
    .thread T_154;
    .scope S_0x13844a7a0;
T_155 ;
    %wait E_0x13829c580;
    %load/vec4 v0x1384890d0_0;
    %nor/r;
    %flag_set/vec4 8;
    %jmp/0xz  T_155.0, 8;
    %pushi/vec4 0, 0, 2;
    %assign/vec4 v0x138496950_0, 0;
    %jmp T_155.1;
T_155.0 ;
    %load/vec4 v0x1384cfbc0_0;
    %flag_set/vec4 8;
    %jmp/0xz  T_155.2, 8;
    %load/vec4 v0x138496950_0;
    %addi 1, 0, 2;
    %assign/vec4 v0x138496950_0, 0;
T_155.2 ;
T_155.1 ;
    %jmp T_155;
    .thread T_155;
    .scope S_0x138525790;
T_156 ;
    %wait E_0x13845dd80;
    %load/vec4 v0x13843b3c0_0;
    %store/vec4 v0x13f7e4e60_0, 0, 1;
    %load/vec4 v0x13843b3c0_0;
    %dup/vec4;
    %pushi/vec4 0, 0, 1;
    %cmp/u;
    %jmp/1 T_156.0, 6;
    %dup/vec4;
    %pushi/vec4 1, 0, 1;
    %cmp/u;
    %jmp/1 T_156.1, 6;
    %jmp T_156.2;
T_156.0 ;
    %load/vec4 v0x138437f30_0;
    %flag_set/vec4 8;
    %jmp/0xz  T_156.3, 8;
    %pushi/vec4 1, 0, 1;
    %store/vec4 v0x13f7e4e60_0, 0, 1;
T_156.3 ;
    %jmp T_156.2;
T_156.1 ;
    %load/vec4 v0x13f7e4dd0_0;
    %nor/r;
    %flag_set/vec4 8;
    %jmp/0xz  T_156.5, 8;
    %pushi/vec4 0, 0, 1;
    %store/vec4 v0x13f7e4e60_0, 0, 1;
T_156.5 ;
    %jmp T_156.2;
T_156.2 ;
    %pop/vec4 1;
    %jmp T_156;
    .thread T_156, $push;
    .scope S_0x138525790;
T_157 ;
    %wait E_0x13829c580;
    %load/vec4 v0x13f7f2d90_0;
    %flag_set/vec4 8;
    %jmp/0xz  T_157.0, 8;
    %load/vec4 v0x13f7f2d00_0;
    %assign/vec4 v0x13f7e7060_0, 0;
T_157.0 ;
    %jmp T_157;
    .thread T_157;
    .scope S_0x138525790;
T_158 ;
    %wait E_0x13829c580;
    %load/vec4 v0x13f7c8b40_0;
    %nor/r;
    %flag_set/vec4 8;
    %jmp/0xz  T_158.0, 8;
    %pushi/vec4 0, 0, 1;
    %assign/vec4 v0x13f7e4dd0_0, 0;
    %jmp T_158.1;
T_158.0 ;
    %load/vec4 v0x13f7e72a0_0;
    %flag_set/vec4 8;
    %jmp/0xz  T_158.2, 8;
    %load/vec4 v0x13f7e7210_0;
    %assign/vec4 v0x13f7e4dd0_0, 0;
T_158.2 ;
T_158.1 ;
    %jmp T_158;
    .thread T_158;
    .scope S_0x138525790;
T_159 ;
    %wait E_0x13829c580;
    %load/vec4 v0x13f7c8a20_0;
    %assign/vec4 v0x13f7e70f0_0, 0;
    %jmp T_159;
    .thread T_159;
    .scope S_0x138525790;
T_160 ;
    %wait E_0x13829c580;
    %load/vec4 v0x13f7e70f0_0;
    %flag_set/vec4 8;
    %jmp/0xz  T_160.0, 8;
    %load/vec4 v0x138437ea0_0;
    %assign/vec4 v0x13f7f2be0_0, 0;
T_160.0 ;
    %jmp T_160;
    .thread T_160;
    .scope S_0x138525790;
T_161 ;
    %wait E_0x13829c580;
    %load/vec4 v0x13f7c8b40_0;
    %nor/r;
    %flag_set/vec4 8;
    %jmp/0xz  T_161.0, 8;
    %pushi/vec4 0, 0, 1;
    %assign/vec4 v0x13f7f2c70_0, 0;
    %jmp T_161.1;
T_161.0 ;
    %load/vec4 v0x13f7e70f0_0;
    %flag_set/vec4 8;
    %jmp/0xz  T_161.2, 8;
    %load/vec4 v0x138437f30_0;
    %load/vec4 v0x13f7e4dd0_0;
    %nor/r;
    %load/vec4 v0x13843b3c0_0;
    %pushi/vec4 1, 0, 1;
    %cmp/e;
    %flag_get/vec4 4;
    %and;
    %inv;
    %and;
    %assign/vec4 v0x13f7f2c70_0, 0;
T_161.2 ;
T_161.1 ;
    %jmp T_161;
    .thread T_161;
    .scope S_0x138525790;
T_162 ;
    %wait E_0x13829c580;
    %load/vec4 v0x13f7c8b40_0;
    %inv;
    %flag_set/vec4 8;
    %jmp/0xz  T_162.0, 8;
    %pushi/vec4 0, 0, 1;
    %assign/vec4 v0x13843b3c0_0, 0;
    %jmp T_162.1;
T_162.0 ;
    %load/vec4 v0x13f7e4e60_0;
    %assign/vec4 v0x13843b3c0_0, 0;
T_162.1 ;
    %jmp T_162;
    .thread T_162;
    .scope S_0x1383fb540;
T_163 ;
    %delay 10000, 0;
    %load/vec4 v0x13843e760_0;
    %inv;
    %assign/vec4 v0x13843e760_0, 0;
    %jmp T_163;
    .thread T_163;
    .scope S_0x1383fb540;
T_164 ;
    %pushi/vec4 0, 0, 1;
    %store/vec4 v0x13843e760_0, 0, 1;
    %pushi/vec4 0, 0, 1;
    %store/vec4 v0x13843e800_0, 0, 1;
    %delay 100000, 0;
    %pushi/vec4 1, 0, 1;
    %store/vec4 v0x13843e800_0, 0, 1;
    %delay 1000000, 0;
    %vpi_call/w 8 166 "$finish" {0 0 0};
    %end;
    .thread T_164;
    .scope S_0x1383fb1d0;
T_165 ;
    %wait E_0x1385850c0;
    %load/vec4 v0x1385858d0_0;
    %load/vec4 v0x138585830_0;
    %and;
    %flag_set/vec4 8;
    %jmp/0xz  T_165.0, 8;
    %load/vec4 v0x138585780_0;
    %load/vec4 v0x1385856f0_0;
    %pad/u 10;
    %ix/vec4 3;
    %ix/load 4, 0, 0; Constant delay
    %assign/vec4/a/d v0x138585190, 0, 4;
T_165.0 ;
    %jmp T_165;
    .thread T_165;
    .scope S_0x1383fb1d0;
T_166 ;
    %wait E_0x1385850c0;
    %load/vec4 v0x138585550_0;
    %flag_set/vec4 8;
    %jmp/0xz  T_166.0, 8;
    %load/vec4 v0x138585220_0;
    %pad/u 10;
    %ix/vec4 4;
    %load/vec4a v0x138585190, 4;
    %assign/vec4 v0x138585360_0, 0;
T_166.0 ;
    %jmp T_166;
    .thread T_166;
    .scope S_0x1383fb1d0;
T_167 ;
    %wait E_0x138585080;
    %load/vec4 v0x1385855e0_0;
    %inv;
    %flag_set/vec4 8;
    %jmp/0xz  T_167.0, 8;
    %pushi/vec4 0, 0, 1;
    %assign/vec4 v0x1385854c0_0, 0;
    %jmp T_167.1;
T_167.0 ;
    %load/vec4 v0x138585550_0;
    %assign/vec4 v0x1385854c0_0, 0;
T_167.1 ;
    %jmp T_167;
    .thread T_167;
    .scope S_0x1383fb1d0;
T_168 ;
    %end;
    .thread T_168;
    .scope S_0x13858bd20;
T_169 ;
    %wait E_0x13858bef0;
    %load/vec4 v0x13858ce90_0;
    %flag_set/vec4 8;
    %jmp/0xz  T_169.0, 8;
    %load/vec4 v0x13858d250_0;
    %load/vec4 v0x13858cf30_0;
    %parti/s 4, 0, 2;
    %pad/u 6;
    %ix/vec4 3;
    %ix/load 4, 0, 0; Constant delay
    %assign/vec4/a/d v0x13858cca0, 0, 4;
T_169.0 ;
    %jmp T_169;
    .thread T_169;
    .scope S_0x13858bd20;
T_170 ;
    %wait E_0x13858bef0;
    %load/vec4 v0x13858d690_0;
    %nor/r;
    %flag_set/vec4 8;
    %jmp/0xz  T_170.0, 8;
    %pushi/vec4 0, 0, 5;
    %assign/vec4 v0x13858cf30_0, 0;
    %jmp T_170.1;
T_170.0 ;
    %load/vec4 v0x13858ce90_0;
    %flag_set/vec4 8;
    %jmp/0xz  T_170.2, 8;
    %load/vec4 v0x13858cf30_0;
    %addi 1, 0, 5;
    %assign/vec4 v0x13858cf30_0, 0;
T_170.2 ;
T_170.1 ;
    %jmp T_170;
    .thread T_170;
    .scope S_0x13858bd20;
T_171 ;
    %wait E_0x13858bef0;
    %load/vec4 v0x13858d690_0;
    %nor/r;
    %flag_set/vec4 8;
    %jmp/0xz  T_171.0, 8;
    %pushi/vec4 0, 0, 5;
    %assign/vec4 v0x13858cde0_0, 0;
    %jmp T_171.1;
T_171.0 ;
    %load/vec4 v0x13858cd40_0;
    %flag_set/vec4 8;
    %jmp/0xz  T_171.2, 8;
    %load/vec4 v0x13858cde0_0;
    %addi 1, 0, 5;
    %assign/vec4 v0x13858cde0_0, 0;
T_171.2 ;
T_171.1 ;
    %jmp T_171;
    .thread T_171;
    .scope S_0x13858e4a0;
T_172 ;
    %wait E_0x13858bef0;
    %load/vec4 v0x13858f5b0_0;
    %flag_set/vec4 8;
    %jmp/0xz  T_172.0, 8;
    %load/vec4 v0x13858f970_0;
    %load/vec4 v0x13858f650_0;
    %parti/s 4, 0, 2;
    %pad/u 6;
    %ix/vec4 3;
    %ix/load 4, 0, 0; Constant delay
    %assign/vec4/a/d v0x13858f3c0, 0, 4;
T_172.0 ;
    %jmp T_172;
    .thread T_172;
    .scope S_0x13858e4a0;
T_173 ;
    %wait E_0x13858bef0;
    %load/vec4 v0x13858fdb0_0;
    %nor/r;
    %flag_set/vec4 8;
    %jmp/0xz  T_173.0, 8;
    %pushi/vec4 0, 0, 5;
    %assign/vec4 v0x13858f650_0, 0;
    %jmp T_173.1;
T_173.0 ;
    %load/vec4 v0x13858f5b0_0;
    %flag_set/vec4 8;
    %jmp/0xz  T_173.2, 8;
    %load/vec4 v0x13858f650_0;
    %addi 1, 0, 5;
    %assign/vec4 v0x13858f650_0, 0;
T_173.2 ;
T_173.1 ;
    %jmp T_173;
    .thread T_173;
    .scope S_0x13858e4a0;
T_174 ;
    %wait E_0x13858bef0;
    %load/vec4 v0x13858fdb0_0;
    %nor/r;
    %flag_set/vec4 8;
    %jmp/0xz  T_174.0, 8;
    %pushi/vec4 0, 0, 5;
    %assign/vec4 v0x13858f500_0, 0;
    %jmp T_174.1;
T_174.0 ;
    %load/vec4 v0x13858f460_0;
    %flag_set/vec4 8;
    %jmp/0xz  T_174.2, 8;
    %load/vec4 v0x13858f500_0;
    %addi 1, 0, 5;
    %assign/vec4 v0x13858f500_0, 0;
T_174.2 ;
T_174.1 ;
    %jmp T_174;
    .thread T_174;
    .scope S_0x138590bc0;
T_175 ;
    %wait E_0x13858bef0;
    %load/vec4 v0x138591cd0_0;
    %flag_set/vec4 8;
    %jmp/0xz  T_175.0, 8;
    %load/vec4 v0x138592090_0;
    %load/vec4 v0x138591d70_0;
    %parti/s 4, 0, 2;
    %pad/u 6;
    %ix/vec4 3;
    %ix/load 4, 0, 0; Constant delay
    %assign/vec4/a/d v0x138591ae0, 0, 4;
T_175.0 ;
    %jmp T_175;
    .thread T_175;
    .scope S_0x138590bc0;
T_176 ;
    %wait E_0x13858bef0;
    %load/vec4 v0x1385924f0_0;
    %nor/r;
    %flag_set/vec4 8;
    %jmp/0xz  T_176.0, 8;
    %pushi/vec4 0, 0, 5;
    %assign/vec4 v0x138591d70_0, 0;
    %jmp T_176.1;
T_176.0 ;
    %load/vec4 v0x138591cd0_0;
    %flag_set/vec4 8;
    %jmp/0xz  T_176.2, 8;
    %load/vec4 v0x138591d70_0;
    %addi 1, 0, 5;
    %assign/vec4 v0x138591d70_0, 0;
T_176.2 ;
T_176.1 ;
    %jmp T_176;
    .thread T_176;
    .scope S_0x138590bc0;
T_177 ;
    %wait E_0x13858bef0;
    %load/vec4 v0x1385924f0_0;
    %nor/r;
    %flag_set/vec4 8;
    %jmp/0xz  T_177.0, 8;
    %pushi/vec4 0, 0, 5;
    %assign/vec4 v0x138591c20_0, 0;
    %jmp T_177.1;
T_177.0 ;
    %load/vec4 v0x138591b80_0;
    %flag_set/vec4 8;
    %jmp/0xz  T_177.2, 8;
    %load/vec4 v0x138591c20_0;
    %addi 1, 0, 5;
    %assign/vec4 v0x138591c20_0, 0;
T_177.2 ;
T_177.1 ;
    %jmp T_177;
    .thread T_177;
    .scope S_0x138593310;
T_178 ;
    %wait E_0x13858bef0;
    %load/vec4 v0x138594420_0;
    %flag_set/vec4 8;
    %jmp/0xz  T_178.0, 8;
    %load/vec4 v0x1385947e0_0;
    %load/vec4 v0x1385944c0_0;
    %parti/s 4, 0, 2;
    %pad/u 6;
    %ix/vec4 3;
    %ix/load 4, 0, 0; Constant delay
    %assign/vec4/a/d v0x138594230, 0, 4;
T_178.0 ;
    %jmp T_178;
    .thread T_178;
    .scope S_0x138593310;
T_179 ;
    %wait E_0x13858bef0;
    %load/vec4 v0x138594c00_0;
    %nor/r;
    %flag_set/vec4 8;
    %jmp/0xz  T_179.0, 8;
    %pushi/vec4 0, 0, 5;
    %assign/vec4 v0x1385944c0_0, 0;
    %jmp T_179.1;
T_179.0 ;
    %load/vec4 v0x138594420_0;
    %flag_set/vec4 8;
    %jmp/0xz  T_179.2, 8;
    %load/vec4 v0x1385944c0_0;
    %addi 1, 0, 5;
    %assign/vec4 v0x1385944c0_0, 0;
T_179.2 ;
T_179.1 ;
    %jmp T_179;
    .thread T_179;
    .scope S_0x138593310;
T_180 ;
    %wait E_0x13858bef0;
    %load/vec4 v0x138594c00_0;
    %nor/r;
    %flag_set/vec4 8;
    %jmp/0xz  T_180.0, 8;
    %pushi/vec4 0, 0, 5;
    %assign/vec4 v0x138594370_0, 0;
    %jmp T_180.1;
T_180.0 ;
    %load/vec4 v0x1385942d0_0;
    %flag_set/vec4 8;
    %jmp/0xz  T_180.2, 8;
    %load/vec4 v0x138594370_0;
    %addi 1, 0, 5;
    %assign/vec4 v0x138594370_0, 0;
T_180.2 ;
T_180.1 ;
    %jmp T_180;
    .thread T_180;
    .scope S_0x13859c7f0;
T_181 ;
    %wait E_0x13858bef0;
    %load/vec4 v0x13859d8d0_0;
    %flag_set/vec4 8;
    %jmp/0xz  T_181.0, 8;
    %load/vec4 v0x13859dd10_0;
    %load/vec4 v0x13859d970_0;
    %parti/s 4, 0, 2;
    %pad/u 6;
    %ix/vec4 3;
    %ix/load 4, 0, 0; Constant delay
    %assign/vec4/a/d v0x13859d6e0, 0, 4;
T_181.0 ;
    %jmp T_181;
    .thread T_181;
    .scope S_0x13859c7f0;
T_182 ;
    %wait E_0x13858bef0;
    %load/vec4 v0x13859e100_0;
    %nor/r;
    %flag_set/vec4 8;
    %jmp/0xz  T_182.0, 8;
    %pushi/vec4 0, 0, 5;
    %assign/vec4 v0x13859d970_0, 0;
    %jmp T_182.1;
T_182.0 ;
    %load/vec4 v0x13859d8d0_0;
    %flag_set/vec4 8;
    %jmp/0xz  T_182.2, 8;
    %load/vec4 v0x13859d970_0;
    %addi 1, 0, 5;
    %assign/vec4 v0x13859d970_0, 0;
T_182.2 ;
T_182.1 ;
    %jmp T_182;
    .thread T_182;
    .scope S_0x13859c7f0;
T_183 ;
    %wait E_0x13858bef0;
    %load/vec4 v0x13859e100_0;
    %nor/r;
    %flag_set/vec4 8;
    %jmp/0xz  T_183.0, 8;
    %pushi/vec4 0, 0, 5;
    %assign/vec4 v0x13859d820_0, 0;
    %jmp T_183.1;
T_183.0 ;
    %load/vec4 v0x13859d780_0;
    %flag_set/vec4 8;
    %jmp/0xz  T_183.2, 8;
    %load/vec4 v0x13859d820_0;
    %addi 1, 0, 5;
    %assign/vec4 v0x13859d820_0, 0;
T_183.2 ;
T_183.1 ;
    %jmp T_183;
    .thread T_183;
    .scope S_0x1384ba4b0;
T_184 ;
    %wait E_0x138589eb0;
    %load/vec4 v0x1385a0500_0;
    %inv;
    %flag_set/vec4 8;
    %jmp/0xz  T_184.0, 8;
    %pushi/vec4 0, 0, 16;
    %assign/vec4 v0x13859f9a0_0, 0;
    %jmp T_184.1;
T_184.0 ;
    %load/vec4 v0x1385a01f0_0;
    %flag_set/vec4 8;
    %jmp/0xz  T_184.2, 8;
    %pushi/vec4 0, 0, 16;
    %assign/vec4 v0x13859f9a0_0, 0;
    %jmp T_184.3;
T_184.2 ;
    %load/vec4 v0x13859f9a0_0;
    %load/vec4 v0x13859fac0_0;
    %pad/u 16;
    %add;
    %assign/vec4 v0x13859f9a0_0, 0;
T_184.3 ;
T_184.1 ;
    %jmp T_184;
    .thread T_184;
    .scope S_0x1384b9410;
T_185 ;
    %wait E_0x1385a0700;
    %load/vec4 v0x1385a0e30_0;
    %flag_set/vec4 8;
    %jmp/0xz  T_185.0, 8;
    %load/vec4 v0x1385a1210_0;
    %flag_set/vec4 8;
    %jmp/0 T_185.2, 8;
    %load/vec4 v0x1385a1160_0;
    %jmp/1 T_185.3, 8;
T_185.2 ; End of true expr.
    %load/vec4 v0x1385a0940_0;
    %jmp/0 T_185.3, 8;
 ; End of false expr.
    %blend;
T_185.3;
    %assign/vec4 v0x1385a0c80_0, 0;
T_185.0 ;
    %jmp T_185;
    .thread T_185;
    .scope S_0x1384b9410;
T_186 ;
    %wait E_0x1385a06a0;
    %load/vec4 v0x1385a13a0_0;
    %inv;
    %flag_set/vec4 8;
    %jmp/0xz  T_186.0, 8;
    %pushi/vec4 0, 0, 1;
    %assign/vec4 v0x1385a0d90_0, 0;
    %jmp T_186.1;
T_186.0 ;
    %load/vec4 v0x1385a09d0_0;
    %load/vec4 v0x1385a0f80_0;
    %or;
    %flag_set/vec4 8;
    %jmp/0xz  T_186.2, 8;
    %load/vec4 v0x1385a1210_0;
    %load/vec4 v0x1385a09d0_0;
    %or;
    %assign/vec4 v0x1385a0d90_0, 0;
T_186.2 ;
T_186.1 ;
    %jmp T_186;
    .thread T_186;
# The file index is used to find the file name in the following table.
:file_names 26;
    "N/A";
    "<interactive>";
    "-";
    "asyn_fifo.v";
    "bin2gray_converter.v";
    "gray2bin_converter.v";
    "axi4_ctrl.v";
    "skid_buffer.v";
    "axi_interconnect_tb.v";
    "axi_interconnect.v";
    "ai_dispatcher.v";
    "dsp_read_channel.v";
    "dsp_Ax_channel.v";
    "fifo.v";
    "dsp_R_channel.v";
    "sb_fifo.v";
    "dsp_write_channel.v";
    "dsp_B_channel.v";
    "dsp_W_channel.v";
    "onehot_decoder.v";
    "mem.v";
    "priority_encoder.v";
    "reorder_buffer.v";
    "sync_fifo.v";
    "onehot_encoder.v";
    "splitter.v";
